mtllib fasting-buddha.mtl
v -1.8746 28.4782 -11.0445
v -1.1787 29.1977 -10.6932
v -0.1921 28.9793 -10.7144
v 1.6563 28.4304 -10.8824
v 1.1340 29.4021 -10.5194
v 3.1993 29.4880 -10.3111
v 5.3823 28.5712 -10.5360
v -2.0313 29.8597 -10.5998
v -3.9045 29.5160 -10.7537
v -4.9393 28.3338 -11.1840
v -5.6555 29.2874 -10.8209
v -7.1444 28.6112 -11.0358
v -7.0736 29.8502 -10.6356
v -0.3499 29.8516 -10.4895
v 1.5814 30.6662 -10.1438
v -5.4023 30.4592 -10.5423
v -7.2090 31.5235 -10.2451
v -3.5239 31.0370 -10.4367
v -1.2034 31.4907 -10.2418
v 1.1091 32.4047 -9.8156
v -0.8598 33.3309 -9.7798
v -2.8467 32.9802 -10.0741
v -2.8934 31.9745 -10.2866
v -4.0851 32.3944 -10.2393
v -4.2382 33.2183 -10.0859
v -5.2016 31.7408 -10.3150
v -5.7303 33.2408 -9.9614
v -7.7404 33.2249 -9.8026
v 0.9005 33.7946 -9.4138
v 2.9271 31.7806 -9.6723
v 4.3123 30.6455 -9.6911
v -8.2008 30.3358 -10.4276
v -9.1297 29.2986 -10.6439
v -8.8599 32.4259 -9.8687
v -2.5746 34.1762 -9.6049
v -4.1978 33.9852 -9.7822
v 3.0874 33.3453 -9.1871
v -5.4459 34.4495 -9.5356
v -9.5884 30.9715 -10.0491
v -9.3756 33.7730 -9.4068
v 5.3522 29.5754 -9.9605
v 7.1093 29.1965 -9.9052
v 4.5487 32.0236 -9.2180
v 4.9917 33.0970 -8.8018
v 4.6697 34.0286 -8.5871
v -7.4572 34.8469 -9.1437
v 3.5107 34.7540 -8.5174
v 1.7686 34.7719 -8.7934
v -9.9819 35.0624 -8.8227
v -0.8051 34.9103 -8.9914
v -9.2310 27.9278 -11.3415
v 5.8864 31.2376 -9.0562
v 6.9759 30.1913 -9.2726
v -11.8054 29.6986 -10.0174
v 6.2045 32.3258 -8.5966
v -6.9918 27.5178 -11.6441
v 7.6565 31.3494 -8.4323
v -11.1280 28.3971 -10.9050
v -10.5091 32.5624 -9.4791
v 0.0357 27.0717 -11.7553
v 4.2475 27.4183 -11.3140
v -3.9892 27.0597 -11.9452
v 7.7089 27.5374 -11.0069
v 8.5330 28.4488 -10.2839
v -9.4676 36.1023 -8.2977
v 3.0255 26.5177 -11.9193
v 0.7272 26.0748 -12.3272
v 5.4350 26.5938 -11.7321
v 6.4218 27.0655 -11.4072
v 2.9872 25.6027 -12.3745
v 0.7317 25.4041 -12.6584
v -1.7234 25.5035 -12.8274
v -0.1670 25.0435 -12.8830
v -1.3123 24.4837 -13.2172
v 1.2717 24.5927 -12.9256
v 4.0164 24.5739 -12.6994
v 6.0641 25.5577 -12.1608
v 6.3956 24.0596 -12.7404
v 7.9822 24.8776 -12.2743
v 8.6126 25.5453 -11.9694
v 4.4467 26.1351 -12.0393
v 8.0744 26.4474 -11.6006
v 9.0555 23.9502 -12.5249
v 9.5869 24.9080 -12.1086
v 4.4062 23.6169 -13.0904
v 2.6509 23.7068 -13.1976
v 1.0369 23.6333 -13.3753
v -0.2388 23.8350 -13.3959
v 10.9355 25.4694 -11.7477
v -3.1173 24.7621 -13.2850
v -4.3080 25.1638 -13.2292
v -4.8880 24.3557 -13.6412
v -3.2317 24.0606 -13.5942
v -6.9925 24.9977 -13.5302
v -6.8916 23.5946 -14.1541
v -4.5530 23.2386 -14.1063
v -9.7454 23.9240 -14.2123
v -8.7762 22.7039 -14.6409
v -6.5872 22.0859 -14.7649
v -9.1125 24.9719 -13.7222
v -10.6827 24.9928 -13.7852
v -3.6264 21.9292 -14.6365
v -2.0597 23.2306 -13.8793
v -5.2015 20.6899 -15.2394
v -2.3755 20.4971 -15.1380
v -1.2429 21.9073 -14.4823
v -0.0828 22.9401 -13.8529
v 0.0742 20.8997 -14.8350
v 0.5179 22.0207 -14.3045
v 2.2197 21.5439 -14.3811
v 1.6209 22.7991 -13.7792
v 5.4151 22.8339 -13.4328
v 4.4291 21.7606 -14.0997
v 3.4584 22.7396 -13.6461
v 6.1162 21.9480 -13.8661
v 5.6953 20.8260 -14.4047
v 3.7192 20.5234 -14.6776
v 7.4765 21.4552 -13.9949
v -11.6823 24.3089 -14.1959
v 10.6905 26.7851 -11.1768
v 13.7268 25.8938 -11.2758
v 7.7103 22.7256 -13.2834
v -8.9526 21.8359 -14.9848
v 1.6669 20.0420 -14.9874
v -0.5289 19.6271 -15.2771
v 10.0899 22.9369 -12.8818
v -12.6941 24.8979 -13.9445
v -13.5139 24.1092 -14.3834
v -14.0492 24.6938 -14.1312
v -12.1400 23.5064 -14.5291
v -15.5911 24.4588 -14.2473
v 7.2365 20.5032 -14.3810
v 8.7516 20.7775 -14.1385
v 9.6578 21.7980 -13.5611
v 11.4793 22.3190 -13.0329
v -12.1931 21.9701 -15.0227
v -14.7939 23.7769 -14.5817
v -8.7073 20.5746 -15.4248
v 10.6043 23.6232 -12.4660
v 12.2835 23.2978 -12.4198
v 11.0880 24.3817 -12.1240
v 13.0810 24.5598 -11.8329
v 11.7920 24.8152 -11.8922
v 15.3914 24.6963 -11.5139
v 10.7495 20.7854 -13.8325
v 11.6914 21.5902 -13.3777
v -14.0163 23.1990 -14.7413
v -1.1402 26.2561 -12.3720
v -2.6464 26.1306 -12.5716
v -4.7168 25.9660 -12.7914
v -7.0773 25.8348 -13.0503
v 12.8049 27.3015 -10.6359
v 10.2527 27.7150 -10.6620
v 15.8888 26.7409 -10.6544
v 16.5376 25.4631 -11.1570
v 17.7551 26.0251 -10.8457
v 18.0193 26.7000 -10.4440
v -16.1521 23.4393 -14.7243
v -18.4612 24.1371 -14.4402
v 13.8073 22.0719 -12.7384
v 15.8119 23.3755 -11.8495
v -6.2432 19.7092 -15.6190
v -7.9499 19.2450 -15.8427
v -4.1213 19.5318 -15.5466
v -2.3053 19.3006 -15.4829
v -9.3370 19.6247 -15.7915
v -10.5785 19.7674 -15.7611
v -12.7112 19.3915 -15.9243
v -11.9620 20.3018 -15.5755
v -15.6060 19.8107 -15.7396
v -14.3339 19.2375 -15.9927
v -13.6247 18.9010 -16.1407
v -12.2916 18.7255 -16.1948
v -10.2375 18.8958 -16.0612
v -11.2526 18.0998 -16.3820
v -15.0439 18.8101 -16.1577
v -16.3441 18.8104 -16.1234
v -9.8141 18.1786 -16.2867
v -7.8323 18.0988 -16.1616
v -13.4368 18.2262 -16.3779
v -16.3767 17.8677 -16.4745
v -11.7722 16.8568 -16.7965
v -9.8177 17.6797 -16.4374
v -16.7985 16.0473 -17.2851
v -13.6986 14.9379 -17.7026
v -9.0476 15.0055 -17.4396
v -7.2618 16.4184 -16.6854
v -5.2440 15.6398 -16.8910
v -4.2938 16.4028 -16.4609
v -2.4528 15.8478 -16.5879
v -1.7241 16.7772 -16.0945
v -0.1185 15.9512 -16.3454
v 2.0810 16.4509 -15.9085
v -5.4048 17.2208 -16.2287
v -8.3819 17.2416 -16.4636
v -11.9957 13.8679 -18.1583
v -10.1582 14.0811 -17.9545
v -14.2431 13.7929 -18.2845
v -15.2495 14.0768 -18.1815
v -13.8085 12.9231 -18.6917
v -16.7330 14.4724 -18.0658
v -18.7784 14.9923 -17.9082
v -16.2122 12.8724 -18.7490
v -18.1246 13.6799 -18.5139
v -18.3347 14.3454 -18.2342
v -19.8519 14.0704 -18.4272
v -14.0691 11.3537 -19.3183
v -20.2659 14.9173 -18.0284
v -21.6915 14.6319 -18.2514
v -22.3987 13.2416 -18.8548
v -23.7461 14.2831 -18.5309
v -24.1609 13.4864 -18.8673
v -25.8970 13.8130 -18.7286
v -19.5995 12.5046 -18.9580
v -12.2046 12.5593 -18.8512
v 0.6481 17.7987 -15.5607
v -3.1420 17.8825 -15.8375
v -5.4869 17.9111 -16.0131
v -3.2797 18.7082 -15.6705
v -1.2828 18.6048 -15.5413
v 0.8391 18.9294 -15.3138
v -5.4544 18.6699 -15.8336
v 3.4791 18.9973 -15.0387
v 3.9127 17.4483 -15.3015
v 4.9808 16.4701 -15.5725
v -5.7781 14.8185 -17.3444
v -3.4345 14.9975 -17.1068
v -16.1079 11.5626 -19.2298
v 6.3645 17.1347 -15.0612
v -0.6470 15.0519 -16.8823
v -19.3261 17.1151 -16.7401
v -20.8630 15.8614 -17.4535
v -9.0198 13.8382 -18.0554
v -6.9874 13.9869 -17.8801
v 1.6636 15.4988 -16.4540
v 4.7478 15.3338 -16.2903
v 1.9809 14.5355 -16.9721
v -10.5344 13.2841 -18.4257
v -10.2476 12.0220 -19.0899
v -9.2618 13.0128 -18.5557
v -8.1636 12.5208 -18.8067
v -7.5129 11.5192 -19.2540
v -6.7379 12.3611 -18.8358
v -6.8998 13.0606 -18.4385
v -8.0879 13.3014 -18.3468
v -5.3313 12.1225 -18.8546
v -4.9741 11.0890 -19.3087
v -3.0351 12.0601 -18.6932
v -7.1357 10.3959 -19.6538
v -1.9472 10.8044 -19.2262
v -0.3036 12.1426 -18.4161
v -9.8870 10.5148 -19.6381
v -11.7794 11.1534 -19.4660
v -12.1427 11.7561 -19.2468
v -4.9799 9.8564 -19.7143
v -2.2248 9.3674 -19.7494
v 0.2034 9.9994 -19.4602
v 1.5660 11.1346 -18.8317
v 2.9076 9.7253 -19.3799
v 4.2986 10.7936 -18.8134
v 4.9044 9.8904 -19.2009
v 3.2304 11.4362 -18.5523
v 6.5518 10.1138 -18.8910
v 6.1615 11.5575 -18.2132
v 8.3769 11.0717 -18.2137
v 7.7710 12.0413 -17.7937
v 9.0244 12.1050 -17.6402
v 8.3100 12.7219 -17.4102
v 6.7143 12.6798 -17.5768
v 7.6582 13.5620 -17.0610
v 10.2490 13.0159 -17.1120
v 5.4045 13.5050 -17.2730
v 4.7020 12.5049 -17.8337
v 10.2965 11.5230 -17.7845
v 4.2572 11.6853 -18.3214
v 2.7565 13.3608 -17.5327
v 1.3474 12.5845 -18.0327
v 0.4952 13.2150 -17.7706
v -0.1756 14.0313 -17.3989
v 1.2354 13.8357 -17.3971
v -2.4073 14.1232 -17.5138
v -4.6660 14.1288 -17.6613
v -1.6058 13.1374 -17.9861
v -4.0511 13.1235 -18.1944
v -5.7300 12.8009 -18.5179
v 4.2311 14.2708 -16.9589
v 6.2130 14.3442 -16.7738
v 9.0558 14.7507 -16.3193
v 1.2954 12.0011 -18.3614
v 2.7269 12.1128 -18.1970
v -5.6491 13.4369 -18.1282
v 13.1866 11.5673 -17.4653
v 13.0295 13.2161 -16.8348
v 11.7351 14.1558 -16.5219
v 14.2221 14.0374 -16.4081
v 12.9269 14.6831 -16.1905
v 11.1645 10.6544 -18.0549
v 16.1146 12.8805 -16.6649
v 16.5524 14.0303 -16.2031
v 9.8153 10.4615 -18.3022
v 8.6301 9.6944 -18.7594
v 15.2915 14.8111 -15.9245
v 17.8282 14.5521 -15.8372
v 19.2752 13.5484 -16.0760
v 20.0729 14.5484 -15.5773
v 22.0604 13.8115 -15.6278
v 11.4140 14.7863 -16.2181
v 22.3591 14.7482 -15.1765
v 12.1180 10.1602 -18.1307
v 13.7123 9.8846 -18.0407
v 15.5513 10.5791 -17.5729
v 16.8043 11.4326 -17.0875
v 16.9890 15.0572 -15.6469
v 10.5047 9.3037 -18.5537
v 18.3044 15.0617 -15.5095
v 19.8351 11.7490 -16.5229
v 21.9204 12.7885 -15.9812
v 23.2955 13.1775 -15.6592
v 17.3280 10.5635 -17.3189
v 15.4873 9.5638 -17.9123
v 16.8105 9.9705 -17.5954
v -16.8649 21.3936 -15.2458
v -18.3195 22.6479 -14.9633
v -20.1334 23.3437 -14.8082
v -20.7323 24.1430 -14.4947
v -19.8165 18.3000 -16.1521
v -17.8555 18.8486 -16.0333
v 18.6475 10.7659 -17.0271
v -18.3124 19.4357 -15.7745
v 7.3556 8.9719 -19.1553
v -17.7561 11.3320 -19.2568
v 24.6106 13.6354 -15.2192
v 24.4615 15.1739 -14.6412
v 26.3269 14.5734 -14.5487
v 19.8493 15.3635 -15.1471
v 22.1577 15.7299 -14.6534
v 4.7934 19.9539 -14.7510
v 5.3215 8.9325 -19.3846
v -19.7171 19.1841 -15.7932
v 7.8497 16.1247 -15.4932
v 12.8761 21.0333 -13.3652
v -19.2944 20.1947 -15.4841
v -25.2126 15.0289 -18.0959
v -26.8481 14.6911 -18.3309
v -27.3361 14.1847 -18.6051
v 18.4995 25.1308 -11.0246
v -9.0498 25.7087 -13.2303
v 19.2749 25.9688 -10.5902
v 20.1813 24.9548 -10.7920
v -21.8687 23.3313 -14.7249
v -15.5537 22.5092 -14.9781
v -22.3409 19.5579 -15.4497
v -22.4853 17.5610 -16.3095
v 17.4240 24.2333 -11.3668
v 5.7249 18.1511 -14.8581
v 6.3108 19.4455 -14.6250
v -23.1690 15.2427 -17.9370
v 0.4546 8.8866 -19.7401
v 2.8740 8.3599 -19.6604
v 2.5418 35.4013 -8.3020
v 20.9936 25.7828 -10.2739
v 21.5388 24.7931 -10.5552
v 12.1620 9.0534 -18.4109
v 22.3134 25.2802 -10.1682
v 14.3897 8.9821 -18.1940
v 8.7827 17.1819 -14.7236
v 7.1986 17.7189 -14.6861
v 8.2302 17.9834 -14.4597
v 9.9100 18.0106 -14.2045
v 10.9201 17.2516 -14.4063
v 11.5790 17.6631 -14.0495
v 11.7310 18.5306 -13.6949
v 13.2312 17.9599 -13.6017
v 13.5222 18.8387 -13.1738
v 11.6030 17.3295 -14.2428
v 12.5678 17.2277 -14.2393
v 16.1496 22.2519 -12.1636
v 17.6209 22.5803 -11.7291
v -12.2786 10.3740 -19.6676
v -16.3022 10.7790 -19.4341
v -4.2819 35.3832 -8.9003
v 14.4109 21.2374 -12.9041
v 15.5713 21.6018 -12.4883
v 9.5226 20.1594 -14.1781
v 18.5681 9.7587 -17.3043
v 14.7960 18.4862 -12.9872
v 13.2822 8.7457 -18.3381
v 18.6780 23.3710 -11.3286
v 17.3596 23.6065 -11.5098
v 11.6483 16.3943 -15.0017
v -22.4878 11.7840 -19.1879
v -23.1571 12.5149 -19.0836
v -24.5870 12.4312 -19.0549
v -15.6046 9.9483 -19.6352
v -13.7442 9.8885 -19.7167
v 10.0735 15.6642 -15.6480
v -20.2152 25.0261 -13.9035
v 26.3587 15.9136 -13.7655
v 28.0972 14.6578 -14.0659
v 28.3241 15.8472 -13.3771
v 14.7556 17.8664 -13.3895
v 16.1885 18.1262 -12.9452
v 16.2724 18.8223 -12.5222
v 17.9414 18.6538 -12.2859
v 17.5335 19.4286 -12.0870
v 19.9124 19.5949 -11.5181
v 20.0019 18.5475 -12.0042
v 5.1055 35.0057 -7.9561
v 24.0334 16.0794 -14.1236
v -19.5012 21.4712 -15.1900
v -20.7787 22.3205 -15.0062
v -2.2543 26.5551 -12.2384
v -3.4344 26.4070 -12.4207
v 21.9872 19.0800 -11.1718
v 22.2020 20.0573 -10.7171
v -24.4038 16.2441 -17.0850
v 27.3462 12.9962 -14.7538
v -20.3793 10.5361 -19.3841
v -17.7540 9.8776 -19.5645
v -16.4926 9.3190 -19.7273
v 9.5144 29.2874 -9.4110
v 18.6381 18.1617 -12.5141
v 17.5793 18.0296 -12.7914
v 19.2151 24.2788 -11.0939
v -22.6406 24.6340 -13.9862
v -23.7382 23.1639 -14.5813
v -25.2677 24.1777 -13.9590
v 8.2177 19.8842 -14.3722
v 12.2909 15.2942 -15.8030
v 16.1587 15.6632 -15.2635
v -7.3930 36.9284 -7.7431
v 22.2388 11.7805 -16.1422
v 9.4171 30.3924 -8.4490
v 11.5673 29.6730 -8.5209
v -11.7291 36.0709 -8.0348
v 23.9618 12.0906 -15.7557
v -8.3154 9.3029 -19.8733
v -11.6744 9.3482 -19.8476
v -21.4224 21.0521 -15.1885
v -17.6841 25.7965 -13.2152
v -14.4266 25.3466 -13.6586
v 15.3924 19.5389 -12.6300
v 25.8043 11.8923 -15.3564
v 25.0405 11.7084 -15.6203
v 1.2403 36.2024 -7.7923
v 17.1238 27.3962 -10.0407
v 12.2215 20.3316 -13.6359
v 13.1961 20.5356 -13.4044
v 7.1409 18.3991 -14.5671
v 8.7011 8.4111 -18.9806
v -23.0527 20.9987 -15.0657
v -22.6162 22.1149 -14.9316
v -27.0788 12.5055 -18.9274
v -27.9200 13.4864 -18.6819
v -13.6820 28.3371 -10.6152
v 17.5460 21.6710 -11.9362
v -1.9498 36.4665 -7.9272
v 3.5736 35.7596 -7.8098
v 5.2743 36.1553 -7.1302
v -11.9066 25.8674 -13.1700
v 13.9774 20.7260 -13.1399
v 29.8716 14.9319 -13.3085
v 29.4537 12.9021 -14.1471
v 30.9928 13.1217 -13.5120
v 20.7089 24.0144 -10.8550
v 19.1838 16.3455 -14.4646
v 15.3156 16.8216 -14.3632
v -10.5431 37.2967 -7.3833
v -9.2215 37.8899 -6.9749
v -12.3209 37.1133 -7.3765
v -7.3308 26.5132 -12.4775
v -9.9114 26.4704 -12.5754
v 14.2558 17.4447 -13.8689
v 15.7976 17.5132 -13.6169
v 6.7955 35.3498 -7.2380
v 6.7677 36.5019 -6.5397
v 8.6176 36.1604 -6.2713
v 6.3211 33.8343 -8.0743
v -14.7655 8.7788 -19.8252
v 8.2239 34.3498 -7.1097
v 19.3349 22.3207 -11.3804
v 20.9698 22.9694 -10.8900
v -9.1116 27.0789 -11.9810
v -11.8020 27.1800 -11.8845
v -14.5045 26.3836 -12.6838
v -25.3331 22.5718 -14.4782
v 14.5256 28.1174 -9.7055
v 11.2823 28.3121 -10.0465
v -4.4089 36.9632 -7.6832
v -14.1396 37.0212 -7.0498
v -22.7388 10.3994 -19.3905
v 22.1419 16.5657 -13.9275
v 17.8359 17.2556 -13.6780
v 20.2407 17.0411 -13.6487
v 7.9528 32.7272 -7.7756
v -25.0178 18.7211 -15.2355
v -25.0807 17.4232 -15.9910
v -24.7612 20.0199 -14.9201
v -24.4781 10.7703 -19.2632
v -1.9132 8.2656 -19.8871
v 7.3319 37.4476 -5.6967
v 9.3870 37.5882 -5.1187
v 5.4605 37.2886 -6.1849
v -24.1322 21.7985 -14.8109
v -13.5727 35.3950 -7.9285
v -11.7348 34.1800 -8.7562
v 11.2407 8.3855 -18.5912
v -5.3801 8.3371 -19.9094
v 7.6861 38.5506 -4.7539
v 8.9093 38.7473 -4.3494
v 5.8178 38.4384 -5.1547
v 3.5403 36.9001 -6.8451
v 23.8341 19.6569 -10.2332
v 23.7029 18.6854 -10.9262
v 19.4141 27.1540 -9.6391
v 27.6720 16.4400 -13.0502
v -12.5734 37.8688 -6.7702
v -11.7721 31.3933 -9.3552
v -8.1388 38.4514 -6.4924
v -5.5247 38.3132 -6.5552
v 6.4324 39.3659 -4.2793
v 8.1533 39.5374 -3.8409
v 3.8448 38.1672 -5.6844
v 4.1742 39.6936 -4.3510
v 6.4534 40.5244 -3.3560
v 4.5880 40.9913 -3.3039
v 2.4831 41.2486 -3.4440
v 4.3676 41.8528 -2.8088
v 3.4860 42.7230 -2.5011
v 5.7629 42.6249 -2.2289
v 5.6445 41.5575 -2.7839
v 5.2718 44.1165 -1.7066
v 2.4761 43.7897 -2.1458
v 0.4705 42.5235 -2.8802
v -0.0313 44.2280 -2.1538
v -2.3593 43.1563 -2.6422
v -2.9336 44.1894 -2.2445
v -5.1454 43.5012 -2.5502
v 2.9754 45.2341 -1.6139
v 6.6495 43.4066 -1.7717
v 7.8098 42.8295 -1.8145
v 7.2891 41.7205 -2.4410
v 5.5044 45.7267 -0.9710
v 7.3580 45.1821 -0.9714
v 7.8066 43.9439 -1.3995
v 9.3328 44.7837 -0.8511
v 9.0895 42.0201 -1.9708
v 10.3315 43.2036 -1.2234
v 10.9764 44.6650 -0.5906
v -4.5176 42.2976 -3.2054
v 0.6156 41.4584 -3.4960
v -1.1253 41.2266 -3.8246
v 8.8421 45.9717 -0.2960
v 10.3651 45.6247 -0.3152
v 10.8478 41.6580 -1.7901
v -6.9445 42.6817 -2.9683
v -8.6410 43.7508 -2.5002
v -8.9795 42.3773 -3.1843
v -11.0206 42.7131 -2.9970
v -12.5866 43.6419 -2.4881
v -10.4378 45.2894 -1.8530
v -12.9085 42.5983 -3.0604
v -7.6472 42.1938 -3.2612
v -2.1301 42.1465 -3.2319
v 4.2266 46.4956 -0.9028
v 9.1594 40.7296 -2.7188
v -14.4315 42.8159 -2.8900
v 12.0643 45.7249 0.1062
v 10.2387 46.9053 0.4839
v 11.9194 47.2787 0.6408
v 10.9138 48.4075 1.0997
v -15.9142 43.5662 -2.3925
v -16.1653 42.2502 -3.1211
v -10.4978 42.0737 -3.3985
v -12.0416 41.7974 -3.6253
v -13.9952 44.8036 -1.7290
v -17.0354 45.0396 -1.5392
v 11.9410 40.4586 -2.1522
v 0.4518 40.6996 -4.0335
v -14.0269 41.9942 -3.4404
v 11.9121 42.2066 -1.2605
v 12.4025 41.4675 -1.4728
v 12.4242 42.8480 -0.8615
v -6.6157 41.8596 -3.5287
v 7.1388 46.2868 -0.2069
v -18.7632 43.5736 -2.0575
v -17.5129 42.8590 -2.6220
v -19.4891 45.2663 -1.3166
v -3.2595 41.3671 -3.8586
v -5.2424 41.1997 -4.0569
v 12.3982 43.9787 -0.4558
v 1.6184 39.8522 -4.5541
v -8.0212 44.9330 -2.1393
v -5.3229 44.9498 -2.1828
v 12.3395 48.2867 0.9533
v -0.7288 40.4722 -4.3310
v 13.2166 42.0500 -0.9582
v -1.9726 40.0904 -4.7800
v -2.5954 40.7859 -4.2803
v -3.9530 40.3517 -4.7176
v -5.7782 40.3056 -4.8255
v -18.4009 46.2162 -1.0901
v -19.6520 47.3522 -0.6658
v -18.2635 47.2629 -0.5496
v -8.0715 41.7550 -3.6145
v -9.8198 41.3553 -3.9685
v -18.2757 48.8669 -0.1491
v -0.2707 39.7889 -4.8266
v -14.9026 41.1290 -4.0205
v -14.6611 40.2111 -4.7329
v -12.4607 40.4570 -4.6726
v -13.3650 41.3454 -3.9561
v -14.7679 38.9158 -5.6168
v -18.5905 42.0259 -2.8252
v -17.0073 41.3021 -3.6151
v 10.2777 39.1503 -3.5963
v 13.8014 42.9491 -0.3795
v -16.3771 40.3126 -4.3983
v 2.3723 38.8523 -5.2864
v 0.5652 38.7696 -5.5986
v -1.4617 38.8409 -5.7883
v 1.8139 37.7475 -6.3465
v -0.4818 37.6118 -6.7732
v -2.9048 37.8399 -6.8236
v -3.5199 39.1311 -5.7317
v -5.1879 39.5163 -5.4930
v -7.4044 40.8815 -4.3544
v -9.3767 40.0517 -5.0881
v -7.1550 39.5347 -5.5308
v -8.8362 39.2184 -5.8263
v -10.7547 38.7918 -6.1357
v 13.7438 47.0296 1.1247
v 13.6337 41.1367 -1.1936
v 22.0392 18.1824 -11.9144
v 14.1765 44.5262 0.3697
v -15.8127 37.7704 -6.2346
v 0.6983 45.5164 -1.8210
v -1.7933 45.2298 -2.0288
v -18.5059 40.7060 -3.6210
v -28.3810 14.5070 -18.1792
v 9.8650 31.6056 -7.4222
v 11.3176 30.5191 -7.6969
v 12.7017 38.9732 -2.7190
v -16.9962 46.3534 -0.4669
v -14.9293 45.6751 -0.6727
v -17.9111 39.4998 -4.5176
v -17.5049 38.1213 -5.4206
v 22.3159 26.4585 -9.2797
v 5.7240 46.7603 0.0172
v 13.9359 40.0776 -1.5203
v 14.3774 41.8996 -0.5541
v -27.1319 15.6307 -17.4137
v 11.3406 37.7584 -4.0950
v 2.2916 46.6559 -1.4525
v 3.7376 47.3203 -0.7520
v 9.4135 36.7440 -5.8621
v 9.5509 36.4085 -6.0727
v 9.8855 36.7167 -5.7556
v 9.9153 36.3418 -6.0285
v 9.7224 35.9726 -6.1540
v 10.0772 36.1264 -6.0412
v 23.2045 25.1873 -9.8767
v 18.3767 17.9027 -12.8010
v 19.6332 17.7534 -12.8414
v -24.7848 25.8663 -12.5685
v -26.1175 25.0294 -13.3658
v -26.8595 24.3016 -13.5962
v -26.5893 23.0311 -14.0254
v -16.3870 36.9807 -6.4327
v -21.3142 26.2100 -12.6909
v -19.6191 26.6277 -12.4087
v -26.7234 16.9051 -16.0352
v -29.0245 15.3577 -17.3261
v -15.3467 35.8885 -7.1827
v 12.0652 28.8974 -9.3210
v 13.5624 29.1141 -8.7215
v 15.8543 28.9637 -8.3456
v 16.9695 17.7100 -13.2459
v 9.6631 33.1933 -6.7578
v -20.5827 26.8448 -12.1247
v 25.7802 18.8780 -9.8009
v 13.0237 49.0436 1.3047
v 11.8798 49.6462 1.1582
v 12.5630 50.4221 1.4472
v 11.4779 51.4803 1.3531
v 10.5884 36.6930 -5.2624
v 23.6045 21.2306 -9.9394
v 25.1666 20.3685 -9.1026
v -24.0619 20.6744 -14.9690
v -25.2882 21.1775 -14.6575
v -7.3134 45.9120 -2.0618
v 9.9405 34.9302 -6.1254
v -14.6434 27.3118 -11.6133
v -16.4036 26.8809 -12.0615
v -18.3827 27.0388 -11.8166
v 4.6956 47.1992 -0.1343
v 10.7763 19.8230 -13.9387
v -29.4764 13.2699 -18.2899
v 22.6036 24.0695 -10.3250
v 23.7309 24.5509 -9.8282
v 15.1504 45.4041 1.1677
v 8.4342 18.8636 -14.3420
v 9.3823 19.5298 -14.2046
v 10.2257 18.9755 -14.0070
v 12.7715 51.8360 2.1263
v -0.1905 46.3992 -1.8725
v 10.2284 36.3806 -5.8380
v 10.7181 50.2487 1.5822
v 15.6040 20.7769 -12.5879
v -26.4377 17.9049 -15.1969
v -20.9794 43.9321 -1.2756
v -20.7054 42.3580 -1.9124
v -20.3445 40.9831 -2.6956
v -26.8231 18.8419 -14.4885
v -26.3164 20.2385 -14.3828
v -8.8084 47.4689 -1.7633
v 24.4113 16.8145 -13.2251
v 26.6395 16.9485 -12.5381
v 22.2180 17.3551 -12.9249
v 17.9879 17.7165 -13.0925
v -19.2236 49.6917 -0.2919
v 17.1887 28.0537 -9.2929
v 18.3906 20.5938 -11.7682
v 21.1945 20.9713 -10.9238
v 13.7954 29.9756 -7.4644
v -14.1763 29.4787 -9.4765
v -13.4863 30.6298 -8.9933
v -15.4895 28.7959 -9.7584
v -19.8701 39.8972 -3.5476
v -19.9550 27.1417 -11.7031
v 19.3753 21.5446 -11.4541
v 20.7651 21.8881 -11.0350
v -12.6290 45.7536 -0.8209
v -10.9168 46.4471 -1.0013
v 31.3820 14.4541 -12.6939
v 8.2841 46.8535 0.7472
v -16.7864 27.9556 -10.5990
v 12.2622 31.1520 -6.6158
v 11.3587 32.3250 -6.0792
v 11.0747 33.5834 -5.6424
v -19.4953 38.8541 -4.1858
v 24.6351 17.8018 -11.7479
v 13.7536 19.4198 -13.0658
v -13.6852 32.1540 -8.3570
v -21.2836 45.6845 -0.4518
v -21.0274 47.4184 -0.0614
v -20.3607 48.6869 -0.1806
v -28.7293 12.2668 -18.7032
v 14.9887 40.9488 -0.4892
v 15.3190 42.4573 0.2743
v 30.6446 15.7693 -12.3003
v 28.9509 16.5616 -12.2455
v 15.7818 43.9893 1.0718
v -12.0869 32.7105 -8.9558
v -14.9311 30.2134 -8.6540
v -15.9044 29.5402 -8.8725
v -15.0465 31.1458 -8.0235
v -16.3453 30.3771 -7.9473
v -17.6283 29.6024 -8.2370
v -16.9582 28.9080 -9.2772
v -5.3415 46.0430 -2.1342
v -3.0850 46.4028 -2.0993
v -30.0839 14.4093 -17.4949
v 20.0778 21.2426 -11.2641
v -5.5995 47.2196 -2.1953
v -20.2274 50.4954 0.3518
v 12.6612 19.2966 -13.3917
v 11.4611 19.2624 -13.7256
v 20.8272 27.9845 -8.0904
v 22.6028 27.5877 -7.8155
v 24.0610 25.3497 -9.2077
v 23.8367 26.6731 -8.1838
v -13.6642 34.3134 -8.1163
v -14.7524 34.8703 -7.6175
v 14.2595 39.0133 -1.7551
v 13.5954 38.4302 -2.4752
v 12.9373 37.6659 -3.1276
v 22.4379 22.4005 -10.4394
v 24.7642 25.8177 -8.3374
v 18.4745 28.4919 -8.2455
v 11.8864 36.2439 -4.3444
v 10.0561 47.7524 1.1090
v -13.2060 33.4067 -8.3890
v -17.7622 50.8832 -0.1052
v -18.6430 51.8410 -0.0660
v -26.3092 21.7587 -14.2898
v 10.1582 35.7817 -6.0085
v -18.9176 28.7631 -9.0032
v -17.8816 37.0593 -5.6673
v 13.3641 50.0409 1.8365
v -28.8024 16.3477 -15.9566
v 11.0541 54.0235 1.5626
v 10.2551 52.6537 1.2512
v 27.3231 17.6751 -10.9685
v -23.1757 27.1627 -11.0447
v -21.2101 27.2448 -11.3679
v 4.2451 48.0876 0.3189
v 10.3384 36.0699 -5.8810
v 15.4187 46.2388 1.9073
v 14.9293 47.7844 2.4916
v -16.7100 52.9095 -0.2727
v -18.0618 53.8247 0.0834
v 15.1329 39.8128 -0.7569
v 13.3316 31.8609 -5.0740
v 12.5755 32.9860 -4.6372
v 14.3998 30.8706 -5.7735
v 30.4642 16.5012 -11.4326
v 13.6184 20.0493 -13.2044
v 13.9233 48.7956 1.8547
v -19.7697 27.8164 -10.5045
v -28.0859 17.9185 -14.2032
v -16.7224 31.2934 -6.9303
v -18.0718 30.4110 -7.0000
v -20.5338 39.2846 -3.4375
v 10.6782 51.4548 1.3483
v -19.5059 53.1099 0.7122
v 24.1837 23.4874 -9.5088
v 25.1017 22.0669 -8.7161
v -29.9716 15.4839 -16.6405
v -16.3738 55.2373 -0.3494
v -18.6430 55.9424 0.9827
v -10.3647 47.1223 -1.0115
v -19.4569 29.5821 -7.4430
v -19.2054 37.6935 -4.6231
v -27.6792 19.7570 -13.4847
v 12.1298 19.7545 -13.6133
v -15.6349 32.2579 -7.1552
v 2.9176 48.3210 -1.1065
v 1.1639 47.5715 -1.7369
v -0.7835 47.4788 -2.0423
v -2.7682 48.1041 -2.2652
v 15.7265 29.5956 -7.3769
v 17.2839 29.4082 -7.0769
v -22.2166 44.1276 -0.4965
v 15.8494 30.1009 -6.3679
v -27.6137 23.3572 -13.4309
v -26.9683 25.2704 -12.5989
v -26.4356 26.3171 -11.3781
v -27.6906 24.3166 -13.0873
v 10.4828 36.2389 -5.6898
v -16.7209 57.5603 0.3174
v -14.8086 56.9686 -0.7106
v -14.8415 58.7293 -0.1708
v -12.9227 57.9976 -1.1298
v -13.2941 56.7597 -1.3447
v -12.7127 59.6392 -0.5976
v -11.6700 58.7741 -1.2796
v -10.5249 59.5383 -1.2903
v -10.4483 57.5096 -1.8888
v -12.2396 57.1572 -1.5855
v -11.1084 60.6413 -0.5873
v -9.0880 60.6738 -1.0947
v -8.1573 59.3549 -1.9245
v -6.6071 60.6305 -1.5882
v -8.0672 61.5202 -0.8017
v -6.3179 62.0773 -0.6970
v -3.7249 61.0624 -1.4991
v -4.8604 59.6008 -2.3058
v -6.4246 59.6673 -2.1758
v -2.8991 59.6133 -2.2327
v -1.2607 60.2011 -1.7001
v -1.7740 61.7324 -0.9734
v -2.9801 61.7914 -1.1103
v -3.5805 62.5651 -0.5920
v -3.5730 58.5061 -2.6749
v -4.9577 58.4738 -2.7358
v -1.8169 62.6910 -0.3940
v -1.9591 63.8710 0.2931
v -4.2234 63.9271 0.0924
v 0.5900 61.0686 -0.8662
v -0.0323 62.6020 -0.0692
v -5.9225 63.4698 0.0378
v -1.4971 58.3175 -2.4069
v 1.2774 59.0477 -1.5761
v -6.3671 58.6856 -2.5195
v -5.6537 64.7991 0.4417
v 3.0429 60.5871 -0.3757
v 3.1120 59.3228 -1.0147
v -3.8126 65.0753 0.3970
v -2.2188 65.3350 0.7353
v 1.8740 61.9259 -0.0038
v 3.1769 58.3877 -1.3022
v -4.5412 57.4839 -2.9110
v 2.3093 57.0663 -1.8137
v 0.2390 56.9406 -2.3316
v -5.6649 57.7619 -2.8347
v -3.1003 57.1350 -2.8544
v -1.7241 56.3244 -2.7338
v -8.2007 62.1587 -0.3331
v -8.2266 63.1025 0.3304
v -10.1677 61.9067 0.0387
v -7.4819 64.4537 0.7918
v 0.7266 63.8244 1.1029
v 1.9695 62.9040 0.8028
v -0.3891 65.0704 1.4108
v -7.9853 57.9837 -2.3826
v -6.7859 57.2849 -2.7288
v 3.5540 62.1859 0.8417
v 5.7137 61.0934 0.9964
v 4.7176 59.0398 -0.4550
v 7.1513 59.0055 0.6289
v 8.2091 60.5008 1.7877
v 7.5173 61.7646 2.1887
v 4.2245 57.2189 -1.1810
v 6.1439 57.3656 -0.3673
v 6.1405 62.6162 2.3617
v 4.8096 62.4830 1.5929
v -5.6237 56.6509 -2.9287
v -0.5814 55.3325 -2.6052
v -4.3753 56.2247 -2.9785
v 1.1958 55.2987 -2.2576
v -3.1962 55.7872 -2.9225
v -12.2004 56.1043 -1.7554
v -10.9737 55.8368 -2.0517
v -9.6892 54.7787 -2.2964
v 8.8478 61.5435 2.7334
v -7.0893 65.7750 0.9095
v 5.2613 56.0371 -0.9700
v 3.4399 55.2661 -1.6270
v 8.2041 57.0875 0.5577
v 6.9023 55.7092 -0.2711
v -8.2349 56.4495 -2.5267
v -12.8661 61.0574 0.2847
v -14.5458 60.1559 0.3335
v 9.4178 58.7343 1.7224
v -5.2817 66.1257 0.4396
v -3.2383 66.5081 0.4800
v -5.3734 55.4161 -2.9445
v -9.0060 64.1730 1.2255
v -10.6058 63.4598 1.4458
v -9.1743 65.3408 1.8031
v -6.6282 55.7293 -2.8189
v -7.6866 54.7627 -2.6617
v -2.6939 54.2971 -2.7882
v 1.3814 64.6496 2.0659
v 0.9611 65.4010 2.4021
v 3.7258 63.7281 2.5021
v -4.2669 55.0286 -2.9387
v -0.3768 53.7072 -2.5194
v 1.7051 53.2992 -2.1081
v 0.0411 52.1315 -2.3900
v 1.1849 51.9177 -2.1862
v 9.9630 60.4556 2.8572
v 10.5387 59.2492 2.6393
v -2.4548 51.7521 -2.5894
v -0.7498 51.1390 -2.4241
v 8.9660 55.0231 0.6385
v 10.1416 56.5527 1.5287
v -12.9995 62.3128 1.4619
v -3.8055 52.9072 -2.7632
v -5.5859 53.6450 -2.8003
v -4.6058 52.0501 -2.7205
v -5.6473 51.8759 -2.7158
v -14.0038 55.4640 -1.2645
v -14.9502 54.0015 -0.9185
v -12.7806 55.0905 -1.6977
v -11.6905 54.6215 -1.8938
v -6.7025 51.7629 -2.6135
v -8.0098 52.9325 -2.5282
v -16.5086 59.7109 1.0328
v 0.4607 50.7752 -2.2227
v -9.8939 64.4261 1.7903
v 9.8766 53.8683 0.9486
v -1.3359 49.8491 -2.3574
v -3.5607 49.5055 -2.4643
v -5.5163 50.3182 -2.5399
v -4.8864 49.0683 -2.4802
v 0.0915 49.3989 -2.1707
v -5.8324 48.4769 -2.3950
v -15.0898 61.2081 1.3586
v -0.7866 48.5655 -2.1867
v -4.5360 48.3698 -2.3874
v -7.1894 48.7708 -2.2826
v -8.4720 50.3340 -2.1427
v 5.3307 54.5842 -0.9247
v 1.3142 49.6667 -1.9536
v 0.5271 48.4589 -1.9965
v 1.7467 48.6601 -1.7192
v 2.2755 51.3410 -1.7981
v 3.7041 53.2118 -1.4385
v 2.4968 49.7060 -1.5633
v 8.2026 62.5729 3.3882
v 2.4143 65.1839 3.2141
v -6.9330 47.8499 -2.2174
v -16.9120 61.0092 2.1705
v 10.9561 58.0651 2.5771
v 11.6609 56.1900 2.6458
v -18.2042 58.5083 1.4582
v -9.6552 52.3052 -2.1218
v -17.9806 60.0632 2.1014
v -10.8471 53.2458 -1.9015
v -13.2714 54.2017 -1.4504
v 3.0626 50.6111 -1.4062
v 3.9481 51.5385 -0.9147
v 9.7028 61.9080 3.7235
v -10.4275 47.8285 -0.8198
v -11.1626 64.6554 2.7179
v -13.0618 63.4772 2.7680
v -17.0146 36.0747 -6.2650
v 11.5281 34.8247 -4.9517
v 9.3145 62.6463 4.2653
v 25.0240 24.7235 -8.6379
v 25.2593 23.5413 -8.4897
v 8.8935 53.5846 0.9139
v -10.4836 65.5823 2.7408
v 31.9166 12.6141 -12.9483
v 31.5446 11.8782 -13.4488
v 11.9038 33.7495 -4.8675
v 15.9929 45.0009 1.7018
v -15.2786 33.7609 -7.1981
v 12.5812 54.2066 2.9266
v 10.7676 35.7854 -5.4918
v -22.3739 42.6133 -0.8060
v -30.6047 12.9693 -17.6804
v 12.7392 34.0108 -3.9947
v 7.1087 54.0716 0.0821
v -21.9841 40.8873 -1.4926
v -21.1292 39.7767 -2.6528
v -15.7994 62.3366 3.1567
v -15.9758 35.1056 -6.9113
v 6.6166 63.4845 3.9499
v -30.1849 11.3999 -18.1270
v -17.5032 47.6876 0.6093
v 16.4061 42.5194 1.2356
v 11.3627 35.5889 -5.0191
v 10.7222 61.1168 4.1228
v 4.4101 65.2054 4.9913
v 5.5904 64.2762 4.7773
v 14.1746 37.9429 -2.0689
v 14.4665 32.5797 -3.2144
v 13.6852 33.4153 -3.3006
v 15.4062 31.5060 -3.9038
v -9.8646 51.0339 -1.8369
v 14.6936 33.4855 -2.2041
v 13.6867 36.5047 -2.6359
v 12.9461 35.1912 -3.5256
v -25.2076 27.1085 -10.3885
v 14.0804 34.4552 -2.4829
v 11.2679 59.5929 3.6409
v -19.2629 57.8020 2.0032
v 16.3123 40.2182 0.8204
v -20.6332 28.9891 -8.0130
v -9.8177 48.8684 -1.3746
v -10.2719 50.0974 -1.2745
v -27.3905 21.6747 -13.5875
v 9.8901 48.1834 1.6732
v 19.6283 29.1448 -6.4823
v 21.8032 28.4981 -6.4850
v 3.4261 49.9141 -0.9808
v -20.7895 28.4600 -9.0876
v -21.9352 27.9470 -9.8681
v -21.1280 48.6099 0.3958
v 9.0141 47.5818 1.8888
v -17.0964 32.2340 -5.9120
v -18.4777 31.2673 -5.4406
v 5.2870 53.1283 -0.5789
v 15.5463 33.0623 -1.5570
v 16.1992 32.1225 -1.9159
v 15.6060 34.2973 -0.7406
v 15.2607 38.6664 -0.8303
v 16.0967 30.7068 -4.9805
v -19.0403 59.3325 2.6533
v -19.7895 30.2108 -6.0255
v 17.8236 30.0849 -5.2348
v -12.3363 52.9439 -1.2275
v 11.9670 57.9061 3.6778
v -17.5158 49.1644 0.9892
v 8.5706 63.1825 4.8694
v -5.1295 67.6253 -0.1098
v -2.8515 67.9648 -0.0180
v 14.1584 50.0678 2.8584
v 13.9160 35.4521 -2.4886
v -11.1640 47.0955 -0.2843
v -11.9904 46.4393 0.0063
v -13.0637 64.2858 3.8521
v -12.2183 64.9655 3.8814
v -14.7243 63.5914 4.2449
v -11.0390 51.5637 -1.2347
v 16.4685 31.5081 -2.8080
v -16.4519 33.0106 -6.2536
v 14.9545 35.8801 -1.2797
v 16.6075 33.1052 -0.0866
v -30.7346 14.9271 -16.3762
v 29.4609 17.2703 -10.2653
v -18.2174 60.9711 3.4140
v -21.3132 29.3894 -6.5349
v -22.1304 28.6175 -8.1686
v -13.3076 64.8589 4.8183
v -14.2175 64.2569 4.9383
v 13.6115 52.3766 3.5877
v -23.7192 27.9592 -9.0479
v 17.1684 30.9391 -3.4322
v 26.1559 19.7765 -8.3199
v 26.9263 19.0618 -8.2493
v 27.8482 18.2565 -9.1045
v 25.8659 21.0629 -7.7076
v 16.5904 43.7551 2.0129
v 14.8892 37.3088 -1.3372
v -28.0609 23.7556 -12.9060
v -22.4904 44.9235 0.3010
v -22.0128 46.9629 1.1569
v 17.6983 31.7839 -0.1418
v 32.1107 13.6507 -12.1230
v -20.6676 38.4489 -3.2183
v 15.7268 46.6119 2.6832
v 17.1763 31.4515 -1.9768
v 23.5567 27.6245 -6.5062
v -19.7924 56.6169 2.2223
v -20.2026 54.5032 2.0796
v -20.7152 51.8913 1.5082
v -21.3562 49.6050 1.2314
v -17.1226 33.8120 -5.5070
v -17.4345 35.0785 -5.5665
v -18.2270 32.5591 -4.2503
v 20.9721 29.2447 -5.1177
v 19.6761 29.7659 -4.7097
v -17.7976 62.0979 4.8832
v -16.4666 63.0924 5.1888
v 12.0554 59.1831 4.5631
v -17.3408 33.0249 -5.2940
v 5.9376 64.8361 6.4598
v 7.3150 63.9775 6.1028
v 12.6374 56.1246 4.0551
v -13.9349 53.2453 -0.8451
v -15.1935 53.0719 -0.4392
v 10.2063 62.3282 5.2168
v 16.8271 34.6716 1.4898
v -14.5836 64.7499 6.1376
v -15.4499 63.9086 5.7664
v 25.2488 25.3671 -7.8599
v 18.9494 30.3117 -3.3466
v 16.1402 35.8469 0.3569
v 11.5734 60.6336 5.3064
v -11.9703 47.2730 0.9555
v 16.2882 45.3525 2.7112
v -29.4803 16.9047 -14.1587
v -30.3699 15.8514 -15.0320
v 24.7230 26.3490 -7.2772
v 18.3769 30.8927 -1.6859
v -22.9768 41.2887 -0.3817
v -18.6094 36.4858 -4.9823
v 31.5320 15.4205 -11.0836
v 15.9979 37.6102 0.1559
v -12.8372 46.4588 1.2207
v 13.1958 54.3114 4.0895
v 30.7201 16.6347 -10.5682
v -27.5516 25.6965 -10.9316
v -22.9986 43.4503 0.2503
v -26.6677 26.7679 -9.6607
v 26.6715 19.8930 -6.8279
v 27.8026 18.7207 -7.2433
v 25.6434 23.0397 -7.3731
v 9.1444 63.2716 6.4151
v -23.4571 28.5968 -6.6179
v 16.7350 38.4465 1.3824
v -23.2415 42.1101 0.1768
v 15.0400 48.7058 3.5358
v -20.9111 29.9398 -5.3301
v -20.2142 30.5271 -4.4993
v -19.8562 58.0776 3.0500
v -19.3169 31.5452 -3.3586
v -17.9281 33.5141 -4.4254
v 17.0148 41.9895 2.2010
v 17.2510 40.5450 2.4327
v 22.5923 28.5701 -4.4541
v 23.7756 27.8064 -5.2266
v 17.5156 32.9019 1.8000
v -18.9422 61.0760 4.8956
v 29.1333 17.8053 -7.9878
v 25.4756 24.3868 -7.8908
v 20.7797 29.6383 -3.2676
v 14.2311 50.9869 3.7966
v -25.2990 27.6507 -8.1173
v -28.0734 24.3090 -11.9931
v 12.4779 57.9940 4.8419
v 19.7567 30.2441 -1.7632
v -19.9335 37.1681 -3.7485
v 10.2443 62.6304 6.6946
v 16.8652 36.9370 1.8287
v -19.5649 59.6335 4.1829
v 10.9982 61.8145 6.3853
v 15.7944 46.9402 3.8879
v 6.7465 64.6915 8.2525
v -15.6952 64.2628 7.2003
v -16.6052 63.4234 6.7666
v -17.5611 62.6538 6.1858
v 19.4753 30.4966 0.3724
v 14.6498 49.9757 4.1166
v 12.2785 59.2888 5.4105
v 24.5497 26.6775 -5.5189
v 32.4630 11.4162 -12.1118
v -22.7882 40.1094 -0.3701
v -21.8933 38.9526 -1.3756
v -22.0139 29.5077 -4.3625
v -18.3435 34.4764 -3.9953
v 17.2134 38.9829 2.6838
v 8.2007 63.6375 7.8596
v 18.4465 31.5222 2.0323
v 30.6317 16.6761 -8.9377
v 22.0286 29.0231 -2.4031
v 21.0216 29.6092 -1.0225
v 17.4405 41.3422 3.3985
v 17.4806 40.1981 3.1245
v -19.3983 35.9177 -3.3952
v 31.9727 4.1525 -12.1721
v 31.9181 3.3321 -11.6706
v 31.1719 3.1209 -12.3026
v 31.1313 4.4686 -12.8478
v 30.2930 3.2566 -12.8167
v 32.1281 5.7013 -12.4046
v 31.3411 6.2638 -13.0990
v 32.0425 7.7441 -12.7909
v 30.6128 8.1884 -13.6773
v 30.6546 11.0758 -13.8610
v 31.8642 10.3106 -13.0902
v 29.4591 9.6633 -14.3238
v 29.8266 5.5264 -13.5988
v 29.3106 6.9318 -14.0732
v 29.0639 8.1373 -14.3178
v 29.4933 11.1698 -14.3694
v 28.5921 5.9492 -14.1437
v 29.8662 3.9490 -13.2014
v 28.6254 10.5069 -14.6623
v 27.7947 6.9409 -14.5541
v 27.5246 9.1026 -14.8825
v 25.5261 7.1351 -15.2009
v 23.2770 7.8423 -15.9282
v 25.1458 9.2486 -15.5584
v 27.4776 5.6252 -14.3934
v 26.4562 5.9217 -14.7349
v 26.2915 10.4441 -15.3100
v 27.4831 11.0989 -14.9629
v 22.8445 5.6957 -15.5599
v 25.0193 5.4722 -14.9656
v 21.6016 6.7572 -16.2315
v 21.1095 8.1984 -16.6107
v 19.3760 6.4902 -16.6857
v 18.9234 7.8910 -17.1961
v 19.8350 9.0699 -17.0738
v 18.3381 8.7633 -17.4589
v 21.1077 9.3520 -16.7166
v 17.0933 8.0559 -17.6803
v 17.3106 6.9584 -17.3295
v 22.5877 10.1592 -16.2193
v 24.9402 10.9514 -15.6630
v 28.5406 3.9354 -13.5309
v 20.7219 5.6604 -16.1677
v 28.0303 4.8689 -14.0106
v 15.3827 7.2624 -17.8370
v 15.5454 8.5008 -18.0264
v 14.0536 8.0093 -18.2431
v 16.9881 9.1188 -17.7300
v 26.1865 4.6735 -14.3974
v 27.0496 3.8485 -13.8550
v 13.6719 7.0395 -18.0580
v 19.4589 5.3960 -16.3274
v 28.6094 11.7374 -14.6241
v 19.9407 5.0573 -16.1213
v 12.2167 7.6590 -18.3697
v 19.6739 9.6231 -17.1113
v 20.1915 10.0737 -16.8736
v 23.7678 4.1949 -14.7175
v 18.0967 5.3126 -16.4298
v 10.0846 7.6279 -18.6429
v 28.8581 2.9365 -13.0023
v 17.0450 5.9262 -16.8698
v 15.8254 6.3510 -17.3395
v 10.8013 6.4487 -18.0860
v 8.7368 6.3912 -18.3425
v 12.5711 6.3510 -17.8179
v 21.5480 4.0751 -15.1102
v 20.4923 4.7269 -15.7513
v 27.0682 2.9140 -13.3310
v 8.2120 7.3179 -18.9105
v 6.8881 7.9319 -19.2327
v 4.6888 7.6454 -19.4549
v 2.7335 7.4438 -19.6622
v 3.3687 6.6862 -19.3078
v 1.9810 7.0515 -19.6399
v 0.4709 7.4873 -19.7304
v 6.2716 6.6531 -18.8546
v -3.0170 7.1820 -19.7661
v -6.5136 6.7491 -19.7206
v -10.7191 7.7040 -19.8616
v -9.3927 6.3084 -19.5955
v -13.7725 6.7704 -19.6511
v -11.6640 6.4292 -19.5944
v -14.6357 7.6112 -19.8148
v -3.8901 6.1845 -19.4511
v -0.8701 6.0597 -19.2010
v -16.4215 6.9922 -19.5999
v -17.0508 8.0011 -19.7382
v -18.6312 7.3649 -19.5277
v -7.5508 5.8753 -19.4103
v -17.3134 8.8752 -19.7315
v 1.3599 6.6113 -19.4569
v -19.7534 8.6370 -19.5660
v -20.9886 7.1695 -19.3271
v -22.7826 8.1836 -19.4230
v -23.7501 6.9982 -19.1410
v -24.2895 7.8064 -19.2901
v -24.4531 8.5475 -19.3604
v -23.4147 8.9050 -19.4757
v -22.2302 9.3563 -19.4896
v -22.0268 5.8323 -18.9035
v -18.4460 6.2003 -19.1944
v -25.9615 5.6178 -18.6146
v -15.5923 6.1960 -19.3567
v -25.7652 7.5816 -19.0780
v -27.2141 6.9216 -18.7972
v -23.1766 4.4646 -18.3866
v -25.4589 4.2641 -18.2739
v -27.2025 3.7408 -17.9970
v -19.3391 4.7529 -18.5285
v -15.9060 5.3117 -18.8862
v -13.4547 5.8381 -19.2635
v -28.7178 4.6364 -18.0868
v -28.9703 3.3501 -17.7150
v -5.6498 5.6637 -19.2057
v -28.6519 6.5786 -18.4593
v 14.2608 6.2777 -17.5488
v 25.1470 3.2347 -13.8678
v 18.7766 4.6099 -16.0006
v -27.6728 8.0598 -18.8836
v -28.2473 2.7454 -17.4953
v -24.7447 3.4078 -17.8573
v -22.8210 3.6715 -18.0143
v -21.2163 3.8737 -18.0894
v 17.2667 4.5944 -16.1322
v 16.3571 5.0437 -16.4302
v -26.7636 2.7412 -17.4807
v -11.0131 5.5890 -19.1815
v -8.9857 5.5092 -19.1737
v -26.0031 9.3083 -19.1879
v 22.3088 3.5414 -14.6556
v -28.1253 9.5822 -18.9180
v 15.0641 5.5485 -16.8812
v -23.9429 9.5501 -19.4125
v -26.8332 11.0491 -19.0581
v -29.1866 8.4585 -18.6020
v -29.2312 9.6375 -18.7069
v -28.8848 10.7990 -18.7477
v -28.0016 11.7074 -18.9217
v -29.9926 5.3797 -17.8772
v -30.0516 3.8012 -17.4823
v 15.8007 4.2642 -15.9700
v 14.7334 4.7883 -16.3340
v 1.9594 5.8498 -18.9267
v -30.2333 7.2749 -17.9926
v -18.7906 3.5317 -17.7308
v -15.8836 4.1808 -18.1459
v -13.0403 4.8364 -18.6120
v 22.8664 3.0344 -14.1427
v 29.6960 2.3285 -12.3897
v 4.4273 5.7063 -18.4922
v 17.1846 4.0085 -15.7465
v 13.8611 4.0872 -15.8809
v 13.2043 4.7610 -16.4051
v 14.0361 5.1367 -16.6286
v -3.3670 5.2957 -18.8132
v 20.7948 3.0103 -14.4552
v 11.4919 5.6780 -17.4572
v 9.7719 5.5264 -17.5330
v -29.4385 2.5605 -17.1365
v 0.7445 5.2294 -18.5325
v 18.6807 3.5460 -15.1701
v 12.1154 4.2232 -16.0552
v 25.4128 2.2343 -13.0827
v 23.4263 2.1945 -13.2781
v -7.3768 5.1040 -18.8266
v 7.1332 5.2763 -17.6398
v 13.1228 5.4871 -17.0573
v -21.9129 2.9645 -17.4084
v 27.1888 1.7725 -12.3657
v 15.3360 3.3623 -15.2788
v 11.8652 3.3111 -15.3380
v -9.8641 4.6239 -18.4274
v -1.0756 4.7901 -18.2019
v 10.2086 4.1111 -16.0917
v -5.3154 4.7648 -18.4338
v -24.9503 2.2103 -16.8801
v -3.3575 4.3926 -17.9430
v -16.0692 3.1628 -17.2893
v -12.6034 3.5241 -17.4700
v -9.3162 3.6194 -17.4510
v -7.2068 4.1369 -17.8789
v -5.0725 4.0197 -17.6414
v 29.0899 1.5125 -11.8011
v 11.3043 4.9181 -16.7462
v -30.0034 9.4565 -18.3160
v 2.7684 4.9943 -18.0764
v 4.9311 4.9847 -17.7325
v 18.7335 2.6039 -14.3314
v 10.0832 3.5258 -15.5833
v 8.9740 3.0169 -15.1932
v 7.6101 3.5687 -15.7455
v 8.9737 3.7107 -15.7924
v 6.1849 2.9900 -15.3287
v 16.4596 2.3499 -14.2039
v 5.8920 3.7379 -16.0461
v 3.4894 3.2716 -15.8487
v 21.4584 2.2380 -13.6074
v 19.7432 2.1821 -13.7793
v 13.4820 2.3176 -14.3493
v 10.5016 2.0532 -14.1882
v 9.2135 4.8123 -16.8774
v 7.0361 2.0101 -14.3341
v 3.6681 2.2370 -14.7955
v -27.8295 1.9551 -16.7212
v 0.9712 4.6499 -17.9321
v -18.5736 2.2394 -16.4330
v 7.5800 4.3197 -16.5250
v 0.8234 2.6059 -15.4192
v -10.4216 2.9844 -16.8305
v -7.7163 3.4954 -17.2368
v -6.1113 3.3200 -16.9168
v 6.9670 4.7405 -17.0881
v 6.0960 4.6526 -17.1240
v 4.3853 3.9219 -16.4411
v 5.6630 4.2214 -16.6250
v 18.0972 1.9843 -13.7004
v -22.1228 1.8131 -16.1676
v -8.3857 2.9042 -16.6042
v 0.7429 1.7904 -14.5282
v -1.6592 1.9892 -14.9247
v 4.7551 1.5019 -13.9163
v -14.7946 2.2992 -16.2507
v -11.9236 2.4412 -16.2495
v -10.0180 2.4182 -16.1233
v -1.8039 4.0481 -17.4348
v -3.4531 3.5530 -16.9785
v -30.6559 2.7859 -16.5559
v 0.2879 4.0720 -17.2542
v 20.3984 1.7874 -13.2417
v 0.6432 3.3752 -16.3135
v 2.5275 3.8976 -16.7158
v 2.5192 1.3359 -13.8252
v -1.9800 2.8517 -15.9789
v 24.2212 1.3751 -12.2279
v 2.1410 4.3741 -17.4323
v -4.3526 2.0927 -15.2422
v -4.4984 2.8251 -16.1918
v -1.2847 3.5617 -16.7770
v -6.5844 2.4104 -15.8340
v 4.1039 4.4217 -17.1590
v -8.6483 2.1270 -15.6253
v 6.2888 1.1815 -13.4034
v 8.6380 1.1162 -13.0946
v 12.3274 1.5397 -13.4782
v 10.8578 1.2061 -13.1038
v 21.3412 1.2751 -12.3307
v -29.6163 1.7989 -16.2359
v -1.2903 1.2969 -14.0530
v 0.4502 1.1472 -13.7334
v -3.8099 1.2427 -14.0627
v 14.3451 1.4452 -13.1552
v 16.7524 1.3304 -12.8589
v 18.9814 1.4411 -12.8787
v 30.8596 2.1202 -11.4060
v 29.5666 1.1497 -11.0667
v 32.5736 9.0211 -12.2881
v -30.7719 1.6039 -15.0466
v 32.6450 7.3496 -11.9434
v 32.7854 8.4181 -11.9580
v 32.4790 5.0201 -11.3561
v -14.1326 79.7092 0.8350
v -14.8898 80.4905 1.6832
v -13.8908 80.7626 0.5580
v -15.2591 78.5215 2.1897
v -16.2501 79.6201 3.2506
v -16.3136 78.2947 3.3717
v -13.8098 78.3423 0.6234
v -12.7255 80.2620 -0.6601
v -12.5796 78.3836 -0.6865
v -13.1381 76.9651 0.0852
v -11.4380 79.1324 -1.8661
v -16.2783 77.2459 3.5229
v -14.8607 76.1606 2.1808
v -11.7925 80.1229 -1.6625
v -11.7862 77.0686 -1.2818
v -12.5026 76.2091 -0.4798
v -13.1440 75.7160 0.3259
v -12.4563 75.6186 -0.4097
v -11.9757 75.8471 -0.9222
v -17.2996 78.0661 4.6146
v -17.6141 80.6907 4.9296
v -18.6982 78.4734 6.2841
v -19.0921 80.4047 6.6923
v -18.1826 77.0641 5.8423
v -19.5810 79.0564 7.3718
v -17.3511 75.5844 5.2636
v -15.9232 74.8642 3.7319
v -19.6218 77.8401 7.6864
v -19.0298 76.4696 7.2296
v -15.8356 81.8395 2.8738
v -18.7290 74.9431 7.3047
v -18.2147 74.3586 6.8180
v -13.5027 74.7520 1.0545
v -14.7040 73.9882 2.7245
v -12.2073 74.9441 -0.4037
v -16.3246 74.0274 4.5832
v -11.0730 75.6587 -1.6564
v -10.1065 79.6621 -3.0392
v -9.9686 77.3436 -2.8458
v -11.2422 80.7398 -2.1716
v -11.8487 82.1876 -1.4968
v -13.7457 82.3503 0.5755
v -10.7368 82.0219 -2.6136
v -10.1101 81.1429 -3.1246
v -16.9252 83.6992 4.4906
v -18.7822 82.6968 6.6497
v -19.5375 81.2884 7.3356
v -20.0265 80.0706 8.1658
v -15.1509 84.0084 2.4302
v -10.7683 83.0476 -2.4198
v -13.4586 84.6822 0.7588
v -11.7351 83.9985 -1.2031
v -9.2129 78.8460 -3.6066
v -11.0270 74.2562 -1.2432
v -9.7878 74.8928 -2.4916
v -8.5657 75.7769 -3.6318
v -15.8704 85.4158 3.6839
v -20.1064 78.4921 8.4410
v -17.4189 73.5965 6.2748
v -16.7611 85.6823 4.8746
v -17.8525 85.0229 6.1186
v -19.9897 81.7641 8.2502
v -19.7430 83.4330 8.4025
v -18.8793 84.6255 7.4746
v -14.4856 85.7157 2.3048
v -9.6901 82.3468 -3.3060
v -16.1119 86.1977 4.2822
v -8.0702 77.8401 -4.1489
v -7.7871 76.1403 -4.2264
v -8.8433 80.4696 -3.8470
v -12.3985 73.3379 0.5462
v -13.8207 72.7350 2.3417
v -19.5008 75.0360 8.7240
v -20.1582 76.8205 9.2525
v -12.7625 72.2765 1.4621
v -15.5749 72.5048 4.6150
v -8.3900 73.8997 -3.1504
v -20.6543 80.6925 9.6730
v -9.6767 83.9862 -2.9671
v -10.2592 85.3478 -1.9852
v -9.9354 72.9297 -1.4972
v -11.8751 85.6365 -0.3829
v -20.5390 82.1672 9.6506
v -20.8328 81.3417 10.0557
v -13.1350 86.0266 1.0440
v -18.6178 73.7813 7.9319
v -20.5489 78.6606 9.8824
v -7.3849 74.9752 -4.1072
v -13.5743 71.7783 2.6903
v -14.6562 71.2330 4.3293
v -11.3767 71.3778 0.7498
v -15.8488 71.1962 5.9190
v -17.4084 71.9351 7.7580
v -20.0678 75.1702 10.0726
v -16.2078 70.4024 7.1612
v -13.1983 70.6539 3.1073
v -11.7910 70.0995 2.0466
v -14.7428 70.1274 5.3491
v -12.9581 69.3099 3.8769
v -14.3016 69.1276 5.5803
v -13.7946 68.0023 5.6894
v -15.4244 69.0321 7.2564
v -15.1326 67.3915 7.9723
v -14.1658 66.4997 6.5964
v -12.5075 66.5582 4.6572
v -11.7229 67.9519 3.4718
v -15.1931 65.8339 8.1850
v -10.4461 66.5890 2.7874
v -9.6726 67.9844 1.7127
v -10.9555 69.1098 2.0207
v -9.1045 69.2227 0.3869
v -11.4790 65.6473 3.5701
v -12.5434 65.5075 4.5272
v -13.5849 65.6035 5.6470
v -10.4836 65.5823 2.7408
v -8.9796 71.1835 -1.2182
v -9.5811 70.3376 -0.1454
v -7.8650 72.1403 -2.5781
v -8.3966 66.8199 1.3576
v -9.1743 65.3408 1.8031
v -10.5284 70.0252 0.9126
v -7.5025 68.0742 0.2972
v -16.1175 68.3048 9.4092
v -16.8541 69.9550 8.9346
v -14.5713 65.5295 6.8876
v -8.1770 69.9813 -0.9585
v -7.5338 69.1128 -0.6225
v -7.2442 70.6428 -2.0038
v -20.4432 75.9785 10.6894
v -20.5823 77.0795 10.7308
v -19.1862 73.4755 9.7980
v -18.0867 71.3043 10.2750
v -15.4993 66.6440 10.0070
v -6.7448 73.2863 -3.6988
v -6.9328 69.6347 -1.4296
v -7.0893 65.7750 0.9095
v -6.6692 66.9125 0.5717
v -5.9439 71.4445 -2.9961
v -7.0492 76.2709 -4.5135
v -6.8529 80.3139 -4.6430
v -6.3202 77.6640 -4.8193
v -7.9486 82.6998 -4.0662
v -8.0767 84.4211 -3.7527
v -8.8999 85.1760 -3.1158
v -16.8871 69.2367 10.8615
v -7.4819 64.4537 0.7918
v -5.5478 75.0864 -4.6156
v -16.0979 67.8743 10.6393
v -5.1295 67.6253 -0.1098
v -5.2817 66.1257 0.4396
v -5.7868 69.9181 -1.9938
v -4.8680 77.1823 -5.0983
v -4.8959 75.9314 -5.0096
v -5.1184 72.8473 -3.8919
v -5.3546 79.2824 -5.0764
v -20.0289 74.7798 11.1505
v -19.1230 73.0213 11.5034
v -20.7533 79.6845 10.8712
v -15.5355 64.9883 9.3331
v -6.1521 68.8475 -0.9499
v -4.5371 73.6202 -4.2822
v -6.1244 82.4105 -4.6359
v -12.2183 64.9655 3.8814
v -11.1626 64.6554 2.7179
v -17.9417 71.0096 11.8583
v -13.3076 64.8589 4.8183
v -14.5836 64.7499 6.1376
v -20.7584 81.2579 10.7375
v -15.1957 65.0107 7.4310
v -15.6592 64.7645 8.2222
v -5.1375 81.2518 -4.9188
v -4.5755 78.7310 -5.1808
v -4.4111 71.6033 -3.2980
v -4.4032 70.4251 -2.5125
v -6.1873 84.1888 -4.2004
v -20.4297 77.8374 11.7103
v -20.4298 76.1566 11.4878
v -4.1847 69.0649 -1.2686
v -15.6952 64.2628 7.2003
v 17.1626 39.9098 5.4058
v 16.9596 42.3565 5.1575
v 16.3588 41.1630 6.8000
v 17.4297 41.1551 4.4424
v 16.5813 38.7186 6.8644
v 15.9978 43.4471 6.6571
v 17.0720 37.4884 5.8223
v 16.5360 36.3846 7.0648
v 17.0039 35.5399 6.1107
v 16.6163 34.0917 7.0576
v 17.2381 33.8349 5.6013
v 17.1008 31.3563 6.8410
v 17.8078 32.1656 4.8377
v 17.3653 42.0908 4.1311
v 16.3130 45.0144 5.0751
v 15.7717 45.1207 6.4961
v 15.7057 42.3370 7.4454
v 15.7728 39.6422 7.8407
v 15.4684 46.5610 6.2415
v 15.8355 46.6950 5.1472
v 15.2794 44.5861 7.3511
v 15.1445 45.7382 7.1756
v 15.8132 37.5510 7.9540
v 15.2272 48.0770 5.5060
v 14.7466 47.9699 6.7389
v 14.2000 49.5639 6.6940
v 14.3254 46.9843 7.6055
v 13.9624 48.5522 7.5197
v 15.3065 41.2949 8.0282
v 15.8702 32.7581 8.0907
v 15.5816 35.0930 8.2421
v 14.6468 43.1461 8.1949
v 13.1304 49.9707 7.9004
v 13.2644 51.4231 7.3343
v 13.9554 51.1996 6.1444
v 13.4686 52.4229 6.5987
v 12.9880 53.0835 7.2025
v 12.3828 52.8560 8.0248
v 12.5044 54.8720 7.4106
v 11.3339 55.7263 8.5954
v 12.5908 51.2435 8.1248
v 12.1300 57.2292 7.4913
v 11.2457 59.2494 8.0652
v 12.1074 58.9561 7.0039
v 12.4418 57.7608 6.8333
v 10.4713 58.5493 9.0882
v 11.5746 60.5852 6.8414
v 10.4619 61.7123 7.7151
v 15.3153 30.5352 8.7824
v 9.7930 60.5460 9.0497
v 16.9122 28.3853 7.9098
v 18.1586 29.1205 6.4512
v 18.5140 27.1788 6.7078
v 19.4213 28.3621 5.0160
v 19.7724 26.0042 5.5444
v 18.6657 24.8770 7.0157
v 20.0028 23.3607 5.8378
v 20.7666 25.1045 4.5226
v 21.2405 23.7352 4.1864
v 21.0159 22.0116 4.8745
v 20.1353 21.0297 6.3345
v 21.8322 22.6732 3.5542
v 21.8770 23.8730 3.2415
v 21.8197 21.1097 4.0648
v 21.7452 25.2720 3.0059
v 20.7474 26.9041 3.8268
v 21.1206 20.5608 5.3203
v 22.4821 21.8229 2.8152
v 22.5584 23.6324 2.1511
v 18.5848 22.4170 7.4775
v 23.4700 21.7596 1.2045
v 19.4936 21.8745 6.7087
v 19.1628 21.0271 7.2792
v 17.5399 26.1766 7.8576
v 18.2915 20.6059 8.2182
v 22.7641 25.7169 1.0347
v 22.8536 20.3020 3.1215
v 14.2838 45.2128 8.1117
v 21.8479 27.3697 1.7347
v 23.5979 24.0466 0.0466
v 18.4418 30.3352 5.2590
v 14.9048 40.0738 8.5723
v 14.9357 38.6074 8.6648
v 14.8239 36.7909 8.8469
v 24.5635 22.2236 -1.2392
v 12.7394 56.3162 6.4148
v 13.2443 54.0026 6.1668
v 23.9449 20.1126 1.5115
v 21.8425 19.9498 4.7614
v 22.8209 27.1873 -0.0235
v 24.4244 24.4600 -2.0017
v 23.6014 26.0583 -1.0345
v 24.4521 20.6450 0.0522
v 25.3673 20.3097 -1.5302
v 25.0496 23.1825 -2.9487
v 25.6182 21.4296 -3.4932
v 24.9847 24.4995 -3.5524
v 20.4537 28.9035 2.6794
v 19.3072 29.8445 3.9563
v 14.6324 49.8497 5.3178
v 13.7343 52.5185 5.7689
v 24.3582 26.1785 -3.3475
v 12.1374 59.7242 6.1797
v 22.2874 28.2587 -0.0178
v 21.4976 28.6748 1.1198
v 20.9746 19.2992 6.5858
v 19.2192 19.7878 7.8362
v 25.4651 23.2438 -4.4654
v 12.9355 48.3836 8.4225
v 12.5121 58.2203 6.0542
v 26.5261 19.5782 -3.3350
v 16.9982 24.0505 8.5244
v 17.0592 21.5755 8.9366
v 17.2689 19.8986 9.3991
v 18.2534 19.6923 8.6533
v 14.4137 33.2109 9.2163
v 14.4463 35.3859 9.1741
v 12.9389 46.3526 8.8235
v 8.6903 62.4842 8.9359
v 11.5188 51.0822 8.8666
v 10.0720 57.1228 9.4978
v 18.5760 31.1209 3.7642
v 9.3262 59.0554 9.7869
v 23.0801 27.8613 -2.0757
v 25.1798 24.9753 -4.9559
v 16.9779 43.4203 3.5159
v 16.4974 45.2165 3.7419
v 15.0683 28.1284 9.2858
v 16.0469 26.2929 8.9043
v 25.0961 19.3733 0.4705
v 14.2240 36.4614 9.2999
v 13.8183 40.8416 9.1305
v 13.3212 42.6226 9.2166
v 12.8009 44.2026 9.2685
v 17.2696 36.0289 4.6440
v 17.3357 38.2874 4.3835
v 14.3308 39.4204 9.0258
v 10.9982 61.8145 6.3853
v 14.1339 51.4935 4.8079
v 13.5438 37.7572 9.5529
v 15.3714 20.4496 10.4573
v 15.4321 22.5194 9.7891
v 14.9315 24.5584 9.7356
v 13.9740 29.3592 9.7713
v 13.4083 31.0880 9.9150
v 9.7845 54.3659 9.5416
v 7.7463 60.6908 10.2156
v 7.0681 62.7294 10.1432
v 7.1325 63.8423 9.4464
v 5.6025 64.0089 10.7970
v 6.0107 65.2508 10.1165
v 4.4075 66.5681 11.4794
v 9.5075 62.9407 7.5812
v 11.5819 45.6490 9.7159
v 13.9275 36.1208 9.4836
v 17.4717 39.9816 3.9498
v 25.6223 23.6161 -5.9107
v 25.9481 21.7255 -5.8432
v 15.7944 46.9402 3.8879
v 23.8147 27.6007 -4.1696
v 26.1223 19.2014 -1.4017
v 24.0199 19.0820 2.8666
v 22.6554 19.1351 4.6878
v 18.1661 19.0402 9.3037
v 16.3100 18.7540 10.9885
v 26.4121 20.2688 -4.9965
v 15.1653 48.7281 4.4724
v 13.5715 53.4619 4.9832
v 13.3926 54.2120 5.4396
v 13.1521 55.0747 5.1980
v 12.7812 56.7985 5.3218
v 24.5497 26.6775 -5.5189
v 10.2443 62.6304 6.6946
v 19.4165 30.3267 2.5117
v 20.0747 29.8424 1.6865
v 17.4265 33.9711 3.6222
v 17.9572 32.3589 3.3147
v 25.3588 25.0091 -6.7428
v 19.5111 18.7038 8.5966
v 11.2300 47.6103 9.4878
v 21.6480 29.0394 0.0039
v 26.6715 19.8930 -6.8279
v 12.2785 59.2888 5.4105
v 8.2007 63.6375 7.8596
v 20.7686 29.4769 0.8664
v 14.6498 49.9757 4.1166
v 22.1319 28.8515 -1.1004
v 27.2923 19.1682 -5.3955
v 17.4405 41.3422 3.3985
v 17.4806 40.1981 3.1245
v 6.7465 64.6915 8.2525
v 6.1922 65.8874 9.3483
v 5.8339 66.9035 10.6937
v 6.1841 66.8121 9.8538
v 18.4465 31.5222 2.0323
v 11.5734 60.6336 5.3064
v 14.0528 19.1120 11.9325
v 24.7230 26.3490 -7.2772
v 25.2488 25.3671 -7.8599
v 25.4756 24.3868 -7.8908
v 25.6434 23.0397 -7.3731
v 23.7756 27.8064 -5.2266
v 12.4779 57.9940 4.8419
v 17.1882 35.7782 3.0578
v 17.2544 37.2205 3.3745
v 22.6282 18.2607 6.1421
v 24.5351 17.6794 4.7209
v 23.6920 18.4773 4.4609
v 20.7879 17.7137 8.7182
v 22.9591 17.3298 7.0984
v 24.3108 16.1771 6.5548
v 22.2315 16.3988 8.6706
v 23.2204 14.9809 8.3433
v 24.6124 14.6702 6.9412
v 25.9742 14.5804 5.1918
v 26.0276 16.4800 4.1509
v 25.1531 13.4590 6.4746
v 25.9412 11.9962 5.4244
v 27.1120 12.9256 3.8145
v 27.0620 15.3943 3.4834
v 26.9612 14.4049 4.0346
v 27.4714 14.3359 3.2611
v 27.9496 15.0410 2.1412
v 28.0140 13.5199 2.3668
v 28.4278 14.3457 1.4979
v 28.8068 15.2108 0.1777
v 27.4716 16.6556 1.6068
v 28.5276 16.8385 -0.8517
v 29.4660 16.1446 -2.1759
v 29.7019 14.8879 -1.5164
v 29.5491 13.3362 -0.7705
v 30.0055 14.1309 -1.8878
v 28.7191 13.2061 0.9952
v 30.3497 14.8116 -3.2594
v 29.1277 11.5880 0.2273
v 30.2316 13.0382 -2.3001
v 30.7901 12.9215 -3.7915
v 31.1166 14.2749 -5.1634
v 30.8482 15.5331 -5.1802
v 31.2972 15.2115 -6.3101
v 28.1762 11.0527 1.9788
v 29.1168 9.6815 0.1805
v 30.1213 16.4132 -4.4914
v 29.9852 10.8777 -1.6420
v 30.5047 11.9010 -2.8576
v 23.9739 13.2347 7.8204
v 27.6666 8.7774 2.6095
v 28.4877 8.7971 1.2750
v 26.9882 10.4556 3.8517
v 22.4868 13.5117 9.3375
v 29.7253 8.5442 -1.1475
v 31.3891 12.3748 -5.5297
v 24.8715 12.1007 6.8077
v 30.5515 8.3924 -3.0418
v 30.9061 10.8060 -3.9161
v 31.3005 7.0367 -4.9362
v 31.2651 8.9528 -4.7946
v 31.6057 10.0908 -5.9041
v 31.6882 8.2080 -6.0109
v 31.7992 6.5327 -6.4225
v 29.0720 7.7281 0.0843
v 21.2234 14.9693 10.2342
v 20.5249 16.4582 10.2324
v 31.6621 14.0112 -7.0762
v 30.6610 6.3069 -3.4463
v 29.7781 6.3697 -1.5403
v 26.0441 9.6557 5.0900
v 25.0851 10.4907 6.4042
v 26.8219 8.6986 3.8897
v 31.9392 11.5162 -7.3435
v 26.1474 17.4929 2.8315
v 23.0495 12.1914 8.8219
v 31.5517 5.8065 -5.6875
v 28.2415 7.2574 1.4408
v 28.8605 6.2623 0.1995
v 19.2985 15.6832 11.6472
v 31.0893 5.0562 -4.7483
v 30.3361 4.8688 -2.9969
v 31.5022 15.2961 -7.3128
v 23.8649 10.9239 7.8375
v 24.4639 9.6620 7.0246
v 32.1472 13.0664 -8.7723
v 21.0992 13.2169 10.6112
v 29.7200 4.5567 -1.8199
v 28.9597 4.8510 -0.4051
v 27.0714 7.0100 3.1537
v 26.1681 8.0107 4.6486
v 25.0711 8.5096 6.0997
v 32.0702 8.1037 -7.6087
v 32.3555 10.4400 -8.9346
v 32.4799 12.0598 -10.0816
v 30.9544 16.1083 -6.8035
v 31.7170 15.1128 -8.8836
v 32.2616 13.9071 -9.9400
v 32.1008 14.6969 -10.3798
v 21.9197 12.0202 9.8992
v 19.3023 13.7767 12.0215
v 17.8502 14.9300 12.9602
v 18.2318 14.0742 12.8838
v 27.9895 5.5667 1.4138
v 22.6719 11.0657 9.1265
v 32.4312 7.7143 -9.2595
v 32.6446 9.1851 -10.3327
v 29.9918 3.9249 -2.6021
v 22.6885 9.6795 8.9144
v 23.7254 8.7059 7.6655
v 25.6615 6.4736 4.9283
v 26.5876 4.8563 3.2210
v 25.4391 4.9568 4.8304
v 26.7154 17.8246 1.1896
v 31.6252 4.8542 -6.2739
v 24.8326 5.5636 5.7518
v 24.2054 6.7304 6.7221
v 27.6116 17.7543 -0.6314
v 22.6073 8.2396 8.7549
v 17.7947 16.2808 12.4743
v 18.9074 16.9892 11.1053
v 18.3827 18.0569 10.2756
v 21.6085 10.4353 10.0354
v 21.4929 8.6376 9.8598
v 23.0946 7.2259 8.0442
v 31.9381 5.3853 -7.4035
v 32.5787 6.2294 -10.2498
v 32.0582 4.5977 -9.0849
v 32.4490 4.5342 -10.3779
v 20.2961 11.5740 11.2219
v 18.6689 11.9394 12.4883
v 24.0729 5.2445 6.5213
v 32.7299 7.2597 -11.0881
v 31.1634 3.6845 -5.6744
v 32.6360 11.1540 -11.0868
v 27.8105 3.6864 0.9327
v 24.6705 4.6001 5.6597
v 28.7136 17.5841 -3.3224
v 22.9556 5.5921 7.7641
v 30.3768 3.4615 -3.9657
v 20.4107 9.5592 10.9261
v 20.5187 8.4134 10.6620
v 18.8580 9.9447 12.1461
v 19.6154 8.3271 11.3358
v 17.3890 13.2670 13.4079
v 26.4424 3.2358 2.7220
v 16.2495 15.9261 13.5663
v 21.9789 6.9654 9.0582
v 16.3804 14.6745 13.9409
v 25.1595 3.5531 4.5847
v 32.7510 9.0982 -11.5683
v 32.3561 13.3928 -11.0837
v 29.1914 3.2112 -1.7403
v 23.6176 3.9594 6.5611
v 22.4750 4.2620 7.8763
v 21.1468 5.0929 9.2804
v 20.5097 7.1555 10.3712
v 22.6616 3.5263 7.4197
v 15.3897 13.5481 14.6035
v 17.3399 10.9743 13.3164
v 17.3895 9.2440 13.0646
v 18.2349 7.9961 12.2563
v 14.7045 15.0113 14.6997
v 15.5539 11.5748 14.4557
v 19.1744 7.0200 11.3789
v 19.5964 5.8555 10.7535
v 13.7712 13.6837 15.3994
v 27.9867 2.3713 -0.2627
v 26.8624 2.2961 1.4006
v 14.1574 12.4056 15.2709
v 16.0510 9.6693 13.9622
v 23.9503 2.8136 5.5928
v 21.7548 3.5407 8.2384
v 20.5453 3.6150 9.2930
v 14.7137 9.9341 14.7735
v 13.6732 10.7288 15.3931
v 19.2047 4.3252 10.5432
v 31.5003 3.5726 -7.1999
v 17.9966 5.9842 11.9159
v 16.4672 7.6051 13.3040
v 24.5603 2.4975 4.6790
v 29.7958 17.2612 -6.2619
v 14.8395 8.4007 14.4453
v 12.0256 14.7806 15.8733
v 17.5514 4.3377 11.6820
v 16.5691 17.2689 12.3454
v 14.9567 6.8060 14.0182
v 12.1844 12.0948 16.1434
v 11.2932 13.4101 16.5607
v 10.3546 14.0247 16.8642
v 10.2013 12.3052 17.0646
v 8.5147 15.3809 17.0586
v 13.4975 8.9154 15.2554
v 9.2013 13.5456 17.3747
v 13.9229 16.5783 14.2217
v 10.6536 16.9535 15.2910
v 25.2832 2.1793 3.3175
v 13.1351 20.2625 11.6196
v 10.0047 9.9627 16.9730
v 11.9002 9.0803 16.0216
v 9.2064 10.9978 17.4352
v 15.8939 5.0608 12.8828
v 13.4416 7.0817 14.9057
v 12.5193 7.8622 15.5503
v 8.6696 12.0397 17.6655
v 7.8760 13.5030 17.8616
v 7.4828 11.9682 18.0871
v 6.7041 14.4886 18.1074
v 22.5092 2.7340 6.9361
v 6.4243 12.9348 18.4302
v 14.1961 5.6887 14.1168
v 5.5468 68.4147 11.4171
v 10.1181 7.7871 16.6132
v 11.2792 6.2245 15.7409
v 12.8660 5.3494 14.7050
v 12.7694 19.2648 12.3478
v 11.5138 19.5561 12.6668
v 5.2893 13.9243 18.6369
v 19.6237 3.0303 9.6698
v 14.3122 17.9390 12.8787
v 12.5380 17.5693 14.0634
v 8.4507 7.9582 17.2976
v 5.3326 12.7406 18.7839
v 7.8089 10.1495 17.8306
v 6.5850 11.3234 18.3592
v 5.7244 11.7611 18.6551
v 8.9196 6.0969 16.7537
v 9.6461 4.8463 16.1510
v 10.4681 4.4655 15.6584
v 11.5177 3.7348 14.7622
v 13.8145 4.0670 13.6332
v 5.2233 15.5424 18.0817
v 6.0560 16.8415 17.0691
v 7.7976 17.2520 16.1417
v 6.1938 67.3141 10.3598
v 6.2371 68.1071 10.7721
v 5.8643 67.6887 11.1254
v 6.7229 70.1649 11.1036
v 6.9227 69.2250 9.9791
v 7.9687 71.2712 9.9327
v 6.3858 67.7048 9.6307
v 7.3804 6.5288 17.4028
v 24.4647 18.3826 3.6070
v 25.4068 18.3400 2.2319
v 16.7265 3.6589 11.8413
v 6.4973 7.8872 17.9148
v 5.5749 10.0553 18.5013
v 7.3594 5.3723 17.1430
v 8.1472 4.4421 16.5915
v 12.4252 18.4989 13.1691
v 20.8272 2.6536 8.4238
v 17.9655 2.9731 10.5904
v 4.8955 11.6222 18.8510
v 32.0596 3.3898 -10.7292
v 31.4336 2.4106 -10.0689
v 30.7194 1.9070 -8.3990
v 10.6302 18.6693 13.7123
v 11.2277 17.9053 14.2437
v 9.8217 18.0478 14.6080
v 9.4388 19.8328 13.3525
v 9.4622 18.7052 14.0973
v 8.0272 18.6418 14.6710
v 9.2902 3.3479 15.7246
v 10.1511 2.5063 14.8534
v 4.1939 7.5741 18.4681
v 15.4326 2.5271 11.6360
v 26.4142 18.5084 -0.1025
v 8.8536 17.7373 15.3170
v 5.7345 5.7168 17.6828
v 4.0002 16.8709 17.5772
v 4.4988 12.6834 18.9274
v 30.6005 2.4276 -5.9578
v 6.5937 4.3763 17.0715
v 11.0803 2.1958 14.0554
v 12.7863 2.2949 13.1095
v 3.4841 5.1598 18.1329
v 2.4459 6.2538 18.6520
v 2.2892 7.9742 18.9909
v 3.5792 10.6147 18.9890
v 1.8479 9.5963 19.2872
v 1.9548 11.7713 19.3424
v 3.5276 13.6753 18.9136
v 1.8019 13.9397 19.2207
v 0.2525 12.7542 19.6058
v 2.1554 15.9896 18.4836
v 0.7304 14.8177 19.2278
v 0.1769 15.9683 18.8720
v 0.4018 9.9411 19.5209
v -0.6665 11.0605 19.7508
v -0.9595 12.3376 19.8564
v -0.8252 13.1905 19.8041
v -1.0601 12.8985 19.9094
v -1.1555 14.5992 19.3727
v 0.9315 8.1154 19.2598
v 4.7144 3.6721 17.3062
v 0.8664 6.2658 18.9387
v 1.5465 4.7615 18.4618
v 0.2284 4.6864 18.6762
v 2.3576 3.5291 17.8813
v 6.9302 3.0485 16.3800
v -1.1062 9.4976 19.6424
v 0.3810 16.8253 18.3183
v -0.8203 7.3200 19.3028
v -0.5117 5.3816 18.9314
v 1.1176 17.1099 17.9524
v 2.0544 17.5054 17.2859
v 9.0592 2.1673 15.1498
v 8.0374 2.2860 15.6215
v 6.1402 17.5278 16.4402
v -0.7390 4.2649 18.6876
v -2.4417 8.5122 19.5713
v -2.8382 6.6536 19.3070
v -0.0301 3.2609 18.1707
v -1.2978 3.7557 18.5863
v -2.1928 4.8317 18.9052
v 2.8843 2.4015 17.1598
v 1.4738 2.5817 17.6232
v -2.3066 11.0091 19.7559
v -3.9368 9.2948 19.6319
v 4.8474 2.1433 16.3777
v 7.7543 17.9075 15.5142
v -3.9396 7.6081 19.4535
v -4.0565 6.4751 19.2895
v -3.8916 5.4616 19.0906
v -3.6908 4.5924 18.9023
v -4.1807 11.0158 19.6866
v -5.2142 9.8977 19.5929
v -3.8931 13.5006 19.4884
v -5.5266 11.5880 19.5836
v -5.9296 13.1845 19.4921
v -6.2737 14.5519 19.1535
v -6.8550 13.5983 19.3617
v -5.1372 15.8417 18.6968
v -3.9291 3.8217 18.6400
v -2.3264 3.2396 18.4075
v 6.2167 18.1337 15.6963
v 5.5677 19.2881 14.7584
v -1.6351 12.9995 19.7948
v -3.0839 15.6946 18.9104
v -1.4706 16.6746 18.3693
v 4.3776 17.7463 16.5871
v -4.9471 6.7961 19.2744
v -5.5928 8.1544 19.3696
v -4.8342 5.9840 19.1507
v -4.9769 5.4566 19.0328
v -7.1350 12.1298 19.3887
v 3.7972 18.7592 15.5706
v -4.8351 4.7329 18.8633
v 19.4103 2.2043 9.0091
v 29.4798 1.9944 -3.9897
v 28.3475 1.6925 -1.9730
v 23.4047 1.8771 5.0808
v 27.1324 1.4029 -0.1640
v 25.8626 1.3543 1.4737
v -6.6635 9.9632 19.4008
v 6.6007 1.7415 15.4539
v -3.8565 16.9874 18.0547
v -8.3220 10.4801 19.1563
v -8.4696 12.1370 19.1753
v -2.1835 2.0841 17.6770
v -7.9582 8.1925 18.9934
v 7.6095 71.4638 11.0740
v 8.2529 72.6739 11.0532
v 9.0449 73.3773 10.3628
v 8.9568 74.1544 11.0676
v 9.6651 75.4191 10.5425
v 8.9061 75.3832 11.4085
v 9.6244 76.8945 11.4532
v 10.2685 77.6597 10.3784
v 10.2003 78.3529 11.5885
v 9.7885 77.7674 12.0464
v 9.9049 78.4645 12.3271
v 10.0286 79.5084 12.2283
v 10.3279 79.8409 10.8711
v 9.8524 81.3259 12.1752
v 9.5721 80.2178 12.9917
v 9.3858 81.2300 13.1301
v 9.1229 82.5040 12.9711
v 9.3774 83.6017 11.8391
v 8.5324 84.2343 12.9459
v 8.4210 85.6752 12.0681
v 9.9819 82.2273 10.5394
v 9.6202 83.7758 10.7213
v 8.9867 85.1345 10.7363
v 7.9010 87.1611 10.9414
v 7.4336 87.4404 12.1597
v 0.5901 1.6309 16.9355
v -4.3869 2.6330 18.0757
v -6.3144 5.9450 18.9204
v -8.5639 6.3923 18.6241
v -6.1782 3.7876 18.3936
v -7.8080 16.1320 18.1768
v -5.9798 17.1513 17.7122
v -8.7182 4.6778 18.2334
v -8.1391 3.2283 17.9272
v -6.8219 2.3340 17.6515
v 3.0632 1.5344 16.3356
v -9.6421 3.4888 17.7355
v -10.0218 4.1814 17.8626
v 6.2432 89.4016 11.4056
v 2.3856 18.2986 16.2731
v 27.2244 18.5474 -2.1930
v 27.6931 18.6184 -4.0435
v 32.4790 5.0201 -11.3561
v -9.3054 2.3722 17.2463
v 7.1314 88.4096 9.8893
v 5.9717 90.0267 9.7268
v 4.9933 91.0891 10.6227
v 19.4753 30.4966 0.3724
v 28.4897 18.2269 -5.7517
v 30.6317 16.6761 -8.9377
v 31.5320 15.4205 -11.0836
v 30.7201 16.6347 -10.5682
v 17.2134 38.9829 2.6838
v 25.8659 21.0629 -7.7076
v 22.5923 28.5701 -4.4541
v 22.0286 29.0231 -2.4031
v 21.0216 29.6092 -1.0225
v 27.8026 18.7207 -7.2433
v 32.6450 7.3496 -11.9434
v 32.7854 8.4181 -11.9580
v 14.2311 50.9869 3.7966
v 17.5156 32.9019 1.8000
v 32.4630 11.4162 -12.1118
v 13.6115 52.3766 3.5877
v 15.0400 48.7058 3.5358
v 13.1958 54.3114 4.0895
v 29.1333 17.8053 -7.9878
v 16.2882 45.3525 2.7112
v 31.9181 3.3321 -11.6706
v 16.8271 34.6716 1.4898
v 12.6374 56.1246 4.0551
v 32.1107 13.6507 -12.1230
v 16.5904 43.7551 2.0129
v 9.1444 63.2716 6.4151
v 17.0148 41.9895 2.2010
v 16.8652 36.9370 1.8287
v 32.5736 9.0211 -12.2881
v 0.7302 85.0589 -1.6823
v 0.9033 83.9262 -1.6351
v -0.2763 85.0231 -2.3825
v -0.7829 83.8059 -2.9098
v -0.3334 81.3134 -2.7070
v 2.2904 82.3160 -0.5439
v 2.3500 80.0021 -0.5875
v 1.2225 78.8701 -1.5997
v -0.0428 78.6907 -2.6658
v -1.5645 78.9137 -3.7984
v 2.1824 78.6637 -0.7812
v -0.5389 77.3121 -3.0774
v -1.7598 77.3249 -3.9751
v 0.8820 77.2773 -1.8968
v 3.9786 81.3602 0.9347
v 3.7234 82.8511 0.8070
v 2.1939 77.5798 -0.7422
v 4.0657 79.2836 0.9908
v 2.9380 78.4516 -0.0866
v 4.4341 82.5001 1.4509
v 0.2556 76.0620 -2.3517
v 2.8200 84.2364 0.2204
v 1.5146 85.0849 -0.9165
v 3.8607 77.0399 0.8463
v 1.9494 75.5722 -0.7887
v 5.4819 78.5377 2.4245
v 3.5936 75.1893 0.7242
v 5.6347 80.6448 2.6219
v 6.3664 79.4976 3.3658
v 5.0262 82.1129 2.0551
v 4.7796 75.3785 1.8655
v 5.7327 76.7079 2.7849
v -1.2076 76.0059 -3.4417
v 4.2112 74.3659 1.4517
v 6.9502 78.3191 4.1037
v 7.1086 80.6399 4.3456
v 6.5338 81.5993 3.7065
v 5.9827 82.5055 3.2288
v 6.9555 76.2987 4.2708
v 5.0673 74.2596 2.3738
v 6.1219 74.8630 3.5073
v 8.5948 79.6442 6.2750
v 7.9232 77.1151 5.4395
v 4.7431 83.7130 2.1166
v 7.0798 82.7211 4.5989
v 8.0501 82.1462 5.7867
v -2.6209 78.0247 -4.5198
v -0.0767 74.4864 -2.2876
v 1.4446 73.6012 -0.8350
v 3.0832 73.7778 0.6218
v -2.6369 80.6348 -4.3244
v -2.8709 82.2054 -4.2818
v -2.3553 83.4097 -3.7968
v -2.9787 79.1806 -4.6555
v 6.3748 84.3490 4.2353
v 7.2050 83.9229 5.0458
v 9.0243 76.8194 7.0289
v 9.3740 78.5453 7.2258
v 9.7302 79.5583 7.8548
v 9.5693 81.2337 7.9433
v 8.9132 82.3070 7.1198
v 7.7346 83.7485 5.7475
v 8.3798 83.5518 6.6682
v 3.7701 85.3080 1.6372
v 9.8430 78.1102 7.9891
v 7.6804 74.7273 5.6936
v 5.6047 73.4414 3.3048
v 6.5885 73.4791 4.5747
v 0.3246 72.9722 -1.5427
v 9.8373 76.8272 8.3106
v 4.4705 73.3858 2.0811
v 8.7795 74.5979 7.3757
v 5.0729 85.6460 3.3053
v 2.1324 85.9109 0.1960
v 10.2234 79.0451 8.7370
v 6.0637 85.6638 4.4599
v 7.2935 84.6296 5.4834
v 1.0424 72.5788 -0.8081
v 1.9983 72.4403 0.1700
v -2.8628 76.6318 -4.5222
v 9.4740 75.3358 8.3131
v 6.7926 85.6398 5.4393
v 9.4542 82.8126 8.2920
v 4.9742 72.5249 3.0535
v 3.6419 72.2072 1.8912
v -2.4086 74.6133 -3.8145
v -1.1820 72.9240 -2.5337
v 5.9327 72.3566 4.3031
v -1.9603 84.8924 -3.3507
v 8.8272 84.0681 7.8812
v 8.2235 73.0008 7.4610
v 7.0317 72.2691 6.0216
v 0.5883 85.7355 -1.4566
v 7.8480 85.0652 6.7343
v 10.1721 80.5121 9.2374
v 10.2536 77.8181 9.0562
v -3.8249 81.7269 -4.7672
v -3.6912 82.4527 -4.6853
v -3.7625 78.1248 -5.0035
v -3.9558 76.8967 -5.0274
v -4.0911 79.9660 -4.9824
v 9.8715 82.2061 9.0963
v 3.4955 86.6966 2.2695
v 4.7287 86.6408 3.5157
v 5.5554 86.7989 4.7099
v 2.2736 71.3219 1.1225
v 9.0119 73.6191 8.5036
v 4.8164 71.4833 3.5831
v 3.4691 70.9189 2.5766
v 5.8434 71.2366 5.0285
v 0.1785 71.4209 -0.7784
v -1.8280 71.5918 -2.3885
v -1.2951 70.9550 -1.7494
v -3.3499 72.7332 -3.5813
v -4.1210 75.7318 -4.8149
v -4.0190 74.2595 -4.3959
v -2.1306 70.7288 -2.1411
v -3.1800 71.1028 -2.7794
v 6.3421 70.3622 6.5730
v 4.4427 69.9663 4.3795
v 5.4377 69.3924 5.9878
v 4.6054 68.5143 5.5470
v 2.4794 68.2137 3.5771
v 1.8164 69.8837 1.7787
v 3.7360 67.3022 5.0806
v 5.1152 67.4636 6.5767
v 4.4682 66.3490 5.7938
v 2.9569 66.2304 4.3128
v 5.4951 66.3436 7.1859
v 5.9835 68.8192 7.2599
v 2.5753 67.1328 4.1008
v 1.7221 66.6682 3.4535
v 1.9674 67.3105 3.5886
v 1.1307 67.2598 2.8719
v 0.3962 66.2416 2.3268
v -0.2920 67.2145 1.7433
v 6.0209 67.5682 8.1143
v 0.7294 67.9464 2.2437
v -1.3232 66.2576 1.2380
v -1.7175 67.2523 0.8489
v -0.6272 68.3612 0.9104
v 1.5977 65.9260 3.1532
v 6.5819 68.6237 8.8386
v 1.0094 68.6963 1.9606
v -0.2485 69.6651 0.1451
v -1.4100 70.2698 -1.2756
v 0.5158 69.1299 1.1872
v 7.6820 71.2847 8.1852
v 6.1106 66.5897 8.7388
v 7.1410 69.9609 8.6784
v 8.4795 72.2621 8.7985
v -2.8515 67.9648 -0.0180
v 4.9630 65.7809 6.1889
v -3.2383 66.5081 0.4800
v 9.9968 76.2077 9.3442
v 9.5053 74.3886 9.4621
v 5.3946 65.4778 6.5801
v 6.0291 65.5663 7.8333
v 7.7200 70.7125 9.0863
v -2.0517 69.1672 -0.6519
v 0.9611 65.4010 2.4021
v -0.3891 65.0704 1.4108
v 4.4101 65.2054 4.9913
v -2.2188 65.3350 0.7353
v 6.3858 67.7048 9.6307
v 8.9332 72.8577 9.4959
v 10.4270 79.0181 9.6611
v -4.5371 73.6202 -4.2822
v 2.4143 65.1839 3.2141
v 7.9687 71.2712 9.9327
v -2.9040 70.0415 -1.8976
v -4.5755 78.7310 -5.1808
v -1.2788 86.0598 -2.4504
v -3.8940 84.6338 -4.0110
v -4.2919 82.9364 -4.5703
v -4.4111 71.6033 -3.2980
v 6.8538 86.8690 6.7018
v 6.9227 69.2250 9.9791
v -4.8680 77.1823 -5.0983
v -4.8959 75.9314 -5.0096
v -4.1847 69.0649 -1.2686
v 9.4306 83.8659 9.4840
v 6.1922 65.8874 9.3483
v 5.3093 88.3554 5.9206
v -5.1184 72.8473 -3.8919
v 8.1088 86.2515 8.8738
v 6.1841 66.8121 9.8538
v 10.2685 77.6597 10.3784
v 6.4256 88.6584 8.1057
v 5.0376 89.5982 6.8103
v 9.9819 82.2273 10.5394
v 9.6202 83.7758 10.7213
v 10.3279 79.8409 10.8711
v -4.4032 70.4251 -2.5125
v -5.5478 75.0864 -4.6156
v 7.1314 88.4096 9.8893
v -5.1375 81.2518 -4.9188
v 5.9376 64.8361 6.4598
v 6.7465 64.6915 8.2525
v 8.9867 85.1345 10.7363
v -5.3546 79.2824 -5.0764
v 9.6651 75.4191 10.5425
v 9.0449 73.3773 10.3628
v 7.9010 87.1611 10.9414
v -5.1295 67.6253 -0.1098
v -17.2438 49.3840 2.6164
v -17.0613 50.2306 1.5779
v -16.7696 50.6367 3.0051
v -17.5158 49.1644 0.9892
v -16.6929 51.0792 1.4255
v -17.2447 50.2250 0.7353
v -16.9972 50.6508 0.9690
v -17.3190 49.5192 4.7963
v -16.6226 51.3607 5.0606
v -17.4323 48.5666 1.9487
v -17.2680 48.1979 3.3161
v -17.5189 48.3057 1.2326
v -17.4021 47.8538 5.3245
v -17.5032 47.6876 0.6093
v -17.1278 50.8297 0.4932
v -17.3790 47.9399 1.8255
v -16.6251 51.7565 0.5623
v -15.7932 51.9658 2.4137
v -17.5935 50.0292 0.2268
v -18.2757 48.8669 -0.1491
v -15.8055 52.2204 5.0853
v -17.5089 50.7177 6.2514
v -17.8778 49.3933 6.1385
v -16.9892 51.8434 6.6675
v -17.7690 48.6757 5.8019
v -16.2900 52.2276 6.4092
v -15.7687 52.5146 0.3598
v -18.3848 48.0595 6.4445
v -16.6605 52.6974 7.4561
v -16.9304 47.2901 4.1658
v -16.8642 47.2090 2.4082
v -17.7622 50.8832 -0.1052
v -16.7100 52.9095 -0.2727
v -8.1039 94.0058 11.7090
v -7.9085 94.5246 10.5446
v -8.9976 94.2884 11.2389
v -6.2157 94.2903 11.5534
v -5.3545 94.8072 10.3666
v -3.9694 94.3364 11.5668
v -2.7622 94.6833 10.4301
v -4.2240 95.0000 9.5800
v -9.3004 94.3968 10.7493
v -1.2955 93.8331 11.7598
v -0.4913 94.1733 10.6068
v -5.1230 93.8143 12.2436
v -2.9301 94.9092 9.2155
v -1.1549 94.5311 9.5772
v -5.4272 94.9212 9.2346
v -10.1479 94.0469 11.0369
v -6.6983 94.7497 9.4553
v 1.3371 93.2287 11.1897
v -3.3574 93.5575 12.4598
v 0.9798 92.5725 12.5254
v -1.4801 92.9683 12.8014
v -0.3077 92.3156 13.1655
v -9.7015 93.6746 11.7364
v -7.0488 93.3386 12.3659
v 3.6956 91.5803 11.7542
v 1.0143 93.7386 9.7625
v 2.8757 91.1004 12.9578
v 0.9206 91.5635 13.2964
v -8.9842 93.1222 12.2673
v 4.9206 89.9965 12.6849
v -11.3062 93.2562 11.4493
v 3.3047 92.4276 10.1875
v 3.8863 89.8065 13.3335
v -3.4565 92.6021 13.0221
v -5.3280 92.8292 12.7873
v 4.9933 91.0891 10.6227
v 5.3108 88.5535 13.3685
v 6.2432 89.4016 11.4056
v 6.4387 88.3370 12.7597
v 6.4054 87.5997 13.2944
v -10.7612 92.5478 12.1789
v -12.7671 92.0489 11.8103
v -12.1536 91.4517 12.3733
v -13.1462 91.3132 12.2159
v -13.9103 91.0654 12.0162
v 7.3509 85.9891 13.1646
v 7.4336 87.4404 12.1597
v 8.4210 85.6752 12.0681
v 8.5324 84.2343 12.9459
v 0.8600 32.7474 13.4315
v 2.0543 34.0896 13.2696
v 0.4098 34.1505 13.4202
v -0.3747 33.3739 13.5255
v 2.6203 32.9184 13.2624
v 1.2695 35.5581 13.1945
v 3.0941 35.5168 12.9942
v 2.2104 36.3517 13.0236
v 2.8573 37.2193 12.8630
v 1.4326 37.1956 13.0024
v -0.2304 36.6673 13.1498
v -0.3417 35.1644 13.3365
v 2.2044 39.0904 12.7662
v 0.1723 38.5154 12.9559
v 3.4298 38.1444 12.7113
v 3.9820 39.1944 12.5500
v -1.2145 34.0828 13.4652
v 4.4989 37.0750 12.6328
v 3.5435 33.6677 13.0737
v 3.2499 40.7390 12.5326
v 3.2232 42.9086 12.3622
v 3.1448 44.8946 12.1949
v 1.3658 44.9623 12.4162
v 2.5987 46.3721 12.1188
v 1.6843 43.0030 12.5371
v 1.8530 41.4679 12.6267
v 0.4170 40.4096 12.8035
v 1.3823 48.2777 12.2003
v -1.1396 47.0579 12.4529
v -0.4417 44.7428 12.5555
v 0.1034 42.7614 12.6500
v 4.7858 41.1289 12.2685
v 4.7552 42.8189 12.1286
v -0.8409 39.6159 12.9173
v -1.0933 40.9588 12.8173
v 5.4801 38.9627 12.3115
v 4.7057 34.6455 12.7676
v 3.4758 32.5760 13.1250
v 4.6123 44.4306 11.9151
v -1.7385 39.7955 12.9194
v -1.9183 38.2939 13.0168
v -2.1224 39.5175 12.9382
v -1.8830 35.6389 13.2753
v -1.8924 42.4939 12.6949
v -1.3061 43.9269 12.6113
v -1.4336 45.0463 12.5534
v -0.1609 51.2114 12.3616
v 1.4150 50.8522 12.1735
v 1.4022 53.4079 12.1637
v -2.8274 50.9425 12.4417
v -0.1541 54.5733 12.3828
v 1.1621 56.2954 12.2111
v -0.6945 57.4131 12.3490
v -1.3442 55.1099 12.4800
v 1.5095 58.4240 12.1307
v 0.6238 59.8347 12.1637
v -1.3304 53.2046 12.4737
v -1.3207 59.8294 12.2919
v -0.2695 61.4725 12.1971
v 1.3928 61.3187 12.0370
v -2.6907 61.7139 12.3155
v 2.9438 59.7178 11.8234
v 0.7781 62.8450 12.1169
v -0.7839 62.8850 12.2544
v 2.6592 62.4660 11.8357
v -2.3311 55.8417 12.4642
v -3.7462 57.9642 12.3520
v -2.2740 53.9078 12.5001
v 2.5694 57.5493 11.9669
v 2.3026 55.4047 12.0144
v 2.3648 58.7152 12.0166
v 2.6224 31.4770 13.1979
v -0.0839 30.6069 13.4310
v 2.1529 29.3853 13.1923
v 0.6360 28.9875 13.3600
v 1.6314 28.5823 13.2509
v 2.2709 28.1631 13.1810
v 1.2432 27.8770 13.3104
v 2.5170 27.1115 13.2150
v -0.7164 28.0503 13.4721
v -0.4685 29.3324 13.4633
v 0.9439 26.6168 13.4349
v -0.9159 26.3334 13.5851
v 3.4630 28.0956 13.0296
v 3.9466 26.7067 13.0640
v -1.5209 29.4973 13.5005
v 4.0826 29.7901 12.9204
v 5.3424 27.7041 12.7495
v -2.6104 27.1139 13.5626
v -2.6252 28.6933 13.5106
v -3.2593 30.5519 13.4725
v -1.5972 32.5185 13.5223
v 2.8442 25.6083 13.3659
v 0.5447 25.0698 13.6756
v 5.1633 25.3169 13.0492
v -2.6501 25.0938 13.7722
v -0.2853 64.8601 12.3274
v -1.8530 63.6027 12.3676
v 1.6148 64.2400 12.0648
v 1.6503 66.9184 12.1829
v -3.3035 63.6557 12.4404
v 4.6748 32.1951 12.8357
v 5.8009 29.9426 12.5804
v -2.5846 40.3234 12.8420
v -2.9217 44.4881 12.5404
v -4.2308 47.0993 12.3938
v -5.4152 60.5832 12.2642
v -5.3186 63.1476 12.4050
v -3.4662 32.3103 13.4833
v -3.3362 33.8556 13.3766
v -3.9639 36.2397 13.0932
v -3.4216 42.1909 12.6594
v -4.4592 28.1363 13.4478
v -3.8417 26.5631 13.5739
v -3.6431 54.2576 12.4378
v -5.6002 55.0065 12.3304
v -4.8209 49.3094 12.3606
v -5.0278 51.8668 12.3596
v -5.9451 57.0854 12.2902
v -5.9782 58.6345 12.2494
v -6.5942 56.1037 12.2698
v -3.7099 38.5911 12.9067
v -4.6565 45.1153 12.4233
v -4.9711 43.0798 12.4956
v -4.4110 40.4356 12.7133
v -5.4011 26.0739 13.5082
v -5.4581 47.6578 12.3181
v -6.6767 52.7185 12.2372
v -6.9877 55.0406 12.2259
v -6.2406 49.4977 12.2574
v -6.1543 46.0735 12.2716
v -5.3763 46.8383 12.3224
v -7.1349 59.3866 12.1416
v -7.3596 57.0393 12.1588
v -7.6588 61.5243 12.1393
v -5.3959 38.0183 12.7927
v -5.9817 40.6131 12.5400
v -6.6795 42.9206 12.3174
v -5.6963 35.8441 12.9424
v -5.4742 34.3038 13.1065
v -6.2625 30.0301 13.1890
v -5.3009 32.2771 13.2725
v -2.5563 65.1985 12.5452
v -1.4508 67.2495 12.5789
v -2.9213 66.8885 12.6972
v -0.0147 66.8081 12.4299
v -2.9024 68.9316 12.7120
v -3.7743 67.6667 12.7655
v -0.0240 68.7252 12.4955
v -1.5055 70.2975 12.6301
v -0.0332 71.5185 12.5423
v -4.4682 69.7327 12.7514
v -3.2066 72.5379 12.6714
v -4.5847 67.3317 12.7860
v -5.6855 67.5446 12.8114
v -6.2501 69.7673 12.8256
v -5.0144 73.3626 12.6499
v -4.2404 71.7516 12.6870
v -3.9447 73.6321 12.6432
v -6.8223 71.6135 12.7618
v -7.5623 67.4027 12.9237
v -1.3217 73.1593 12.6286
v -2.0801 74.7939 12.6696
v -0.9749 75.3752 12.6584
v -1.8964 77.5784 12.7419
v 0.1300 74.1383 12.5739
v -2.7312 75.0562 12.6753
v -3.5524 75.1889 12.6530
v -4.3930 79.0298 12.6409
v -6.9701 73.9453 12.5923
v -6.5399 77.3136 12.4961
v -3.8821 66.2067 12.7177
v -4.9781 66.1711 12.7457
v 0.5663 76.8078 12.7357
v 1.4283 72.5449 12.4215
v 1.2212 70.0083 12.3917
v 1.3905 74.7720 12.4962
v -8.1875 69.6432 13.0160
v -8.0946 72.0195 12.8348
v -8.3221 74.0361 12.6596
v -7.6462 75.8572 12.4547
v -7.5731 77.2127 12.4006
v -8.2482 76.9380 12.4368
v -8.8300 75.6977 12.5763
v 2.9125 73.8879 12.3213
v -8.1776 78.5055 12.5150
v -7.1627 80.3862 12.5809
v -6.0037 79.9860 12.5673
v -6.1787 82.8638 12.7104
v -4.3854 82.5537 12.7250
v -7.5098 82.0138 12.6767
v -7.9663 83.3151 12.7716
v -7.3856 84.3511 12.7968
v -8.9502 81.1903 12.7423
v -8.4306 85.3548 12.9258
v -9.5438 83.5682 12.8967
v -10.3666 85.5520 13.0180
v -9.3043 87.3622 13.0646
v -11.2813 87.3638 13.0388
v -12.2092 85.6567 13.0755
v -11.4039 83.4586 13.0382
v -10.3099 82.1646 12.9201
v -13.2910 84.1765 13.1399
v -12.8339 82.3748 13.1543
v -14.5769 82.7483 13.2511
v -13.5922 80.8955 13.2684
v -11.4671 80.3879 13.0234
v -9.7573 78.9656 12.7274
v -15.0009 81.1148 13.3792
v -14.6577 79.4532 13.4247
v -16.1744 80.3214 13.4550
v -16.0091 78.0689 13.5248
v -14.1223 76.9119 13.4725
v -13.2277 79.1061 13.2891
v -16.2165 81.8484 13.3604
v -15.8631 76.1951 13.6504
v -15.0454 75.0781 13.6737
v -15.9214 74.9389 13.7296
v -15.2889 73.1435 13.7003
v -13.7824 73.6652 13.5928
v -14.4207 72.5591 13.6965
v -14.8755 84.5550 13.1406
v -14.0031 85.8658 13.0658
v -12.9602 87.0781 13.0225
v -12.3403 77.8594 13.1873
v -11.9024 75.4137 13.2074
v -9.1311 67.7933 13.1409
v -10.5343 68.8455 13.3282
v -9.4976 70.8505 13.1479
v 3.1700 70.3496 12.1362
v 4.1852 72.6760 12.1370
v 4.6909 74.4585 12.1598
v -9.3297 77.2436 12.6124
v -16.4931 75.4434 13.6979
v -10.0031 89.4147 12.9940
v 5.0779 73.1943 12.0534
v 6.2457 74.1716 11.9390
v -12.2232 73.2522 13.4300
v -12.8215 71.8964 13.5821
v -11.5756 71.8128 13.4362
v -14.0131 70.9179 13.6202
v -12.3139 70.0938 13.5769
v -10.8275 70.5994 13.3888
v -10.3878 71.8396 13.2420
v -16.4869 81.1418 13.4492
v 2.2027 75.7849 12.5183
v 3.7595 75.7710 12.4173
v -6.2932 65.4647 12.6823
v 5.4598 74.9235 12.0912
v -12.4880 68.4987 13.4552
v -10.8565 77.5794 12.9118
v -10.1908 75.8243 12.8264
v -16.4234 83.8131 13.1406
v -9.3869 72.7050 12.9684
v -9.6420 74.3837 12.8356
v -10.6316 74.7605 12.9984
v -10.8158 73.4452 13.1676
v -4.3730 64.8772 12.6016
v -4.6912 84.4301 12.8144
v -5.5643 85.9571 12.9666
v -7.0034 85.3027 12.8792
v 3.1588 64.5598 11.7847
v 5.3133 71.2394 11.8630
v 4.5651 69.0519 11.8366
v -12.6493 88.6990 12.8826
v -7.3078 87.1609 13.0911
v -8.0334 88.7704 13.1831
v -13.1447 69.4535 13.6289
v -13.1594 69.9575 13.6774
v -3.4618 81.7479 12.7497
v -2.7755 80.3598 12.7669
v -10.5573 67.0136 13.1250
v -11.7853 67.4901 13.2641
v 6.2230 37.1635 12.2802
v 5.8178 35.6157 12.4702
v 6.1675 33.6718 12.4572
v -16.5663 74.2003 13.6655
v -16.3851 72.4917 13.6001
v 5.5638 75.6898 12.2241
v -4.0002 85.6998 12.9512
v 6.3069 40.4156 12.0213
v 6.9140 38.6268 12.0151
v -17.1123 81.0029 13.4007
v -17.8391 79.1012 13.3420
v -15.6111 71.3101 13.5477
v -17.2996 75.9273 13.5201
v -3.3197 84.1432 12.8801
v -3.4230 85.4556 12.9426
v -16.0658 85.8630 12.9378
v -14.5496 87.5317 12.8791
v -7.5605 90.2288 13.1598
v 7.0556 75.7690 12.0282
v -8.5748 65.5441 12.6895
v 6.8316 28.3542 12.3851
v 7.7351 26.0769 12.3423
v 6.3275 42.7738 11.7762
v -0.4098 78.3331 12.8731
v -0.7345 79.6542 12.9688
v 4.4075 66.5681 11.4794
v 6.3893 31.6558 12.4284
v 7.2949 30.0337 12.2049
v 7.9923 28.2789 12.0855
v -7.8083 63.9121 12.3894
v 4.2260 61.4886 11.4800
v 4.3067 63.1703 11.4248
v 4.3567 64.5086 11.4427
v 2.2190 51.5860 11.9755
v 2.2512 49.8052 11.9642
v -9.2802 66.5966 12.9683
v 3.2696 55.8343 11.7790
v 7.1779 37.1827 12.0466
v 7.2808 35.4549 12.0879
v 3.0177 53.3864 11.7480
v 5.2926 59.6993 11.2160
v -17.9890 80.8726 13.3081
v -5.1278 24.2727 13.8154
v -2.5906 82.5250 12.8739
v -2.5846 83.6683 12.9302
v -1.6709 81.0459 12.9348
v -17.1420 84.9163 12.9513
v -5.4634 87.9064 13.2475
v -3.3563 88.6853 13.4444
v -3.9372 86.9975 13.1716
v -5.2251 89.3526 13.3884
v -3.1924 90.4083 13.5007
v -6.6786 88.6029 13.2798
v -6.6712 89.5575 13.3031
v -5.2573 90.7727 13.3080
v -3.6454 91.2405 13.3888
v -2.1836 91.8678 13.3258
v -7.4733 51.0184 12.1288
v -7.4068 48.5800 12.1132
v -9.0411 58.0179 11.8914
v -11.7609 90.1178 12.7658
v -6.6623 27.8500 13.1933
v -17.7813 82.2483 13.1601
v -14.2213 88.8961 12.7224
v 2.3897 24.4404 13.6488
v 1.3211 23.8785 13.8663
v 2.8628 23.4121 13.7859
v 0.8237 22.6990 14.1379
v -0.5710 23.8474 13.9795
v -1.7485 22.7948 14.2351
v -2.1386 23.7286 14.0495
v 3.7970 24.3360 13.4727
v 5.1577 22.9840 13.4712
v 3.0024 22.1480 14.0258
v -3.6858 23.3332 14.0987
v 8.0030 40.3879 11.5877
v 8.1763 42.7732 11.3333
v -10.4757 91.3068 12.6646
v -8.4315 91.2097 12.9204
v -6.4745 91.5781 13.0516
v 7.0984 72.2315 11.5458
v 8.0068 74.0024 11.5333
v 7.8135 75.2306 11.7678
v 4.2077 59.0882 11.5535
v 4.2420 57.4802 11.4923
v -2.3190 89.6613 13.5976
v -1.6295 90.2622 13.6259
v -0.8064 89.0584 13.6065
v -0.2199 90.7206 13.5841
v 1.8063 89.8091 13.5630
v -1.5098 91.0866 13.5547
v 0.9450 88.5439 13.6869
v 2.3142 87.5576 13.7603
v 3.7057 88.4515 13.6946
v 0.3254 86.9078 13.5976
v -0.5384 91.6702 13.4539
v 1.5682 85.6161 13.6855
v 2.7094 84.8842 13.7835
v 3.7537 86.5823 13.8423
v 4.0802 83.2017 13.8649
v 3.3221 87.7812 13.8218
v 5.1008 85.3304 13.8496
v 4.8411 87.3733 13.7329
v 5.4701 82.6029 13.9075
v 6.4762 84.4878 13.7441
v 7.3627 81.7275 13.7822
v 6.0978 80.6179 13.8511
v 7.0514 79.7461 13.7328
v 4.7139 82.1750 13.9210
v 8.1716 79.7640 13.5852
v 8.5174 80.6128 13.6501
v 4.7821 80.9137 13.7979
v 7.5215 83.9561 13.6300
v 5.9893 86.7565 13.5977
v -1.9424 86.7421 13.3283
v -2.9659 85.7979 13.0641
v -0.5996 85.0160 13.3635
v 3.6509 80.9329 13.6887
v 2.8115 82.1530 13.6895
v 1.7627 83.3745 13.6135
v -8.0929 54.2876 12.0570
v -8.2654 56.5838 12.0480
v 0.6535 84.3564 13.5089
v 0.5152 79.4701 13.0874
v -0.2327 82.1301 13.2216
v -7.2550 31.6268 13.0104
v -9.5853 61.3646 11.8614
v 1.8683 78.4580 13.0654
v -8.3059 46.4163 11.9458
v -8.4780 50.3924 11.9499
v -7.3544 44.4669 12.1549
v 3.0058 80.4301 13.5596
v 0.9773 82.2847 13.4345
v 1.9135 80.6163 13.4081
v 0.7868 81.0218 13.3073
v -9.4448 63.0220 12.0171
v -7.1964 40.8956 12.3396
v -6.9350 38.7747 12.5077
v -6.8093 36.6027 12.6866
v -6.7426 34.9691 12.8443
v -7.4823 26.3391 13.1806
v 5.9506 79.1993 13.5952
v -1.9750 84.1947 13.0810
v -2.2548 85.7819 13.1589
v -8.0847 42.7575 12.0716
v 2.7770 77.1154 12.7706
v 3.8588 78.9650 13.3196
v -17.9952 84.1059 12.8491
v -7.5997 33.3781 12.7920
v -7.4032 24.4944 13.5204
v -15.2421 88.4929 12.6510
v 8.6817 81.5714 13.5232
v 8.2539 83.0460 13.4978
v -4.8833 91.9582 13.1260
v -3.8786 91.7468 13.2713
v -10.2551 60.1600 11.6983
v -10.8910 61.5466 11.6116
v -12.0012 90.8121 12.6119
v -8.3897 30.5948 12.7586
v -8.2133 28.9071 12.8189
v -16.2348 87.6391 12.5669
v -10.3515 62.5529 11.7797
v -11.6117 63.3519 11.6029
v -8.1590 27.4875 12.9084
v -13.3882 90.2514 12.5022
v -6.2798 22.6106 14.0989
v -16.9794 86.6054 12.6970
v -17.6777 85.7637 12.6340
v -9.7231 53.3023 11.6988
v -10.4526 56.1636 11.5808
v -11.5548 58.8114 11.3620
v -8.1897 39.7561 12.1776
v -7.9442 37.5618 12.3651
v -8.0948 35.6269 12.4735
v 4.8576 77.0330 12.6888
v -3.9560 21.7267 14.4826
v -1.1003 21.5493 14.5184
v 1.4364 21.3088 14.4335
v 2.9855 21.2088 14.2822
v -9.9304 64.4115 12.2561
v -8.5794 31.8966 12.6909
v -13.7429 68.9504 13.4408
v -9.6028 49.1679 11.6534
v -9.7044 46.5093 11.5824
v -16.5314 71.2859 13.3701
v -18.9953 76.4639 13.0897
v -18.4393 74.5596 13.2329
v -17.4272 73.0994 13.3620
v -8.4940 26.6223 12.9180
v -8.6472 92.3151 12.6400
v -7.1875 92.3029 12.8009
v -9.7300 92.3665 12.4966
v 5.7882 57.5233 11.0561
v 7.0591 58.4794 10.7584
v 6.7195 56.7489 10.7732
v 7.3945 57.1732 10.6651
v 5.5160 54.7464 10.6518
v 7.9000 32.3912 11.9865
v 8.9730 29.7334 11.7229
v 6.7504 24.0924 12.9025
v 7.0207 22.8242 13.0690
v 9.0080 79.9254 13.4227
v 8.3471 76.3071 11.8750
v 7.9754 44.8641 11.0579
v 9.1157 43.7422 10.9667
v 9.3536 44.8918 10.7557
v 9.0984 45.6946 10.6756
v 6.1214 45.0713 11.3966
v 8.2242 37.5361 11.7137
v 9.0459 38.8961 11.4011
v 3.7165 46.0132 11.8768
v 7.9344 57.5753 10.5028
v -9.0427 22.6544 13.7112
v 9.2934 27.5027 11.7435
v 9.5583 26.0927 11.7869
v -9.4876 43.9946 11.6609
v 9.4500 39.9358 11.1975
v -12.1293 61.5716 11.2868
v -9.2922 41.2183 11.8039
v -9.6880 37.8939 11.8419
v -9.7413 34.4440 12.1009
v -9.4109 32.7175 12.3780
v -8.9881 25.6210 12.9802
v 8.3522 23.4336 12.5738
v 4.3059 21.3346 14.0263
v -8.8214 28.0151 12.7034
v -9.5821 27.0964 12.5764
v 7.5517 78.6869 13.3725
v 7.7613 55.4378 10.2569
v 9.6923 41.8091 10.9401
v 6.1027 21.3681 13.6411
v 9.3516 34.7839 11.4457
v 9.7742 37.5793 11.2051
v 9.7652 38.9663 11.1619
v 10.0683 29.9840 11.3543
v 10.6451 28.6825 11.2097
v 9.9380 31.6000 11.3469
v 10.2288 24.5331 11.7584
v 3.2400 48.0848 11.5902
v 7.0836 76.8545 12.4079
v 6.6152 22.1615 13.3084
v 7.8819 21.5848 13.1338
v -9.3826 24.1522 13.2423
v 8.2749 58.8167 10.3410
v -14.8501 89.3602 12.5054
v -11.0242 65.6699 12.5505
v -12.0325 66.6174 12.9434
v -6.0690 21.2604 14.5178
v 11.0329 26.5653 11.2329
v 5.7567 62.0583 10.9350
v 7.7463 60.6908 10.2156
v 9.1234 80.6418 13.4433
v -15.4293 69.5520 13.0703
v -8.0669 20.7833 14.4715
v -9.4925 28.4384 12.4763
v -9.8097 29.6495 12.3285
v 7.9885 84.3499 13.4243
v 10.9057 30.1414 11.0515
v -11.5558 54.2957 11.1689
v -10.8345 50.8966 11.2789
v -18.8609 80.8507 13.0398
v -13.0522 60.6364 10.9701
v -12.9186 59.3657 11.0282
v -12.7977 58.3386 11.0434
v -12.8223 56.5135 10.8576
v -13.3292 58.8299 10.9001
v -10.1879 25.9425 12.6032
v -10.5858 24.8642 12.7587
v 5.5468 68.4147 11.4171
v -2.8091 20.6388 14.8379
v -5.4519 20.0555 15.0680
v 10.9731 33.3135 10.9089
v 11.6723 31.3677 10.7022
v 12.3259 29.4182 10.5279
v 4.0545 54.9776 11.4488
v 8.9061 75.3832 11.4085
v -10.1251 31.3628 12.1838
v 11.5225 36.1159 10.5633
v 10.3224 21.8411 12.2435
v 12.0631 27.8202 10.7463
v 12.7367 26.7185 10.5660
v 6.2937 77.9319 13.0669
v -0.3475 20.1929 14.9972
v 3.0960 50.6077 11.5939
v 9.0338 47.0312 10.2061
v 6.8894 46.5901 10.5272
v 3.0442 20.1532 14.6928
v 12.7078 24.9855 10.7346
v 10.6391 44.0708 10.3534
v -19.6300 78.9023 12.7396
v 10.1499 45.8531 10.2870
v -10.8490 23.2558 13.1414
v 11.2300 47.6103 9.4878
v 10.1186 49.0889 9.5458
v 11.5188 51.0822 8.8666
v 9.7057 51.0999 9.3888
v 9.7845 54.3659 9.5416
v 8.6373 52.8021 9.4451
v 8.8700 48.9483 9.2357
v 8.9409 57.2080 10.0685
v 7.6958 53.7732 9.7087
v 6.8527 54.1562 9.9032
v 10.7913 39.3259 10.7193
v 12.0242 38.2430 10.2685
v 11.8913 23.1914 11.3295
v 12.4705 21.7251 11.3867
v 11.9109 41.8923 10.0134
v 12.3913 39.6882 9.9996
v 13.4558 27.9418 10.1546
v 5.2460 20.3751 14.1684
v 4.9116 46.5490 11.1113
v 5.6025 64.0089 10.7970
v 12.5574 33.2557 10.2267
v 11.5819 45.6490 9.7159
v 6.7229 70.1649 11.1036
v 7.0645 20.0927 13.9204
v -13.5877 62.3175 10.7955
v -11.4501 64.6212 12.0211
v -10.4153 21.2538 13.8644
v -10.5344 22.2674 13.5207
v -13.4953 67.6235 12.9913
v -11.1330 28.3777 11.9088
v -11.6575 26.2189 12.0884
v -11.0832 41.9469 11.1433
v 13.6442 23.0783 10.5867
v 14.0668 21.5723 10.7217
v 4.1219 53.3821 11.2576
v 3.6587 51.9463 11.3435
v 14.2284 26.4267 9.9149
v 13.4072 35.2002 9.7493
v 13.5438 37.7572 9.5529
v 13.9275 36.1208 9.4836
v 13.4083 31.0880 9.9150
v 13.9740 29.3592 9.7713
v 14.9315 24.5584 9.7356
v -10.5778 45.2961 11.2468
v -10.7122 47.8744 11.2078
v -13.4436 63.6753 11.0118
v -11.8839 38.1247 11.0286
v -11.3073 35.5000 11.4383
v -11.0352 34.0297 11.6921
v -10.8132 32.9340 11.8552
v -13.7202 57.7832 10.6536
v -14.0852 61.0351 10.5855
v -14.1397 59.5014 10.5549
v -12.7790 40.2891 10.5777
v -12.4054 24.0682 12.4294
v 9.4388 19.8328 13.3525
v -19.2525 82.7470 12.5533
v -11.4667 30.1087 11.6607
v -11.6496 22.0466 13.2819
v -12.0835 22.9042 12.8913
v 10.0720 57.1228 9.4978
v 9.1297 78.9439 12.9828
v 9.6244 76.8945 11.4532
v -12.5013 20.5119 13.5531
v 12.8009 44.2026 9.2685
v 13.3212 42.6226 9.2166
v 13.8183 40.8416 9.1305
v 9.3262 59.0554 9.7869
v 15.4321 22.5194 9.7891
v -13.1193 42.8370 10.2694
v -13.6160 41.1565 10.2098
v -12.1109 46.1839 10.3482
v -11.7360 49.3336 10.6849
v -11.9619 51.6746 10.7573
v -13.9477 39.7676 10.1231
v -13.2815 38.2109 10.4547
v -13.2935 35.6209 10.5519
v -12.0637 33.7506 11.2638
v -19.1156 74.7289 12.9645
v 11.6229 20.6701 12.0505
v 13.1351 20.2625 11.6196
v -13.2564 64.8474 11.4759
v 8.8794 77.2681 12.1982
v 15.0683 28.1284 9.2858
v -12.1704 31.8392 11.2724
v -13.2055 22.3865 12.6483
v -7.4855 19.7664 14.9993
v -8.5813 19.4945 15.0167
v 14.4137 33.2109 9.2163
v 14.4463 35.3859 9.1741
v 7.0681 62.7294 10.1432
v 10.7045 20.3740 12.5414
v -14.7606 41.7477 9.6592
v -14.0832 43.4660 9.7930
v -13.6539 44.9173 9.5666
v -14.7676 39.6743 9.7664
v -14.6366 37.8260 9.8428
v -15.7653 88.9089 12.3483
v -13.9435 23.6389 12.0122
v -2.8292 19.7559 15.2828
v 8.1793 77.8471 12.8012
v 9.3573 77.9931 12.5161
v -12.4763 29.1781 11.2424
v -13.5060 27.8664 10.9253
v -14.2155 25.2569 11.3637
v 7.6095 71.4638 11.0740
v 8.9568 74.1544 11.0676
v 8.2529 72.6739 11.0532
v -10.3044 19.5991 14.6510
v -12.3732 53.0205 10.6798
v 16.0469 26.2929 8.9043
v 15.3714 20.4496 10.4573
v -14.9842 57.7448 10.0681
v -15.6701 58.8941 9.8203
v 7.8888 47.5981 9.7979
v -14.6342 22.7132 11.9835
v -14.7805 21.1522 12.3396
v -15.4929 60.9754 9.8853
v -14.5590 55.7297 9.8930
v -13.0910 54.1261 10.3819
v 8.9334 50.7808 8.9721
v -15.0089 63.5840 10.0783
v -19.8722 80.9417 12.5287
v -15.7226 39.5198 9.2851
v -16.6806 41.5502 8.7309
v -16.0350 43.3438 8.9078
v -14.8835 44.1136 9.2142
v -12.9890 30.2603 10.8835
v -14.9458 23.7522 11.5536
v -16.7094 59.2034 9.2858
v -13.4822 33.2393 10.5569
v -14.2773 34.1739 10.0968
v -15.0213 90.0039 12.0935
v -17.3433 87.1255 12.3665
v -19.8671 77.0724 12.6220
v -13.3400 29.2517 10.7751
v -17.6112 43.9206 8.0143
v -16.0828 37.4805 9.0510
v -15.3115 35.2946 9.4250
v -16.1037 44.8784 8.4087
v -18.9033 84.8626 12.2161
v -18.6036 73.0858 12.7030
v -16.8510 56.9376 8.9080
v -17.6888 58.8022 8.6876
v -17.2197 39.0808 8.4278
v -13.9812 31.5489 10.2341
v -18.4656 41.4114 7.7327
v -18.7694 43.2803 7.5460
v -19.1315 44.5829 7.1572
v -18.2441 45.9581 7.1668
v -19.8297 46.5409 6.3315
v -17.0976 45.5525 7.7100
v -18.3848 48.0595 6.4445
v -19.4472 48.1800 6.3352
v -19.1908 49.1978 6.4300
v -18.3762 50.0448 6.6346
v -19.3932 50.8649 6.3987
v -17.9070 52.0647 7.1710
v -17.1465 46.6660 6.6879
v -19.1356 53.0602 6.8063
v -15.9281 22.7510 11.3032
v -19.6848 42.8374 6.9928
v -17.4717 60.2604 8.7452
v -18.2135 59.3117 8.3557
v -13.3631 66.2860 12.2704
v -17.9152 54.1901 7.8205
v -17.1791 53.2179 7.9120
v -16.1575 54.0777 8.4397
v -17.2472 71.0350 12.8585
v -14.3839 53.3227 8.9558
v -14.4616 19.1414 13.3873
v -20.3762 44.3677 6.4052
v -14.9053 33.1126 9.6379
v -20.3250 48.8481 5.6692
v -20.1870 40.4315 6.5657
v -18.7173 38.5274 7.4163
v -17.3026 36.2485 8.0699
v -14.9154 65.2467 10.5187
v 5.5677 19.2881 14.7584
v -19.0265 54.4182 7.1241
v -18.7835 55.8913 7.4379
v -12.3650 18.5443 14.7688
v 11.5138 19.5561 12.6668
v -20.8671 42.5601 6.1502
v -21.1840 41.3813 5.8890
v -16.7543 62.1292 8.7903
v -18.6859 58.2611 7.7458
v -19.7508 75.2995 12.3125
v 8.0272 18.6418 14.6710
v -19.8248 38.0270 6.5140
v -18.9373 36.3604 6.7274
v -14.7154 45.7880 8.1116
v -21.0375 45.2720 5.7250
v -16.6605 52.6974 7.4561
v 1.3189 19.0999 15.5990
v 3.7972 18.7592 15.5706
v -1.3021 18.9556 15.9248
v 9.9049 78.4645 12.3271
v -21.3299 43.8821 5.6823
v 9.3858 81.2300 13.1301
v -18.2099 86.6949 11.8808
v -7.3513 18.9840 15.5972
v -5.6320 18.8885 15.8925
v -3.8416 19.0039 15.8869
v -16.7048 88.7716 11.6441
v 9.1229 82.5040 12.9711
v -9.1225 18.7016 15.5408
v -10.4625 18.4109 15.5054
v 4.3884 52.1361 10.7137
v -16.1757 45.9069 7.6016
v -20.3299 50.6402 5.6061
v -20.2666 52.3246 5.6015
v -21.3474 40.3796 5.5734
v -20.8588 38.6304 5.6315
v -21.2956 46.5258 5.0549
v -13.0359 52.1672 9.8721
v -15.3739 67.6907 11.7799
v -14.6076 66.0853 11.3019
v -16.7092 69.4948 12.1979
v -12.4735 50.5325 10.1021
v -18.4863 59.8074 7.9633
v 10.0286 79.5084 12.2283
v 3.7917 50.7576 11.0338
v 3.7193 49.4885 10.9862
v 9.5721 80.2178 12.9917
v -17.8778 49.3933 6.1385
v -17.5089 50.7177 6.2514
v -16.9892 51.8434 6.6675
v -20.3017 81.9971 11.7810
v -19.8786 83.8626 11.5843
v -20.4701 80.0941 11.8666
v 6.1032 53.3921 9.1971
v -13.2357 46.7792 8.7668
v -15.4040 52.7459 6.9032
v -12.5625 48.8933 9.6963
v 9.7885 77.7674 12.0464
v -8.0895 18.2058 16.2455
v -9.3349 17.8974 16.3259
v -6.3914 18.1289 16.6129
v -10.7703 17.5846 16.2514
v -4.7104 18.3754 16.4913
v -2.6641 18.0111 16.9980
v 2.3856 18.2986 16.2731
v 0.5286 18.3158 16.4907
v -9.2475 17.1612 17.1321
v -7.8507 17.4756 17.0952
v -7.8080 16.1320 18.1768
v -5.9798 17.1513 17.7122
v -4.7510 17.7856 17.1952
v -3.8565 16.9874 18.0547
v -1.4706 16.6746 18.3693
v -0.1560 17.6123 17.4606
v 0.3810 16.8253 18.3183
v -0.9348 18.2595 16.6737
v 4.3776 17.7463 16.5871
v 1.1176 17.1099 17.9524
v 2.0544 17.5054 17.2859
v 4.4102 48.3877 10.0824
v 4.8312 50.1975 3.6158
v 5.1791 51.4217 2.9456
v 5.2337 51.3141 5.0780
v 4.8808 50.1420 5.6416
v 4.8815 50.9627 1.9826
v 4.5375 50.0151 1.6450
v 5.2184 51.9530 1.1974
v 4.6734 50.9850 0.8710
v 4.9054 50.5259 7.0001
v 5.2463 51.6795 7.3570
v 4.7238 49.4169 7.0727
v 4.7689 49.3465 5.2538
v 4.6021 49.4881 2.7270
v 4.6901 48.8853 3.7458
v 4.4982 48.9733 2.0380
v 4.2555 49.1402 0.7359
v 4.6988 49.9787 7.9300
v 4.7650 50.6669 8.5142
v 4.5420 49.4713 8.7825
v 5.1136 52.2056 9.3315
v 4.3323 50.3394 10.0461
v 4.1755 50.3183 0.0391
v 4.8764 48.3765 6.0498
v 4.6607 48.5008 8.3413
v 4.4102 48.3877 10.0824
v 4.4043 48.5120 1.2980
v 4.2451 48.0876 0.3189
v 4.5888 51.4444 0.0572
v 4.8239 48.1929 4.1702
v 4.7851 48.0953 2.4578
v 3.8144 49.1228 -0.3102
v 5.7427 52.3759 3.1474
v 5.9037 52.5439 5.7573
v 5.7228 52.6318 7.9511
v 4.9279 52.2093 -0.1699
v 4.3884 52.1361 10.7137
v 5.5160 54.7464 10.6518
v 3.9481 51.5385 -0.9147
v 3.4261 49.9141 -0.9808
v 3.7917 50.7576 11.0338
v 3.7193 49.4885 10.9862
v 5.2870 53.1283 -0.5789
v 2.9176 48.3210 -1.1065
v 3.2400 48.0848 11.5902
v 5.0289 47.9170 8.0970
v 4.8316 47.9834 9.1599
v 6.1032 53.3921 9.1971
v -12.8165 48.9292 4.0562
v -13.1059 49.3364 5.7291
v -13.2365 50.3279 5.1502
v -13.2526 49.9074 6.6514
v -13.1050 48.9296 7.0086
v -13.4187 50.5471 6.5085
v -13.6742 51.2742 6.7531
v -13.5553 51.4360 4.2234
v -13.3561 50.4437 7.3975
v -13.1369 49.6489 7.9764
v -13.0298 48.5110 5.8084
v -12.9552 48.4390 8.5433
v -12.6216 50.5184 2.1982
v -11.9688 48.6998 1.4327
v -13.1531 47.7100 7.0140
v -13.0080 47.7219 5.1295
v -12.7389 47.4403 2.9814
v -13.1462 50.5858 8.7667
v -12.9492 49.4210 8.8915
v -13.8501 52.0267 8.3581
v -13.2357 46.7792 8.7668
v -13.2838 51.6680 2.2161
v -11.4576 50.1297 0.0606
v -11.9703 47.2730 0.9555
v -11.9591 51.1296 0.1279
v -12.6864 51.6380 0.6930
v -10.8944 48.8898 -0.3653
v -11.2952 47.9097 0.1840
v -11.1640 47.0955 -0.2843
v -11.0390 51.5637 -1.2347
v -13.3114 47.0702 5.9832
v -13.2308 46.9771 4.6247
v -10.4275 47.8285 -0.8198
v -10.2719 50.0974 -1.2745
v -12.1125 51.8845 -0.5267
v -9.8177 48.8684 -1.3746
v -14.3551 52.1732 5.8183
v -14.1414 52.0725 7.2602
v -14.0443 52.1496 3.2395
v -14.4721 52.5184 7.6152
v -13.5779 52.2596 1.0343
v -12.7690 52.2803 -0.2383
v -12.5625 48.8933 9.6963
v -12.6838 47.5977 9.4949
v -12.3363 52.9439 -1.2275
v -14.3839 53.3227 8.9558
v -12.4735 50.5325 10.1021
v -13.0359 52.1672 9.8721
v -13.7135 46.6815 7.1327
v -10.3647 47.1223 -1.0115
v -12.1109 46.1839 10.3482
v -12.8372 46.4588 1.2207
v -13.6382 46.4985 3.1638
v -7.6746 92.0779 4.9324
v -7.2908 91.5853 3.4152
v -8.7388 91.6052 4.0901
v -9.4519 91.8481 5.0564
v -8.9116 91.0906 2.9659
v -7.4435 90.9051 1.8644
v -5.6481 91.3966 2.4075
v -5.8479 91.8258 3.7123
v -6.5621 91.9375 4.2663
v -9.4503 92.4774 6.3289
v -6.5077 92.8549 6.2774
v -10.1220 91.3211 4.2372
v -10.8971 91.7098 5.5750
v -11.6593 92.1369 6.8073
v -6.0190 90.5995 0.9863
v -4.4654 91.0470 1.5041
v -4.0042 91.5015 2.4959
v -5.3823 92.1894 4.8314
v -4.3534 91.8185 3.5802
v -3.8235 92.6332 5.8884
v -2.9506 92.0825 4.7293
v -1.4971 92.4045 5.8297
v -2.4362 91.5623 3.3455
v -3.1511 91.2286 2.1093
v -0.5900 91.7139 4.7663
v 0.5347 92.0752 5.9960
v -8.9740 90.3444 1.6890
v -2.4486 92.9737 6.5630
v -4.3553 93.2965 6.7959
v -0.3237 92.8807 6.9398
v -7.6094 90.0823 0.6982
v -8.3081 93.5676 7.6281
v -10.8038 92.9770 7.6962
v -10.0528 93.7167 8.6166
v -8.3001 94.3138 9.0411
v -5.9945 94.4204 8.2887
v -6.0587 93.6643 7.2658
v -6.6983 94.7497 9.4553
v -5.4272 94.9212 9.2346
v -4.2670 94.8915 8.7462
v -4.5380 93.9429 7.4787
v -3.3274 94.4092 8.0555
v -3.1360 94.8399 8.5742
v -3.3165 90.7759 1.3861
v -4.4932 90.2699 0.6256
v -12.3793 92.4400 7.7871
v -12.0142 93.0268 8.8573
v -10.2151 94.0290 9.9547
v -10.6094 90.5258 3.1469
v -11.6645 90.9669 4.7500
v -12.2970 91.3660 5.9831
v -2.5803 93.6038 7.2714
v -13.1084 91.5895 7.0677
v -4.2240 95.0000 9.5800
v -8.8794 89.6037 0.7524
v -0.7467 91.2734 3.7220
v -0.6831 93.8192 8.0106
v -1.8745 94.5827 8.6410
v -6.2282 89.5439 -0.0266
v -2.9301 94.9092 9.2155
v -11.9913 90.3920 4.0942
v -1.5354 90.7826 2.4739
v 1.6626 92.2347 6.9412
v 1.7651 92.8305 8.0042
v -0.2244 94.1841 8.8825
v 0.9759 91.5518 5.3635
v -7.9085 94.5246 10.5446
v -9.3004 94.3968 10.7493
v 1.0162 93.6237 8.7128
v -12.2000 93.2067 10.0056
v 2.0895 91.5329 6.1780
v -1.1549 94.5311 9.5772
v -7.9813 89.2908 0.0973
v -13.3904 92.0620 8.2593
v -10.2136 89.6142 1.6942
v -7.5556 88.6058 -0.5418
v 1.3382 90.7569 4.6344
v -5.8468 88.6693 -0.7818
v -6.7429 87.8885 -1.3973
v -3.8236 89.1906 -0.0362
v -4.6440 88.1499 -1.2430
v -5.4337 87.1396 -2.3501
v -2.8531 87.5945 -1.5317
v -3.2468 86.6583 -2.6944
v -2.8448 88.3499 -0.5918
v -5.2485 85.8581 -3.5217
v -7.0146 86.4059 -2.9586
v -7.8762 87.0218 -1.9745
v -8.7794 87.7075 -0.8381
v -1.3531 87.0433 -1.6595
v -1.2888 87.5482 -1.0499
v -1.1021 88.0058 -0.1964
v -1.6052 88.7570 0.5008
v -8.6895 86.0947 -2.5730
v -3.1563 85.7369 -3.4283
v -10.0814 86.6252 -1.1003
v -9.5951 88.6175 0.4099
v -0.0744 87.3985 -0.4286
v 0.7784 87.8289 0.9048
v -0.0444 88.4004 1.0743
v -1.6271 89.5307 1.2100
v -2.7707 90.1600 1.0783
v -1.4700 90.1196 1.7488
v -7.4217 85.4693 -3.5380
v -1.2788 86.0598 -2.4504
v 0.0149 88.9877 1.7857
v 1.5696 88.3089 2.2229
v -10.4527 87.5142 -0.0171
v 3.2095 91.7093 7.5046
v -11.9354 89.6489 3.1819
v -13.3559 90.2249 5.4138
v 0.3569 86.6167 -0.9404
v 2.3513 93.0379 9.1063
v 0.2224 89.8030 2.7105
v -8.8999 85.1760 -3.1158
v 1.5990 88.9740 2.9682
v 1.6021 87.0661 0.6579
v 2.2243 87.5736 1.8794
v 3.6358 92.0745 8.8228
v 3.6428 90.7116 6.5651
v 3.1979 87.7390 3.0278
v 2.8206 88.4572 3.4644
v 3.7628 89.9049 5.7135
v 3.1133 89.1956 4.4798
v 1.0143 93.7386 9.7625
v 4.1846 87.9801 4.2743
v 0.5883 85.7355 -1.4566
v -3.8940 84.6338 -4.0110
v 4.3422 87.2135 3.6172
v 4.5446 89.2541 5.8088
v 5.0376 89.5982 6.8103
v 4.9366 90.6421 8.2397
v 3.4955 86.6966 2.2695
v 5.3093 88.3554 5.9206
v -1.9603 84.8924 -3.3507
v -6.1873 84.1888 -4.2004
v 2.1324 85.9109 0.1960
v 4.7933 91.3481 9.5973
v 4.7287 86.6408 3.5157
v 5.5554 86.7989 4.7099
v 3.3047 92.4276 10.1875
v -4.2919 82.9364 -4.5703
v 6.4256 88.6584 8.1057
v 5.9717 90.0267 9.7268
v -8.0767 84.4211 -3.7527
v -6.1244 82.4105 -4.6359
v 4.9933 91.0891 10.6227
v -5.1375 81.2518 -4.9188
v 7.1314 88.4096 9.8893
v -18.2099 86.6949 11.8808
v -16.7048 88.7716 11.6441
v -18.1454 87.6060 10.6189
v -19.2454 85.6990 11.2288
v -17.2022 88.9817 10.6195
v -16.0844 90.1180 10.3273
v -14.6351 91.0746 11.2410
v -15.0213 90.0039 12.0935
v -13.9103 91.0654 12.0162
v -12.7671 92.0489 11.8103
v -12.8291 92.6749 10.8402
v -11.3062 93.2562 11.4493
v -11.3887 93.6228 10.6972
v -10.1479 94.0469 11.0369
v -14.0743 91.8157 9.5741
v -12.2000 93.2067 10.0056
v -19.1264 86.1712 10.0581
v -15.6972 90.2991 8.9461
v -19.9000 84.6496 10.4245
v -17.0367 89.0041 9.4944
v -19.8786 83.8626 11.5843
v -17.3433 87.1255 12.3665
v -15.7653 88.9089 12.3483
v -20.4514 82.9561 10.7083
v -18.9033 84.8626 12.2161
v -20.3017 81.9971 11.7810
v -17.9822 87.3444 8.7043
v -20.7584 81.2579 10.7375
v -20.1661 83.7200 9.6428
v -19.3038 85.2350 8.8995
v -14.4388 90.9337 7.7967
v -13.3904 92.0620 8.2593
v -12.0142 93.0268 8.8573
v -15.8965 89.0682 7.2512
v -16.9641 87.5444 6.7829
v -18.1370 86.1655 7.3444
v -15.9535 88.1730 5.9891
v -20.5390 82.1672 9.6506
v -20.8328 81.3417 10.0557
v -17.0896 86.5191 5.8907
v -13.1084 91.5895 7.0677
v -18.8793 84.6255 7.4746
v -19.7430 83.4330 8.4025
v -16.0799 87.4070 5.3134
v -16.3109 86.6031 4.8267
v -17.8525 85.0229 6.1186
v -13.3559 90.2249 5.4138
v -14.5465 88.3614 4.5689
v -13.1789 89.2194 3.9299
v -11.9354 89.6489 3.1819
v -15.3116 86.7515 3.8556
v -12.6703 88.5250 2.7445
v -13.4340 87.1634 2.2623
v -16.7611 85.6823 4.8746
v -16.1119 86.1977 4.2822
v -11.2035 88.8500 1.7494
v -11.5755 87.8913 1.2035
v -11.8620 86.8114 0.4641
v -13.1350 86.0266 1.0440
v -14.4856 85.7157 2.3048
v -10.2136 89.6142 1.6942
v -15.8704 85.4158 3.6839
v -11.8751 85.6365 -0.3829
v -10.4527 87.5142 -0.0171
v -10.0814 86.6252 -1.1003
v -10.2592 85.3478 -1.9852
v -9.5951 88.6175 0.4099
v -8.8794 89.6037 0.7524
v -8.6895 86.0947 -2.5730
v -8.8999 85.1760 -3.1158
v -10.2151 94.0290 9.9547
v -9.3004 94.3968 10.7493
v 7.4498 47.6669 4.8208
v 6.5496 47.5747 6.3422
v 7.2626 47.7849 6.9794
v 6.2250 47.4806 4.2983
v 6.5462 47.6108 8.1248
v 7.7359 48.0246 8.4858
v 7.4346 47.3168 2.4990
v 8.1070 47.5934 3.2011
v 9.0141 47.5818 1.8888
v 6.2048 47.2661 2.0691
v 5.6353 47.6705 6.7988
v 5.5757 47.4712 9.3740
v 6.8956 47.4444 9.4977
v 6.8267 46.9471 0.9133
v 8.2841 46.8535 0.7472
v 6.0338 47.0947 0.9596
v 5.5001 47.5379 2.8691
v 5.3112 47.4001 1.1531
v 5.2311 47.8001 4.4575
v 5.7240 46.7603 0.0172
v 8.5562 47.9742 3.7895
v 8.2723 48.3613 6.2072
v 7.8888 47.5981 9.7979
v 10.2387 46.9053 0.4839
v 7.1388 46.2868 -0.2069
v 4.6956 47.1992 -0.1343
v 5.0289 47.9170 8.0970
v 4.8316 47.9834 9.1599
v 4.4102 48.3877 10.0824
v 4.7851 48.0953 2.4578
v 4.2451 48.0876 0.3189
v 4.8764 48.3765 6.0498
v 4.8239 48.1929 4.1702
v 6.8894 46.5901 10.5272
v 4.9116 46.5490 11.1113
v 8.8408 51.1429 5.2713
v 8.5321 51.4562 6.6649
v 8.4938 52.0632 4.9573
v 7.9752 52.5198 6.7456
v 9.1867 51.5264 3.4301
v 8.4869 52.6001 3.0916
v 8.4197 51.8008 7.8852
v 7.9448 52.7750 4.5010
v 8.6993 50.8987 7.9692
v 8.2345 52.4715 8.5537
v 8.6209 51.7017 8.7313
v 8.8101 50.2531 6.5470
v 9.1826 50.3362 4.5792
v 9.7879 50.3458 2.8672
v 8.9334 50.7808 8.9721
v 8.7725 49.7235 8.1216
v 10.0367 51.4629 1.9026
v 9.2739 52.5304 1.8888
v 9.4223 49.5175 3.8543
v 9.9265 49.0611 2.4294
v 8.9279 49.3348 5.4524
v 8.6680 49.2043 7.0168
v 8.8700 48.9483 9.2357
v 10.7181 50.2487 1.5822
v 8.6373 52.8021 9.4451
v 8.4833 48.7697 8.0036
v 9.1036 48.6971 4.0613
v 10.9138 48.4075 1.0997
v 8.2723 48.3613 6.2072
v 10.6782 51.4548 1.3483
v 10.2551 52.6537 1.2512
v 9.3348 48.2581 2.6643
v 9.8901 48.1834 1.6732
v 8.5562 47.9742 3.7895
v 9.0141 47.5818 1.8888
v 7.7359 48.0246 8.4858
v 7.8888 47.5981 9.7979
v -31.6351 3.0996 -15.7313
v -31.9506 4.5194 -15.9064
v -31.1330 5.1259 -16.9853
v -30.6559 2.7859 -16.5559
v -30.0516 3.8012 -17.4823
v -29.9926 5.3797 -17.8772
v -30.2333 7.2749 -17.9926
v -31.1817 8.7197 -17.2636
v -31.8575 6.5114 -16.2292
v -30.0034 9.4565 -18.3160
v -30.1849 11.3999 -18.1270
v -31.2429 11.5423 -17.1095
v -30.6047 12.9693 -17.6804
v -31.8304 8.2314 -16.3339
v -31.7759 9.8724 -16.2336
v -32.1946 3.5675 -14.9716
v -31.1905 13.5172 -16.5398
v -31.6923 11.8668 -16.0147
v -32.2591 5.2147 -15.0217
v -32.1328 7.8114 -15.2407
v -30.0839 14.4093 -17.4949
v -30.7346 14.9271 -16.3762
v -32.0256 10.4999 -14.8432
v -31.7441 13.0381 -14.7024
v -31.2498 14.6680 -15.1380
v -31.5663 14.3862 -14.0685
v -32.4624 3.7581 -13.4599
v -32.4357 6.1065 -13.7038
v -32.3087 8.5640 -13.6562
v -32.6525 5.0463 -11.7374
v -32.6392 3.3364 -11.9867
v -32.5020 7.1078 -12.5734
v -32.4057 8.8186 -12.3690
v -32.1448 11.2895 -12.5402
v -32.3862 9.7346 -11.5069
v -32.5693 7.5439 -10.9106
v -32.7117 5.7963 -10.4955
v -32.7700 4.7267 -9.8725
v -32.7089 3.2129 -10.4922
v -32.2924 10.8695 -11.0588
v -32.7854 3.8014 -9.1865
v -32.7123 6.2271 -9.3863
v -31.7287 13.8471 -12.7710
v -31.8954 13.3064 -11.0071
v -32.1202 12.1364 -9.6278
v -32.5757 7.9143 -8.6375
v -32.6999 6.5100 -8.3515
v -32.3946 9.9512 -9.8431
v -32.7151 4.9779 -8.0801
v -32.2449 11.0866 -8.3614
v -32.3637 9.7554 -7.7225
v -32.0792 11.9931 -7.6202
v -31.9532 12.7771 -7.6562
v -31.9198 13.1887 -8.3305
v -31.7661 13.7756 -9.0180
v -32.4241 8.0959 -6.4721
v -32.6213 6.7111 -7.4247
v -32.2445 9.6878 -6.0835
v -32.0978 11.0105 -6.3864
v -32.4674 5.6720 -5.7990
v -32.2864 7.2877 -4.8617
v -32.1566 8.7548 -4.8092
v -32.5446 3.7268 -6.7246
v -32.6310 2.8686 -8.4891
v -32.2372 6.1093 -4.2089
v -32.2516 4.8265 -4.3002
v -32.2676 3.5872 -5.1294
v -32.4536 1.8889 -10.0101
v -32.3471 2.1251 -12.0011
v -31.3882 14.8695 -10.4625
v -31.9930 2.3153 -14.1565
v -31.1415 15.3221 -13.1296
v -32.0208 5.2713 -3.2645
v -32.0211 3.8171 -3.7456
v -32.2278 2.2416 -6.6145
v -32.2147 1.5067 -8.4859
v -31.5923 3.9971 -2.3625
v -31.7560 5.8827 -2.2905
v -31.4769 5.4281 -1.3973
v -31.0769 4.2805 -0.7269
v -31.6137 2.2609 -4.2404
v -31.1788 5.8778 -0.5453
v -30.8659 5.2341 0.0873
v -30.6007 2.2878 -1.5269
v -31.4706 1.0739 -12.9694
v -30.3699 15.8514 -15.0320
v -30.2692 16.5645 -12.8618
v -30.1855 4.0612 0.8849
v -29.4761 1.8319 0.4865
v -28.8587 2.4907 2.5709
v -29.3884 4.0859 2.7539
v -28.8638 3.4279 3.5198
v -31.3393 0.8498 -6.7960
v -31.6071 0.7577 -10.2036
v -30.3788 0.7689 -3.8019
v -28.9616 0.5973 -1.1298
v -29.4803 16.9047 -14.1587
v -29.3914 17.6158 -12.4762
v -29.9716 15.4839 -16.6405
v -30.7719 1.6039 -15.0466
v -28.0859 17.9185 -14.2032
v -28.7020 19.2445 -11.6900
v -27.6792 19.7570 -13.4847
v -28.1908 20.9049 -12.5284
v -27.3905 21.6747 -13.5875
v -28.1921 22.6591 -12.4637
v -27.6137 23.3572 -13.4309
v -28.0609 23.7556 -12.9060
v -28.1766 22.1991 -6.6360
v -27.6098 22.2639 -4.7707
v -27.6463 24.0468 -5.7160
v -27.8431 20.8561 -5.0548
v -28.3026 20.4287 -6.4123
v -28.2404 23.5836 -7.2954
v -27.1344 23.1535 -3.8048
v -27.3724 21.2053 -3.8628
v -27.3619 20.0178 -3.3662
v -27.0917 22.0648 -3.3568
v -26.8194 21.0726 -2.4626
v -26.5658 19.7025 -1.2071
v -26.2778 22.7745 -1.8101
v -26.1726 21.1144 -0.9886
v -28.1098 19.2185 -4.8134
v -25.5914 21.9209 -0.0233
v -25.5950 20.4953 0.5340
v -25.0227 21.7851 1.1839
v -24.8408 20.8425 1.9340
v -24.8106 23.5894 0.7715
v -26.6406 24.5020 -3.4638
v -25.5609 24.8663 -1.4276
v -24.2546 22.1191 2.5023
v -24.2601 20.3348 3.4018
v -25.1419 19.7374 1.9514
v -24.5813 25.4472 0.1399
v -25.9223 18.9931 0.8677
v -26.9011 25.5414 -4.9600
v -23.4178 21.9580 4.0370
v -23.1440 23.9388 3.4376
v -23.6611 25.3894 1.7442
v -23.0497 20.5292 5.3361
v -27.5028 18.5285 -2.3189
v -26.7205 18.4336 -0.3962
v -22.3863 22.5033 5.3697
v -28.7579 19.1075 -7.0370
v -28.1149 24.6207 -7.9850
v -27.3908 25.7433 -6.8145
v -25.1892 18.5758 3.0408
v -24.0280 18.9078 4.9328
v -24.7932 26.2697 -1.1567
v -21.4405 24.3778 5.7111
v -25.7274 26.2591 -3.3480
v -22.0425 21.1180 6.4748
v -22.3190 19.9236 6.6846
v -22.9947 18.9671 6.4806
v -21.3413 19.9950 7.9728
v -21.1341 22.3630 7.0833
v -22.2656 19.1518 7.3192
v -21.7588 26.7270 3.5710
v -20.3387 25.7801 6.3803
v -23.6327 26.6788 0.5694
v -28.5917 20.9006 -8.1754
v -19.5194 24.0677 8.1081
v -28.3416 17.9686 -3.6789
v -28.7819 18.0697 -5.2669
v -19.5465 27.1953 6.3421
v -20.0544 28.2198 4.7852
v -19.0434 26.0219 7.7448
v -22.4762 17.9335 8.2381
v -20.8773 28.5945 3.0110
v -26.4611 17.7368 1.4309
v -18.4218 28.9009 6.3873
v -24.8134 17.7844 4.8365
v -23.9310 17.7591 6.3780
v -29.6548 17.2170 -6.6790
v -21.7289 28.1092 2.2413
v -22.4923 27.9667 0.8211
v -19.8422 21.4538 8.8213
v -19.8703 19.6628 9.6160
v -26.4631 26.5681 -5.5701
v -19.5748 29.4744 4.0575
v -18.4650 30.5286 5.0034
v -17.5463 30.1783 6.8163
v -17.7083 31.2733 6.2022
v -18.2463 31.5167 4.9143
v -16.8990 30.8795 7.5724
v -18.7897 31.8099 3.0508
v -19.3219 30.5940 2.9995
v -20.4400 29.8346 1.6041
v -21.5309 28.8262 1.3536
v -16.5250 29.4807 8.3446
v -17.4259 27.2421 8.5069
v -27.2934 17.7004 -0.5156
v -19.5604 31.1328 1.1107
v -25.8157 17.2664 3.7516
v -28.2782 17.1908 -1.7761
v -20.6762 18.3460 9.8162
v -15.7643 31.4537 8.8263
v -25.1687 16.8055 5.7047
v -24.1619 16.5150 7.6076
v -25.8190 15.4181 6.4214
v -26.5310 16.1735 4.4183
v -24.5087 15.0205 8.5814
v -23.0092 16.0971 9.5309
v -21.3903 16.8530 10.5331
v -25.8362 13.7397 7.5346
v -27.4945 13.8902 5.0247
v -26.8378 15.3103 5.1246
v -27.4078 15.3563 4.1200
v -28.1749 14.9243 3.1925
v -28.7028 14.0676 2.9512
v -29.0905 14.7225 1.2550
v -28.7812 13.0293 3.3890
v -29.5004 13.0689 1.7863
v -30.0377 13.4614 0.1025
v -30.0313 14.8041 -1.6559
v -30.6079 13.1242 -1.2427
v -30.8940 13.6733 -2.7398
v -24.5420 13.3974 9.3885
v -23.3353 14.5799 10.3375
v -28.4284 12.1800 4.2968
v -27.8085 15.9187 2.3513
v -28.7420 16.0162 -0.2080
v -29.2875 16.2468 -2.3023
v -26.8373 16.7987 2.5848
v -27.5832 16.8937 0.6578
v -30.8961 14.6384 -4.6449
v -21.9462 15.4234 11.2850
v -23.9463 27.6457 -1.8423
v -26.6397 12.2487 6.9112
v -25.5127 11.9130 8.5021
v -29.9898 15.9917 -4.1528
v -27.6104 11.4222 5.6942
v -29.0831 17.0965 -3.9623
v -19.1463 32.0679 0.7044
v -30.5655 15.7871 -6.2076
v -30.4784 11.0810 0.1281
v -31.3786 13.2371 -4.2866
v -31.1874 12.1998 -2.4892
v -31.5538 12.3477 -4.0405
v -22.3293 14.0894 11.6953
v -29.3237 11.2922 2.8200
v -23.2606 13.0347 11.0149
v -22.4147 13.2435 11.9064
v -24.2517 11.7075 10.0694
v -31.3228 10.1642 -1.9237
v -31.6248 13.6486 -6.7221
v -31.2345 14.8679 -7.5475
v -31.0396 9.1100 -0.6697
v -28.5194 10.7115 4.4489
v -27.6356 25.8868 -8.9363
v -21.2399 14.6157 12.4289
v -20.3850 30.5380 -0.4121
v -29.9071 9.1231 1.9568
v -29.0035 9.0094 3.7338
v -30.6682 7.3116 0.4207
v -18.0732 25.5050 8.9004
v -19.5424 31.6260 -1.0776
v -19.1104 32.6248 -0.4424
v -24.9632 27.7353 -5.1923
v -30.6602 16.0561 -8.5074
v -31.8058 12.4123 -5.7755
v -21.8956 29.2627 -1.0987
v -23.3955 28.6576 -3.4915
v -31.7133 11.1780 -4.0539
v -31.8043 9.2816 -3.3693
v -26.5918 26.8835 -7.4605
v -31.4523 7.5783 -1.5597
v -31.9899 7.2500 -3.3893
v -29.1613 18.6059 -9.1253
v -29.9818 17.1809 -9.5040
v -28.8032 19.6612 -8.5460
v -28.7639 20.2082 -9.7740
v -28.2544 24.5679 -10.0271
v -32.0279 10.1100 -4.9116
v -27.7907 9.1382 5.6839
v -26.2964 9.7907 7.6718
v -29.5757 6.4353 2.6704
v -28.4893 23.0253 -8.7358
v -28.6593 21.7078 -9.7928
v -30.6629 16.2312 -10.9488
v -28.2866 6.7526 4.9136
v -28.7636 4.6831 3.9936
v -26.9045 8.3539 6.9496
v -18.9843 32.8927 1.3117
v -24.9477 10.1920 9.3427
v -25.2700 9.1723 8.9937
v -18.3910 22.2072 9.8104
v -20.0349 15.7951 12.6299
v -19.9172 17.3120 11.4423
v -17.2625 24.0692 10.0409
v -18.8198 18.4582 11.2736
v -18.4106 20.2370 10.4900
v -27.2768 7.3972 6.4223
v -17.1663 32.2566 7.1990
v -18.2013 32.5292 5.1535
v -16.8536 25.8067 9.6991
v -18.7728 33.0151 3.2389
v -22.4328 12.4807 11.9465
v -23.0524 11.4684 11.3625
v -23.7110 10.1121 10.6827
v -25.3862 8.3103 8.8203
v -25.9327 6.9634 8.0360
v -18.3475 17.0147 12.9531
v -18.4464 15.9312 13.8095
v -18.3106 14.3466 14.6167
v -21.4782 13.1858 12.6337
v -15.4470 28.1912 9.6558
v -15.5321 26.6476 10.1723
v -14.4805 29.7035 9.9893
v -20.2000 14.0885 13.3605
v -27.7861 4.7015 5.3899
v -27.0156 5.6801 6.5727
v -17.2094 22.2328 10.6708
v -17.5864 21.1229 10.7332
v -20.5733 30.5429 -2.4870
v -24.2434 8.3825 10.0224
v -15.9212 25.2785 10.5050
v -15.6993 24.2748 10.9886
v -24.9428 7.3493 9.2287
v -28.5118 23.0008 -10.8055
v -30.0130 17.1136 -11.2759
v -29.4730 17.9279 -10.7713
v -28.5755 21.2897 -11.2229
v -18.9641 32.6379 -2.1610
v -25.8396 4.9546 7.8574
v -27.5516 25.6965 -10.9316
v -16.4442 33.6422 8.3607
v -13.9812 31.5489 10.2341
v -15.9281 22.7510 11.3032
v -17.0898 20.1835 11.3482
v -16.8382 19.0399 12.1110
v -17.3019 17.9267 12.7525
v -16.6627 17.2512 13.8328
v -22.5703 10.2022 11.7659
v -22.8788 9.0017 11.3870
v -16.8343 16.0783 14.7099
v -16.4109 14.8023 15.7535
v -16.8359 13.6928 15.8675
v -17.5565 12.9020 15.5241
v -18.4062 12.7168 14.9524
v -19.7888 12.0069 13.9211
v -25.1045 5.3040 8.7396
v -24.0345 5.9980 9.8912
v -16.4756 21.1439 11.4143
v -15.9459 20.0040 12.1051
v -21.7836 11.4256 12.4640
v -13.5060 27.8664 10.9253
v -13.3400 29.2517 10.7751
v -14.4616 19.1414 13.3873
v -15.7032 18.0327 13.6001
v -14.7805 21.1522 12.3396
v -14.2155 25.2569 11.3637
v -14.9458 23.7522 11.5536
v -14.9053 33.1126 9.6379
v -15.3115 35.2946 9.4250
v -18.0523 34.1956 6.5796
v -12.9890 30.2603 10.8835
v -17.9290 11.3469 15.3086
v -15.5705 13.7776 16.5242
v -22.4404 7.3828 11.5444
v -15.0289 17.0067 14.9286
v -18.8455 9.3031 14.5091
v -17.6928 9.9610 15.4094
v -27.8703 3.0645 4.6106
v -26.3921 3.6427 6.7374
v -17.3026 36.2485 8.0699
v -21.2467 9.3915 12.7433
v -14.3754 15.2941 16.4403
v -12.6306 16.9624 16.0739
v -20.2430 6.8870 13.2210
v -13.9542 18.0144 14.5124
v -12.3650 18.5443 14.7688
v -21.7766 5.1982 11.7157
v -23.1001 4.4371 10.4313
v -20.2969 5.2490 12.9356
v -24.3767 3.8436 8.9838
v -16.2500 12.0602 16.3227
v -15.1816 12.7656 16.8937
v -19.1579 33.6862 -0.4837
v -18.8726 33.9017 4.4279
v -16.8726 10.3774 15.9321
v -11.5580 15.3171 17.6744
v -12.5777 13.8700 17.7628
v -11.3095 14.0571 18.2563
v -14.2289 13.3373 17.1990
v -10.2771 16.5159 17.3854
v -10.7703 17.5846 16.2514
v -18.9968 5.2720 13.8560
v -17.8314 6.7852 14.8615
v -17.6734 5.1092 14.7270
v -17.0323 8.8744 15.6577
v -13.5875 18.5083 14.2108
v -19.3169 31.5452 -3.3586
v -22.0139 29.5077 -4.3625
v -14.5560 11.6744 17.1660
v -15.3538 9.7664 16.6550
v -12.9151 12.0409 17.8349
v -9.5734 15.3554 18.3022
v -10.1402 14.1080 18.5772
v -10.9681 12.3757 18.5027
v -16.3942 5.0038 15.3994
v -17.2897 4.6580 14.8822
v -17.7272 3.9729 14.3275
v -19.9455 3.8550 12.7161
v -15.4555 7.2419 16.2690
v -22.0227 3.2251 10.7987
v -13.2311 10.0265 17.6570
v -11.8116 10.6962 18.2433
v -13.9301 8.3953 17.1870
v -18.9373 36.3604 6.7274
v -19.3503 35.2094 5.3799
v -28.0734 24.3090 -11.9931
v -11.7419 9.4685 18.2161
v -12.2519 8.3124 17.8899
v -9.4029 12.8330 18.9477
v -14.1809 5.3428 16.5547
v -13.2985 6.8599 17.2295
v -24.8391 2.1749 7.4880
v -26.3475 2.0795 5.7494
v -23.5994 28.7078 -4.9209
v -9.2475 17.1612 17.1321
v -23.1969 2.2581 9.1989
v -14.6984 3.9846 15.9925
v -11.2734 8.8484 18.3298
v -16.0148 3.3543 15.1143
v -20.2294 2.3811 11.7688
v -9.4522 11.4338 18.9660
v -10.2418 9.6204 18.6474
v -12.4791 5.4775 17.3040
v -19.2268 33.9150 2.1649
v -16.9851 2.8244 14.3279
v -18.0952 2.2634 13.1046
v -11.3766 6.6912 17.9347
v -10.9759 8.1423 18.3178
v -7.8080 16.1320 18.1768
v -8.1745 13.9663 19.0003
v -6.2737 14.5519 19.1535
v -20.1180 36.7629 5.6738
v -19.8248 38.0270 6.5140
v -20.8588 38.6304 5.6315
v -21.1587 37.4149 4.4005
v -22.0330 39.6070 4.3726
v -21.3474 40.3796 5.5734
v -21.9859 42.2950 4.9782
v -21.1840 41.3813 5.8890
v -20.8671 42.5601 6.1502
v -21.3299 43.8821 5.6823
v -21.8875 44.6001 4.8867
v -21.0375 45.2720 5.7250
v -21.2956 46.5258 5.0549
v -22.4192 45.4046 3.3552
v -22.4288 43.8902 4.2947
v -21.6090 48.1355 4.0876
v -20.3250 48.8481 5.6692
v -21.0783 50.5812 4.4222
v -20.3299 50.6402 5.6061
v -20.2666 52.3246 5.6015
v -20.8783 52.8897 4.2418
v -22.7557 43.1749 3.8116
v -22.8721 41.4052 3.5776
v -21.7147 49.4904 3.1650
v -21.4801 50.6281 3.3459
v -21.2675 51.5561 3.4316
v -23.1647 42.9542 2.6391
v -22.0777 47.7984 2.7412
v -23.3267 41.0813 2.2434
v -20.5296 53.6467 5.1895
v -19.9103 54.6867 6.0824
v -20.6137 54.6682 4.6858
v -20.3179 56.4781 4.9325
v -19.6714 57.0741 6.4623
v -18.7835 55.8913 7.4379
v -19.0265 54.4182 7.1241
v -19.8774 58.6139 5.5853
v -18.6859 58.2611 7.7458
v -19.5249 58.4643 6.7158
v -19.1485 59.7999 6.8678
v -18.4863 59.8074 7.9633
v -18.1427 61.1101 7.7619
v -19.1356 53.0602 6.8063
v -19.3932 50.8649 6.3987
v -17.4717 60.2604 8.7452
v -16.7543 62.1292 8.7903
v -19.4356 60.2707 5.5980
v -18.5612 61.5062 6.2982
v -22.8834 39.8523 3.0450
v -17.4631 62.5298 7.4504
v -16.2189 63.7206 8.3612
v -15.0089 63.5840 10.0783
v -15.5355 64.9883 9.3331
v -14.9154 65.2467 10.5187
v -15.4993 66.6440 10.0070
v -14.6076 66.0853 11.3019
v -20.6217 55.5695 4.1089
v -23.3940 42.4367 1.2482
v -22.9590 44.3676 1.4593
v -20.1605 57.9512 4.2000
v -23.0641 39.6291 1.9465
v -22.2155 38.2719 2.7328
v -20.7131 54.5104 3.5145
v -20.9669 52.7292 2.8125
v -22.0128 46.9629 1.1569
v -21.8609 48.9257 2.0861
v -20.3631 56.3363 3.3914
v -21.4461 50.7242 2.4491
v -19.5649 59.6335 4.1829
v -20.2979 35.9626 4.4851
v -23.2881 40.7324 0.7913
v -15.3739 67.6907 11.7799
v -15.6592 64.7645 8.2222
v -18.9422 61.0760 4.8956
v -27.1826 1.4724 3.8957
v -19.7780 34.9646 3.4605
v -12.4960 3.8781 16.8712
v -17.5611 62.6538 6.1858
v -20.9631 36.3471 2.6949
v -16.0979 67.8743 10.6393
v -16.8871 69.2367 10.8615
v -23.2415 42.1101 0.1768
v -22.9986 43.4503 0.2503
v -10.8538 4.9125 17.7533
v -10.7939 3.8445 17.5399
v -14.0947 2.7716 15.7481
v -21.0912 1.4802 10.0592
v -10.0218 4.1814 17.8626
v -9.8844 5.9831 18.2522
v -9.8353 7.4498 18.5096
v -10.8035 3.0791 17.2321
v -19.5608 1.6778 11.7067
v -8.4696 12.1370 19.1753
v -28.0648 0.9492 1.5833
v -11.6364 2.2723 16.4483
v -8.3220 10.4801 19.1563
v -15.7693 2.1892 14.5304
v -8.7182 4.6778 18.2334
v -7.9582 8.1925 18.9934
v -8.5639 6.3923 18.6241
v -21.8183 37.3289 1.3827
v -22.5857 38.8313 0.7089
v -6.8550 13.5983 19.3617
v -7.1350 12.1298 19.3887
v -9.6421 3.4888 17.7355
v -23.3071 1.3112 8.0042
v -16.6052 63.4234 6.7666
v -18.6508 33.6376 -2.9111
v -6.6635 9.9632 19.4008
v -16.7092 69.4948 12.1979
v -17.9417 71.0096 11.8583
v -17.2472 71.0350 12.8585
v -18.6036 73.0858 12.7030
v -19.1230 73.0213 11.5034
v -19.7508 75.2995 12.3125
v -20.0289 74.7798 11.1505
v -20.4298 76.1566 11.4878
v -20.4297 77.8374 11.7103
v -19.8671 77.0724 12.6220
v -19.6300 78.9023 12.7396
v -20.4701 80.0941 11.8666
v -20.7533 79.6845 10.8712
v -20.7584 81.2579 10.7375
v -20.3017 81.9971 11.7810
v -20.0197 35.1241 0.8600
v -21.0654 36.3779 0.7748
v -19.8562 58.0776 3.0500
v -22.4904 44.9235 0.3010
v -15.6952 64.2628 7.2003
v -19.3709 34.8286 -1.8540
v -13.4869 1.6305 15.1516
v -9.3054 2.3722 17.2463
v -10.0007 1.6894 16.5926
v -22.7882 40.1094 -0.3701
v -22.9768 41.2887 -0.3817
v -26.6677 26.7679 -9.6607
v -20.2026 54.5032 2.0796
v -18.2270 32.5591 -4.2503
v -21.3562 49.6050 1.2314
v -21.6135 37.4223 -0.2781
v -17.7976 62.0979 4.8832
v -8.1391 3.2283 17.9272
v -20.7152 51.8913 1.5082
v -27.6906 24.3166 -13.0873
v -19.7924 56.6169 2.2223
v -20.2142 30.5271 -4.4993
v -20.4851 36.1251 -1.0182
v -21.8933 38.9526 -1.3756
v -20.8519 37.3186 -2.2011
v -19.0403 59.3325 2.6533
v -18.3435 34.4764 -3.9953
v -17.9281 33.5141 -4.4254
v -25.2990 27.6507 -8.1173
v -23.4571 28.5968 -6.6179
v -19.3983 35.9177 -3.3952
v -20.6676 38.4489 -3.2183
v -19.9335 37.1681 -3.7485
v -14.8654 46.3659 4.3316
v -16.1739 46.6877 4.1910
v -15.7473 46.3548 6.2603
v -15.8191 46.4738 2.3129
v -14.6775 46.1835 1.9485
v -15.6212 46.1655 0.5585
v -14.4922 45.9555 0.4830
v -14.5016 46.3190 6.4392
v -14.9293 45.6751 -0.6727
v -16.9962 46.3534 -0.4669
v -16.6218 46.7145 0.9064
v -16.7163 46.9100 5.4160
v -13.7808 46.1262 1.3101
v -13.5152 45.9423 0.1370
v -13.6382 46.4985 3.1638
v -12.6290 45.7536 -0.8209
v -13.7969 46.5771 5.4233
v -17.1465 46.6660 6.6879
v -12.6784 46.0755 0.0693
v -12.8372 46.4588 1.2207
v -14.7154 45.7880 8.1116
v -16.1757 45.9069 7.6016
v -13.7135 46.6815 7.1327
v -16.8642 47.2090 2.4082
v -16.9304 47.2901 4.1658
v -11.9904 46.4393 0.0063
v -10.9168 46.4471 -1.0013
v -13.2357 46.7792 8.7668
v -17.5032 47.6876 0.6093
v -17.4021 47.8538 5.3245
v -18.3848 48.0595 6.4445
v -13.2308 46.9771 4.6247
v -13.3114 47.0702 5.9832
v -13.5779 52.2596 1.0343
v -14.5736 52.6345 0.4412
v -13.3929 52.6823 -0.3532
v -14.5634 52.3731 2.1677
v -14.0443 52.1496 3.2395
v -14.9849 52.3746 4.2672
v -14.3551 52.1732 5.8183
v -15.4040 52.7459 6.9032
v -14.4721 52.5184 7.6152
v -12.7690 52.2803 -0.2383
v -15.7932 51.9658 2.4137
v -15.7687 52.5146 0.3598
v -15.8055 52.2204 5.0853
v -16.2900 52.2276 6.4092
v -16.6605 52.6974 7.4561
v -15.1935 53.0719 -0.4392
v -13.9349 53.2453 -0.8451
v -16.7100 52.9095 -0.2727
v -12.3363 52.9439 -1.2275
v -14.3839 53.3227 8.9558
v 7.8221 53.5299 1.0776
v 6.9899 53.4556 0.9406
v 7.1087 54.0716 0.0821
v 8.8935 53.5846 0.9139
v 8.4336 53.1362 1.7505
v 7.4167 53.1629 2.7221
v 8.4869 52.6001 3.0916
v 7.9448 52.7750 4.5010
v 9.2739 52.5304 1.8888
v 7.3507 53.0831 5.1386
v 7.9752 52.5198 6.7456
v 7.1937 53.1060 7.1414
v 7.6941 52.9497 8.2810
v 7.1273 53.3949 8.8858
v 7.9110 53.0780 9.1703
v 8.2345 52.4715 8.5537
v 10.2551 52.6537 1.2512
v 8.6373 52.8021 9.4451
v 7.6958 53.7732 9.7087
v 6.8527 54.1562 9.9032
v 6.6874 53.1129 5.5569
v 6.4288 53.1020 7.5308
v 6.9581 53.2010 4.1630
v 6.1032 53.3921 9.1971
v 6.4189 52.9894 3.5410
v 6.2113 52.9359 1.6407
v 6.1077 52.8634 2.6091
v 6.2510 53.3153 0.2549
v 5.9037 52.5439 5.7573
v 5.7228 52.6318 7.9511
v 5.5789 52.7611 0.2654
v 5.7427 52.3759 3.1474
v 5.2184 51.9530 1.1974
v 5.1136 52.2056 9.3315
v 4.9279 52.2093 -0.1699
v 5.2870 53.1283 -0.5789
v -17.4345 35.0785 -5.5665
v -19.3983 35.9177 -3.3952
v -18.6094 36.4858 -4.9823
v -19.9335 37.1681 -3.7485
v 32.3561 13.3928 -11.0837
v 31.5320 15.4205 -11.0836
v 32.1008 14.6969 -10.3798
v 22.4258 0.0000 -9.4795
v 23.3575 0.0000 -9.5514
v 24.1599 0.0000 -9.6097
v 25.0106 0.0000 -9.3800
v 25.5552 0.0000 -9.2380
v 25.9574 0.0000 -9.0282
v 26.0269 0.2900 -10.2329
v 26.8714 0.0000 -7.8145
v 24.5718 0.1472 -10.0614
v 27.3520 0.2772 -9.4867
v 25.3575 0.7261 -11.1920
v 26.8802 0.0000 -7.7847
v 26.8774 0.0000 -7.7508
v 26.7225 0.0000 -6.2440
v 26.2255 0.0000 -4.8105
v 27.7300 0.3075 -6.2261
v 26.0914 0.0000 -4.5741
v 25.9398 0.0000 -4.2105
v 25.0322 0.0000 -2.5275
v 24.7343 0.0000 -1.9392
v 26.4066 0.3650 -2.4722
v 25.3354 0.2614 -1.1428
v 26.3857 0.7021 -0.7483
v 25.1189 0.6248 0.5707
v 23.9899 0.0612 -0.4212
v 23.4527 0.3414 1.3470
v 22.5506 0.0000 0.7690
v 23.4678 0.0000 -0.1597
v 23.8187 0.0000 -0.5446
v 21.9953 0.0000 1.2999
v 21.6698 0.3514 3.0937
v 20.7306 0.0000 2.4775
v 23.9379 1.0427 2.8770
v 19.1831 0.0000 3.8463
v 18.9062 0.0851 4.4415
v 20.5477 0.6852 5.2511
v 18.9326 0.7221 6.5155
v 16.5156 0.2204 6.6371
v 17.6051 1.4136 8.8431
v 15.7528 0.6362 8.6087
v 14.6583 0.1701 7.8802
v 14.0647 0.5468 9.4920
v 15.5322 1.1918 9.9784
v 16.5692 0.0000 5.7316
v 14.4768 0.0000 7.2841
v 15.2153 0.0000 6.7030
v 15.8851 0.0000 6.1600
v 12.6001 0.0000 8.2564
v 12.2846 0.0000 8.4873
v 12.2282 0.3341 9.9383
v 13.0567 0.8458 11.0071
v 11.1524 0.6318 11.4180
v 12.4193 1.2468 12.1515
v 13.6856 1.5427 11.8576
v 11.1087 1.3598 12.9867
v 12.7863 2.2949 13.1095
v 10.2303 0.0647 9.8535
v 9.3377 0.7672 12.6278
v 9.4510 1.5488 14.1326
v 6.8302 0.8445 13.7983
v 7.8001 0.3516 12.0519
v 6.0083 0.2173 12.2398
v 6.8000 0.0000 11.0016
v 4.2237 0.0000 11.9336
v 3.6575 0.0000 12.1287
v 7.2472 0.0000 10.8148
v 4.1610 0.3185 13.3060
v 9.2151 0.2927 11.2595
v 10.9948 0.0000 9.1722
v 8.0591 1.6235 14.9177
v 6.6007 1.7415 15.4539
v 8.0374 2.2860 15.6215
v 4.5261 1.1002 15.2072
v 4.8474 2.1433 16.3777
v 3.0632 1.5344 16.3356
v 18.3957 0.0000 4.4614
v 20.7485 1.5620 6.9503
v 2.1417 0.9326 15.6809
v 2.8959 0.5319 14.4784
v 0.9589 0.5266 15.0491
v 0.4059 0.8333 15.9503
v -1.2878 0.5744 15.5189
v -0.5785 0.9496 16.3593
v -2.1089 1.1309 16.7119
v -4.4599 0.7018 15.9999
v -4.8511 1.4678 17.1394
v -3.8838 0.2587 14.5688
v -6.0324 0.9461 16.4977
v -6.9151 0.7066 15.8720
v -8.0635 1.3120 16.5484
v -6.5046 0.4057 15.0344
v -2.1835 2.0841 17.6770
v -4.3869 2.6330 18.0757
v 26.2277 0.9652 0.3573
v 27.1324 1.4029 -0.1640
v 0.2208 0.1378 13.6257
v 18.7241 0.0000 4.1980
v 13.2321 0.0000 7.9564
v 0.5901 1.6309 16.9355
v 9.0592 2.1673 15.1498
v 24.0540 0.0000 -0.9155
v 27.4032 0.9261 -1.8410
v 4.7112 0.6227 14.1689
v 2.2598 0.0000 12.5065
v 25.8626 1.3543 1.4737
v -7.7686 0.0853 13.5420
v -5.2318 0.0000 13.4229
v -7.1000 0.0000 13.3233
v -7.8230 0.0000 13.1825
v -10.0964 0.0000 12.5702
v -12.1590 0.0000 12.0526
v -11.4490 0.2399 13.3218
v -12.6857 0.0000 11.8169
v -13.8355 0.3532 12.7031
v -12.7463 0.5495 13.8000
v -15.3028 1.0621 13.3899
v -13.1051 0.0000 11.5577
v -12.5593 0.9225 14.6407
v -13.4869 1.6305 15.1516
v -10.9551 1.2907 15.7797
v -11.6364 2.2723 16.4483
v -10.0007 1.6894 16.5926
v -15.7693 2.1892 14.5304
v -18.0952 2.2634 13.1046
v -18.3847 1.0993 11.5693
v -19.5608 1.6778 11.7067
v -21.0912 1.4802 10.0592
v -19.1517 0.4306 9.4836
v -22.0215 0.4292 7.1531
v -23.3071 1.3112 8.0042
v -24.9402 0.8754 5.4897
v -24.8391 2.1749 7.4880
v -26.3475 2.0795 5.7494
v -23.7407 0.0000 4.2462
v -23.4517 0.0000 4.5340
v -24.0190 0.0000 4.0630
v -27.1826 1.4724 3.8957
v -26.3092 0.4319 2.9835
v -21.6695 0.0000 5.9949
v -28.0648 0.9492 1.5833
v -26.8537 0.0304 0.6595
v -26.5703 0.0000 0.9412
v -26.7547 0.0000 0.6331
v -28.9616 0.5973 -1.1298
v -27.9325 0.0000 -1.5558
v -29.0334 0.0000 -3.1877
v -29.1096 0.0000 -3.3605
v -30.3788 0.7689 -3.8019
v -29.8086 0.0000 -5.4145
v -29.8789 0.0000 -5.6616
v -31.3393 0.8498 -6.7960
v -30.3890 0.0000 -8.0977
v -29.4761 1.8319 0.4865
v -25.0986 0.1831 3.7775
v -20.2558 0.0000 7.2419
v -16.1509 0.3712 11.3533
v -30.4194 0.0000 -8.3660
v -31.6071 0.7577 -10.2036
v -30.5227 0.0000 -10.2359
v -30.4736 0.0000 -10.6804
v -30.6525 0.2220 -11.9270
v -31.4706 1.0739 -12.9694
v -30.1311 0.5616 -13.6262
v -30.7719 1.6039 -15.0466
v -29.6864 0.0462 -12.5821
v -28.5543 0.2157 -13.3684
v -28.4218 0.9838 -15.0690
v -31.9930 2.3153 -14.1565
v -29.6198 0.0000 -12.3602
v -29.4418 0.0000 -12.5014
v -28.7928 0.0000 -12.6582
v -26.9018 0.0000 0.4430
v 19.4103 2.2043 9.0091
v 20.8272 2.6536 8.4238
v 22.5092 2.7340 6.9361
v 23.4047 1.8771 5.0808
v 17.9655 2.9731 10.5904
v -4.0002 0.0000 13.5298
v 26.2420 0.0367 -4.5090
v -25.4650 0.0000 2.4995
v -3.0505 0.0000 13.4253
v -0.6947 0.0000 13.1694
v 0.4095 0.0000 13.0049
v 7.5887 0.0000 10.6822
v -19.5298 0.0000 7.8303
v 11.0803 2.1958 14.0554
v 28.3475 1.6925 -1.9730
v 22.1415 1.0282 4.7489
v 15.4326 2.5271 11.6360
v 10.0319 0.0000 9.6349
v 8.8888 0.0000 10.1373
v 28.8684 0.6113 -8.3251
v 27.6915 0.8201 -11.0330
v -17.2666 0.0000 9.2997
v -6.8219 2.3340 17.6515
v 22.7148 0.3408 -10.4816
v 28.0210 0.8312 -3.9226
v -29.9889 0.0000 -11.5833
v -16.4159 0.0000 9.8879
v 25.2832 2.1793 3.3175
v 27.1888 1.7725 -12.3657
v 29.0899 1.5125 -11.8011
v 29.5666 1.1497 -11.0667
v -25.1388 0.0000 2.9827
v 14.4224 1.2473 10.8819
v 24.2212 1.3751 -12.2279
v 29.4099 1.1845 -6.2084
v 10.1511 2.5063 14.8534
v -9.6793 0.6050 14.8658
v -29.6163 1.7989 -16.2359
v -27.8295 1.9551 -16.7212
v -26.3158 1.3946 -15.9091
v -25.5921 0.6608 -14.3912
v -24.3942 1.3938 -15.7702
v -22.8067 0.9450 -14.8059
v -22.1228 1.8131 -16.1676
v -19.9685 1.1286 -14.9731
v -21.2845 0.4712 -13.6676
v -19.9159 0.5651 -13.8907
v -19.6342 0.1946 -12.8656
v -18.5128 0.5999 -13.8495
v -21.0273 0.0000 -12.2797
v -19.2052 0.0000 -12.1878
v -17.7444 0.0000 -12.0858
v -21.7043 0.0000 -12.2739
v -18.5736 2.2394 -16.4330
v -18.3131 1.4739 -15.4805
v -16.7228 1.5248 -15.3722
v -14.7946 2.2992 -16.2507
v -14.7072 1.4400 -15.0298
v -15.8863 0.7247 -13.8160
v -13.0325 1.7564 -15.3876
v -11.9236 2.4412 -16.2495
v -10.6621 1.6792 -15.1021
v -10.0180 2.4182 -16.1233
v -12.8349 0.9831 -14.0778
v -13.3162 0.2593 -12.5666
v -11.2780 0.3874 -12.8406
v -11.3139 0.0000 -11.8507
v -11.5646 0.0000 -11.8573
v -10.8331 0.0000 -11.8472
v -9.2630 0.1187 -12.1394
v -10.0533 0.4383 -12.9511
v -9.0238 0.5988 -13.2016
v -9.3130 0.0000 -11.7716
v -8.7913 0.0000 -11.7991
v -7.1339 0.0000 -11.7320
v -7.6807 0.4995 -12.9221
v -7.4585 1.3174 -14.3251
v -5.5837 0.6050 -13.0303
v -3.8099 1.2427 -14.0627
v -4.3526 2.0927 -15.2422
v -6.5844 2.4104 -15.8340
v -3.6466 0.6217 -13.0549
v -3.8072 0.0570 -11.7390
v -2.3976 0.4674 -12.7513
v -1.0284 0.2094 -12.0975
v -0.9209 0.7379 -13.1889
v 1.2927 0.5618 -12.6797
v 0.7848 0.0000 -11.5035
v 0.5242 0.0000 -11.5238
v 2.9782 0.0000 -11.3387
v 3.1286 0.0000 -11.3258
v 4.3333 0.7305 -12.7789
v 3.8409 0.0000 -11.2852
v 5.8100 0.0832 -11.3460
v 6.7263 0.6363 -12.4818
v 8.5442 0.2470 -11.4814
v 8.6380 1.1162 -13.0946
v 10.2763 0.6769 -12.2631
v 10.8578 1.2061 -13.1038
v 12.2768 0.7598 -12.1863
v 12.3274 1.5397 -13.4782
v 14.3451 1.4452 -13.1552
v 14.7735 0.4566 -11.3267
v 16.7524 1.3304 -12.8589
v 12.5339 0.0000 -10.4625
v 12.2574 0.0000 -10.4823
v 16.9390 0.6815 -11.7531
v 16.6050 0.1794 -10.6219
v 18.7305 0.5330 -11.2177
v 17.8593 0.0000 -9.9354
v 19.5625 0.0000 -9.7763
v 15.0059 0.0000 -10.1712
v 20.2127 0.0000 -9.7441
v 20.7014 0.4437 -10.8857
v 17.8432 0.9896 -12.2880
v 16.0680 0.0000 -10.1691
v 14.0336 0.0000 -10.2872
v 16.8726 0.0000 -10.0979
v 10.7439 0.2305 -11.2789
v 11.9575 0.0000 -10.5375
v 6.2888 1.1815 -13.4034
v 8.0904 0.0000 -10.8403
v 5.6262 0.0000 -11.1346
v 2.5192 1.3359 -13.8252
v 0.4502 1.1472 -13.7334
v -1.2903 1.2969 -14.0530
v -2.4385 0.8570 -13.4766
v -15.1245 0.0605 -12.1380
v -10.3095 0.8594 -13.7410
v -6.7461 0.0000 -11.6892
v -4.1256 0.0000 -11.5768
v -13.1136 0.0000 -11.8019
v -14.7544 0.0000 -11.9337
v -15.2323 0.0000 -11.9516
v -3.7615 0.0000 -11.5574
v -0.9881 0.0000 -11.5034
v -6.8190 0.0713 -11.9121
v -8.6483 2.1270 -15.6253
v -23.2997 0.2773 -13.2461
v -22.2207 0.0000 -12.3165
v -23.3249 0.0000 -12.4558
v -24.3583 0.0000 -12.4049
v -24.9119 0.0000 -12.4023
v -26.8526 0.1744 -13.2514
v -25.6089 0.0000 -12.5306
v -27.1797 0.0000 -12.6118
v -24.9503 2.2103 -16.8801
v -3.3806 0.0000 -11.5663
v 10.3969 0.0000 -10.7039
v 4.7551 1.5019 -13.9163
v 18.9814 1.4411 -12.8787
v -17.9268 1.0633 -14.7721
v 21.1005 0.0000 -9.6860
v -17.3300 0.1298 -12.4888
v 30.7194 1.9070 -8.3990
v 29.9584 0.9519 -9.3822
v 30.4589 1.3358 -10.2076
v 31.4336 2.4106 -10.0689
v 30.8596 2.1202 -11.4060
v 32.0596 3.3898 -10.7292
v 31.9181 3.3321 -11.6706
v 30.6005 2.4276 -5.9578
v -9.3054 2.3722 17.2463
v 6.0427 0.0000 -11.0842
v 18.0972 1.9843 -13.7004
v 29.0988 0.7113 -10.0647
v 29.4798 1.9944 -3.9897
v -27.4425 0.4651 -14.1430
v -28.0171 0.0000 -12.5956
v 9.2631 0.0000 -10.7860
v -16.8907 0.0000 -12.0493
v 22.4258 0.0000 -9.4795
v -30.5227 0.0000 -10.2359
v -30.4736 0.0000 -10.6804
v -29.9889 0.0000 -11.5833
v -13.1136 0.0000 -11.8019
v -30.4194 0.0000 -8.3660
v -30.3890 0.0000 -8.0977
v -29.8789 0.0000 -5.6616
v -29.8086 0.0000 -5.4145
v -29.1096 0.0000 -3.3605
v -29.0334 0.0000 -3.1877
v -27.9325 0.0000 -1.5558
v -26.9018 0.0000 0.4430
v -26.7547 0.0000 0.6331
v -26.5703 0.0000 0.9412
v -25.4650 0.0000 2.4995
v -25.1388 0.0000 2.9827
v -24.0190 0.0000 4.0630
v -14.7544 0.0000 -11.9337
v -23.7407 0.0000 4.2462
v -23.4517 0.0000 4.5340
v -21.6695 0.0000 5.9949
v -20.2558 0.0000 7.2419
v -19.5298 0.0000 7.8303
v -17.2666 0.0000 9.2997
v -16.4159 0.0000 9.8879
v -13.1051 0.0000 11.5577
v -12.6857 0.0000 11.8169
v -9.3130 0.0000 -11.7716
v -3.7615 0.0000 -11.5574
v -0.9881 0.0000 -11.5034
v -3.3806 0.0000 -11.5663
v -3.8072 0.0570 -11.7390
v -4.1256 0.0000 -11.5768
v 19.5625 0.0000 -9.7763
v -6.8190 0.0713 -11.9121
v 21.1005 0.0000 -9.6860
v -12.1590 0.0000 12.0526
v -10.0964 0.0000 12.5702
v -7.8230 0.0000 13.1825
v -7.1000 0.0000 13.3233
v -5.2318 0.0000 13.4229
v -4.0002 0.0000 13.5298
v -3.0505 0.0000 13.4253
v -0.6947 0.0000 13.1694
v 0.4095 0.0000 13.0049
v 2.2598 0.0000 12.5065
v 3.6575 0.0000 12.1287
v 4.2237 0.0000 11.9336
v 0.2208 0.1378 13.6257
v 4.1610 0.3185 13.3060
v 6.8000 0.0000 11.0016
v 7.2472 0.0000 10.8148
v 2.8959 0.5319 14.4784
v 4.7112 0.6227 14.1689
v 7.5887 0.0000 10.6822
v 8.8888 0.0000 10.1373
v 10.0319 0.0000 9.6349
v 10.9948 0.0000 9.1722
v 12.2846 0.0000 8.4873
v 12.6001 0.0000 8.2564
v 13.2321 0.0000 7.9564
v 14.4768 0.0000 7.2841
v 15.2153 0.0000 6.7030
v 15.8851 0.0000 6.1600
v 16.5692 0.0000 5.7316
v 18.3957 0.0000 4.4614
v 18.7241 0.0000 4.1980
v 19.1831 0.0000 3.8463
v 20.7306 0.0000 2.4775
v 21.9953 0.0000 1.2999
v 22.5506 0.0000 0.7690
v 23.4678 0.0000 -0.1597
v 23.8187 0.0000 -0.5446
v 24.0540 0.0000 -0.9155
v -15.2323 0.0000 -11.9516
v -16.8907 0.0000 -12.0493
v -17.7444 0.0000 -12.0858
v -19.2052 0.0000 -12.1878
v -21.0273 0.0000 -12.2797
v -21.7043 0.0000 -12.2739
v -22.2207 0.0000 -12.3165
v -23.3249 0.0000 -12.4558
v -24.3583 0.0000 -12.4049
v -24.9119 0.0000 -12.4023
v -25.6089 0.0000 -12.5306
v -27.1797 0.0000 -12.6118
v -28.0171 0.0000 -12.5956
v -28.5543 0.2157 -13.3684
v -26.8526 0.1744 -13.2514
v -27.4425 0.4651 -14.1430
v 15.0059 0.0000 -10.1712
v 16.0680 0.0000 -10.1691
v 16.8726 0.0000 -10.0979
v 14.7735 0.4566 -11.3267
v 14.0336 0.0000 -10.2872
v 12.2574 0.0000 -10.4823
v -0.9881 0.0000 -11.5034
v 20.7014 0.4437 -10.8857
v 22.7148 0.3408 -10.4816
v 21.1005 0.0000 -9.6860
v 21.3412 1.2751 -12.3307
v 18.7305 0.5330 -11.2177
v 18.9814 1.4411 -12.8787
v 20.3984 1.7874 -13.2417
v 24.2212 1.3751 -12.2279
v -15.8863 0.7247 -13.8160
v -17.3300 0.1298 -12.4888
v -18.5128 0.5999 -13.8495
v -17.9268 1.0633 -14.7721
v 29.5666 1.1497 -11.0667
v 30.4589 1.3358 -10.2076
v 29.0988 0.7113 -10.0647
v 30.8596 2.1202 -11.4060
v -9.6793 0.6050 14.8658
v -8.0635 1.3120 16.5484
v -10.9551 1.2907 15.7797
v -10.0007 1.6894 16.5926
v -9.3054 2.3722 17.2463
v -10.6621 1.6792 -15.1021
v -7.4585 1.3174 -14.3251
v -10.3095 0.8594 -13.7410
v -8.6483 2.1270 -15.6253
v -1.2903 1.2969 -14.0530
v -2.4385 0.8570 -13.4766
v -3.8099 1.2427 -14.0627
v 23.4047 1.8771 5.0808
v 22.1415 1.0282 4.7489
v 23.9379 1.0427 2.8770
v 25.2832 2.1793 3.3175
vt 0.378993 0.683871
vt 0.384043 0.688982
vt 0.381891 0.695288
vt 0.376640 0.706974
vt 0.384197 0.704251
vt 0.383799 0.717903
vt 0.375614 0.731490
vt 0.389224 0.683790
vt 0.387945 0.671220
vt 0.379840 0.663535
vt 0.387565 0.659463
vt 0.383627 0.649002
vt 0.392888 0.650420
vt 0.388242 0.694819
vt 0.393059 0.707982
vt 0.395852 0.662017
vt 0.405179 0.650936
vt 0.398511 0.674781
vt 0.400264 0.690235
vt 0.405564 0.705880
vt 0.413080 0.693663
vt 0.411646 0.680526
vt 0.404628 0.679526
vt 0.408415 0.672111
vt 0.414269 0.671752
vt 0.404787 0.664338
vt 0.415926 0.662155
vt 0.418016 0.649032
vt 0.415609 0.705422
vt 0.400543 0.717507
vt 0.392072 0.726159
vt 0.397582 0.643237
vt 0.390734 0.636038
vt 0.413640 0.640837
vt 0.420194 0.683222
vt 0.419843 0.672638
vt 0.411742 0.719465
vt 0.424466 0.665047
vt 0.404049 0.634378
vt 0.424180 0.638845
vt 0.383661 0.732287
vt 0.379877 0.743583
vt 0.402084 0.728549
vt 0.409799 0.732057
vt 0.416529 0.730377
vt 0.429918 0.652426
vt 0.422081 0.723255
vt 0.422742 0.711909
vt 0.434644 0.636242
vt 0.425088 0.695366
vt 0.379633 0.634389
vt 0.396394 0.737333
vt 0.388209 0.743889
vt 0.397375 0.617743
vt 0.404459 0.740145
vt 0.374584 0.649246
vt 0.397493 0.749784
vt 0.385309 0.621649
vt 0.417173 0.629848
vt 0.366699 0.695296
vt 0.367054 0.722982
vt 0.368754 0.668862
vt 0.365619 0.745471
vt 0.372613 0.751945
vt 0.442187 0.640666
vt 0.360596 0.714267
vt 0.358275 0.699002
vt 0.359719 0.729873
vt 0.362705 0.736661
vt 0.353640 0.713313
vt 0.353134 0.698566
vt 0.354780 0.682610
vt 0.350793 0.692495
vt 0.347015 0.684717
vt 0.346966 0.701567
vt 0.345620 0.719201
vt 0.351613 0.733005
vt 0.340567 0.733937
vt 0.345538 0.744607
vt 0.349887 0.749152
vt 0.356789 0.723105
vt 0.356890 0.746616
vt 0.338329 0.750568
vt 0.344743 0.754708
vt 0.338379 0.720993
vt 0.339815 0.709850
vt 0.339887 0.699435
vt 0.341839 0.691318
vt 0.347792 0.763657
vt 0.349566 0.673051
vt 0.352896 0.665421
vt 0.346860 0.661195
vt 0.344314 0.671942
vt 0.352224 0.647560
vt 0.341408 0.647646
vt 0.338301 0.662874
vt 0.344365 0.628852
vt 0.335006 0.634914
vt 0.329963 0.649080
vt 0.352325 0.633423
vt 0.352797 0.622944
vt 0.328151 0.668303
vt 0.337689 0.679136
vt 0.319322 0.657613
vt 0.317258 0.675752
vt 0.327316 0.683680
vt 0.334889 0.691759
vt 0.319436 0.691593
vt 0.327584 0.695034
vt 0.323470 0.705606
vt 0.333226 0.702612
vt 0.331943 0.726767
vt 0.324224 0.719737
vt 0.332088 0.714300
vt 0.324887 0.730475
vt 0.316923 0.727089
vt 0.315552 0.714509
vt 0.320651 0.738583
vt 0.347446 0.616048
vt 0.357476 0.763537
vt 0.348571 0.781265
vt 0.330005 0.741088
vt 0.328530 0.633506
vt 0.312883 0.701319
vt 0.310605 0.687206
vt 0.330444 0.756093
vt 0.352237 0.609447
vt 0.346023 0.603793
vt 0.350626 0.600341
vt 0.341406 0.612820
vt 0.349031 0.590042
vt 0.314085 0.736495
vt 0.315354 0.745996
vt 0.322229 0.752363
vt 0.325210 0.764035
vt 0.330053 0.612177
vt 0.343541 0.595228
vt 0.319175 0.634795
vt 0.335159 0.759934
vt 0.331812 0.769929
vt 0.340124 0.763602
vt 0.339954 0.775978
vt 0.342631 0.768326
vt 0.339171 0.790069
vt 0.314718 0.758293
vt 0.319873 0.764640
vt 0.339204 0.600299
vt 0.360482 0.686938
vt 0.360018 0.676955
vt 0.359507 0.663218
vt 0.359072 0.647445
vt 0.359635 0.777405
vt 0.365039 0.761954
vt 0.352508 0.795292
vt 0.343249 0.797599
vt 0.345822 0.805214
vt 0.350176 0.807581
vt 0.341151 0.586183
vt 0.346690 0.570993
vt 0.322420 0.778025
vt 0.330240 0.791424
vt 0.312420 0.650573
vt 0.309344 0.639397
vt 0.310779 0.664201
vt 0.308776 0.675767
vt 0.312254 0.630454
vt 0.313501 0.622374
vt 0.310995 0.608344
vt 0.317699 0.613406
vt 0.314545 0.589338
vt 0.310013 0.597655
vt 0.307369 0.602276
vt 0.305927 0.610990
vt 0.307042 0.624447
vt 0.301260 0.617696
vt 0.306876 0.592943
vt 0.307081 0.584374
vt 0.301765 0.627071
vt 0.301132 0.639923
vt 0.302361 0.603431
vt 0.300015 0.584096
vt 0.292247 0.614175
vt 0.298169 0.626969
vt 0.286083 0.581232
vt 0.277750 0.601472
vt 0.278454 0.631522
vt 0.288995 0.643271
vt 0.283098 0.655959
vt 0.288690 0.662236
vt 0.284319 0.673700
vt 0.291079 0.678673
vt 0.284711 0.688425
vt 0.287927 0.702473
vt 0.294738 0.655391
vt 0.295014 0.636207
vt 0.269643 0.612399
vt 0.271406 0.624242
vt 0.268908 0.597879
vt 0.270989 0.591342
vt 0.262291 0.600682
vt 0.273805 0.581648
vt 0.277479 0.568194
vt 0.261750 0.585115
vt 0.267424 0.572568
vt 0.272438 0.571142
vt 0.270003 0.561202
vt 0.250691 0.599046
vt 0.276524 0.558396
vt 0.273850 0.549035
vt 0.263167 0.544660
vt 0.270421 0.535647
vt 0.264346 0.533163
vt 0.266255 0.521903
vt 0.258518 0.563059
vt 0.259554 0.610994
vt 0.297782 0.694047
vt 0.299151 0.670030
vt 0.299666 0.655037
vt 0.304888 0.669372
vt 0.303754 0.682068
vt 0.305459 0.695642
vt 0.304968 0.655413
vt 0.305209 0.712338
vt 0.294610 0.714460
vt 0.287389 0.720581
vt 0.276916 0.652327
vt 0.278024 0.667190
vt 0.252125 0.585890
vt 0.291853 0.729627
vt 0.278010 0.684697
vt 0.294531 0.564531
vt 0.284276 0.554365
vt 0.269480 0.631480
vt 0.270556 0.644433
vt 0.280907 0.699338
vt 0.278781 0.718343
vt 0.273571 0.700787
vt 0.265152 0.621729
vt 0.255462 0.623449
vt 0.262981 0.629808
vt 0.259125 0.636690
vt 0.251716 0.640663
vt 0.257874 0.645641
vt 0.263278 0.644765
vt 0.265202 0.637303
vt 0.256157 0.654419
vt 0.248624 0.656469
vt 0.255759 0.668731
vt 0.243752 0.642923
vt 0.246577 0.675145
vt 0.256269 0.685654
vt 0.244661 0.625656
vt 0.249139 0.613698
vt 0.253471 0.611383
vt 0.240070 0.656301
vt 0.236666 0.673207
vt 0.240698 0.688085
vt 0.248615 0.696711
vt 0.238516 0.704289
vt 0.245649 0.713021
vt 0.239186 0.716222
vt 0.250497 0.706897
vt 0.240472 0.726156
vt 0.250740 0.724620
vt 0.246744 0.737616
vt 0.253767 0.734585
vt 0.253801 0.742139
vt 0.258389 0.738249
vt 0.258630 0.728614
vt 0.264570 0.734863
vt 0.259633 0.750050
vt 0.264968 0.721179
vt 0.257990 0.716363
vt 0.249319 0.749361
vt 0.252129 0.713229
vt 0.264729 0.704962
vt 0.259386 0.695984
vt 0.264148 0.691005
vt 0.270276 0.687186
vt 0.268563 0.695840
vt 0.271266 0.673313
vt 0.271531 0.659148
vt 0.263782 0.677956
vt 0.263779 0.662695
vt 0.261270 0.652071
vt 0.270931 0.714477
vt 0.270755 0.726607
vt 0.272543 0.744150
vt 0.255069 0.695415
vt 0.255617 0.704173
vt 0.266225 0.652749
vt 0.248591 0.766467
vt 0.259622 0.766623
vt 0.266689 0.759668
vt 0.264479 0.774189
vt 0.269675 0.767102
vt 0.243138 0.754007
vt 0.255939 0.784362
vt 0.263154 0.787721
vt 0.242181 0.745864
vt 0.237292 0.738374
vt 0.269216 0.781085
vt 0.265905 0.795510
vt 0.258587 0.802972
vt 0.264595 0.808354
vt 0.258736 0.818936
vt 0.271315 0.758247
vt 0.264549 0.821482
vt 0.239589 0.759390
vt 0.237367 0.768578
vt 0.241276 0.779591
vt 0.246338 0.787367
vt 0.269889 0.791149
vt 0.234416 0.749456
vt 0.269119 0.798726
vt 0.247094 0.804936
vt 0.252474 0.817374
vt 0.254172 0.825311
vt 0.240592 0.789805
vt 0.234841 0.778670
vt 0.237015 0.786477
vt 0.326368 0.581215
vt 0.335598 0.571759
vt 0.340774 0.559939
vt 0.346749 0.556168
vt 0.303899 0.561291
vt 0.307681 0.574364
vt 0.241419 0.797493
vt 0.312239 0.571382
vt 0.232825 0.730472
vt 0.250374 0.575217
vt 0.256390 0.833027
vt 0.265985 0.833635
vt 0.261165 0.843272
vt 0.270322 0.807934
vt 0.271296 0.821450
vt 0.311236 0.720970
vt 0.232941 0.718415
vt 0.310660 0.562011
vt 0.283719 0.737966
vt 0.315679 0.771434
vt 0.318080 0.564958
vt 0.275939 0.525852
vt 0.272433 0.515497
vt 0.268400 0.512674
vt 0.339676 0.808645
vt 0.358586 0.634207
vt 0.344499 0.813841
vt 0.337654 0.818039
vt 0.341198 0.548669
vt 0.334282 0.590025
vt 0.314345 0.544407
vt 0.298697 0.543279
vt 0.334783 0.801710
vt 0.298966 0.726152
vt 0.307400 0.730288
vt 0.278421 0.539176
vt 0.233295 0.689403
vt 0.229726 0.703789
vt 0.427441 0.717535
vt 0.342462 0.823335
vt 0.336161 0.825494
vt 0.232462 0.759202
vt 0.338872 0.830121
vt 0.231528 0.772119
vt 0.291397 0.744594
vt 0.295746 0.735200
vt 0.297216 0.741731
vt 0.296873 0.752136
vt 0.291127 0.757771
vt 0.293981 0.762202
vt 0.299869 0.763754
vt 0.295560 0.772555
vt 0.301502 0.775017
vt 0.291508 0.762024
vt 0.290095 0.767714
vt 0.322628 0.792494
vt 0.324165 0.801649
vt 0.243697 0.610535
vt 0.246541 0.584703
vt 0.431175 0.673427
vt 0.316590 0.781029
vt 0.318597 0.788465
vt 0.310988 0.750413
vt 0.235241 0.796459
vt 0.298930 0.782577
vt 0.230330 0.765667
vt 0.328699 0.808482
vt 0.330871 0.800849
vt 0.283852 0.761263
vt 0.252797 0.544357
vt 0.257738 0.539884
vt 0.256883 0.530656
vt 0.240748 0.589274
vt 0.240360 0.601203
vt 0.278988 0.751056
vt 0.354018 0.559580
vt 0.269823 0.845164
vt 0.260845 0.852985
vt 0.268025 0.855658
vt 0.294359 0.781682
vt 0.295841 0.790575
vt 0.300810 0.791777
vt 0.299078 0.801622
vt 0.304328 0.799758
vt 0.304669 0.814280
vt 0.297374 0.813836
vt 0.424098 0.734128
vt 0.272502 0.832462
vt 0.327350 0.563787
vt 0.333669 0.555529
vt 0.363488 0.679863
vt 0.362718 0.671993
vt 0.300760 0.826654
vt 0.307356 0.828775
vt 0.287399 0.530619
vt 0.251531 0.847654
vt 0.244431 0.558269
vt 0.240120 0.575405
vt 0.236312 0.583621
vt 0.379562 0.759721
vt 0.295081 0.805192
vt 0.294514 0.798735
vt 0.334026 0.812124
vt 0.351577 0.543889
vt 0.340943 0.536508
vt 0.349375 0.527001
vt 0.309639 0.742283
vt 0.274734 0.763939
vt 0.275055 0.787036
vt 0.447151 0.654950
vt 0.246271 0.818548
vt 0.389784 0.760984
vt 0.382577 0.774304
vt 0.445199 0.626014
vt 0.247466 0.828365
vt 0.236385 0.635509
vt 0.236692 0.614385
vt 0.324868 0.550960
vt 0.361180 0.576248
vt 0.356424 0.597960
vt 0.305565 0.786721
vt 0.245672 0.838528
vt 0.244822 0.834130
vt 0.435116 0.710051
vt 0.356199 0.803604
vt 0.311335 0.767094
vt 0.312387 0.773104
vt 0.300273 0.735138
vt 0.229103 0.738364
vt 0.325197 0.540089
vt 0.332900 0.543417
vt 0.256983 0.514621
vt 0.263640 0.509097
vt 0.387326 0.603814
vt 0.318406 0.800634
vt 0.438982 0.689635
vt 0.430375 0.724745
vt 0.433613 0.736493
vt 0.360864 0.615083
vt 0.313405 0.778034
vt 0.262002 0.863033
vt 0.250400 0.859129
vt 0.251429 0.867774
vt 0.331812 0.820514
vt 0.278223 0.805362
vt 0.284927 0.783516
vt 0.453548 0.635020
vt 0.457271 0.644180
vt 0.454276 0.623422
vt 0.365511 0.646234
vt 0.366169 0.628863
vt 0.290947 0.778088
vt 0.290673 0.787349
vt 0.427149 0.745947
vt 0.436447 0.746833
vt 0.433875 0.758934
vt 0.415534 0.741659
vt 0.232736 0.594740
vt 0.420219 0.755387
vt 0.321911 0.811782
vt 0.325474 0.821701
vt 0.371886 0.634663
vt 0.374115 0.616378
vt 0.366631 0.597663
vt 0.337955 0.525868
vt 0.364992 0.789524
vt 0.369348 0.769491
vt 0.444928 0.674275
vt 0.456885 0.611706
vt 0.243111 0.542979
vt 0.277860 0.822631
vt 0.287030 0.798904
vt 0.283429 0.812547
vt 0.408037 0.752770
vt 0.309690 0.525718
vt 0.298694 0.525470
vt 0.319330 0.527969
vt 0.245418 0.531672
vt 0.229445 0.675027
vt 0.444516 0.751675
vt 0.445625 0.765433
vt 0.443508 0.739114
vt 0.331559 0.533307
vt 0.443566 0.613171
vt 0.431153 0.623601
vt 0.228475 0.753588
vt 0.230002 0.653780
vt 0.454035 0.755355
vt 0.455508 0.763669
vt 0.453674 0.742942
vt 0.440581 0.725976
vt 0.304852 0.839048
vt 0.297491 0.836863
vt 0.353109 0.816590
vt 0.272557 0.853261
vt 0.461122 0.622658
vt 0.410806 0.619573
vt 0.461380 0.651800
vt 0.458014 0.668576
vt 0.461721 0.748182
vt 0.462674 0.759732
vt 0.451996 0.729630
vt 0.465534 0.733751
vt 0.471831 0.749782
vt 0.476556 0.738049
vt 0.479579 0.724419
vt 0.483612 0.737513
vt 0.490758 0.732512
vt 0.488862 0.747424
vt 0.480709 0.745629
vt 0.500158 0.745497
vt 0.499446 0.726831
vt 0.491079 0.712456
vt 0.504427 0.710684
vt 0.498232 0.694498
vt 0.506402 0.691637
vt 0.503096 0.676607
vt 0.509739 0.731358
vt 0.494254 0.753917
vt 0.489511 0.761031
vt 0.481278 0.756596
vt 0.512056 0.748606
vt 0.506870 0.760042
vt 0.497613 0.761890
vt 0.503044 0.772430
vt 0.482961 0.768707
vt 0.491390 0.777782
vt 0.501665 0.782980
vt 0.493037 0.679565
vt 0.482395 0.712351
vt 0.481410 0.700636
vt 0.512310 0.770429
vt 0.508781 0.779788
vt 0.479827 0.779956
vt 0.498299 0.664142
vt 0.507813 0.654023
vt 0.497481 0.650628
vt 0.501817 0.637738
vt 0.510337 0.628484
vt 0.520777 0.643610
vt 0.502496 0.625486
vt 0.494985 0.659115
vt 0.489914 0.695017
vt 0.518383 0.740964
vt 0.472706 0.767874
vt 0.505677 0.615947
vt 0.509200 0.790934
vt 0.518909 0.780367
vt 0.520403 0.791227
vt 0.529220 0.785625
vt 0.513085 0.607214
vt 0.503094 0.604336
vt 0.496200 0.640513
vt 0.495066 0.630282
vt 0.520780 0.620543
vt 0.525723 0.601598
vt 0.470560 0.786173
vt 0.476112 0.710454
vt 0.498590 0.617738
vt 0.483877 0.787436
vt 0.478377 0.790113
vt 0.488534 0.791256
vt 0.491132 0.665459
vt 0.516037 0.760031
vt 0.516904 0.589011
vt 0.509608 0.596328
vt 0.530288 0.586131
vt 0.484023 0.686795
vt 0.484069 0.673676
vt 0.496620 0.791837
vt 0.468138 0.717137
vt 0.515860 0.659020
vt 0.513607 0.676628
vt 0.527309 0.794539
vt 0.474754 0.702429
vt 0.482787 0.795933
vt 0.471944 0.693801
vt 0.478442 0.690498
vt 0.475465 0.681136
vt 0.476412 0.669195
vt 0.535778 0.594140
vt 0.545478 0.587287
vt 0.543771 0.596402
vt 0.491476 0.655903
vt 0.489318 0.644153
vt 0.554866 0.597291
vt 0.468493 0.704646
vt 0.492253 0.611288
vt 0.484149 0.611897
vt 0.483785 0.626204
vt 0.492369 0.621323
vt 0.473616 0.609860
vt 0.504941 0.588594
vt 0.496581 0.598072
vt 0.459320 0.773464
vt 0.489380 0.800440
vt 0.487523 0.601127
vt 0.458866 0.720856
vt 0.458879 0.708883
vt 0.460397 0.695673
vt 0.448965 0.715760
vt 0.448646 0.700563
vt 0.451929 0.685041
vt 0.464122 0.682557
vt 0.468749 0.672136
vt 0.482996 0.659278
vt 0.477119 0.645593
vt 0.470456 0.659391
vt 0.468989 0.648154
vt 0.467105 0.635329
vt 0.518355 0.803257
vt 0.476276 0.798153
vt 0.293489 0.825548
vt 0.500577 0.804039
vt 0.465896 0.602055
vt 0.513138 0.716463
vt 0.512846 0.699886
vt 0.494430 0.587965
vt 0.271089 0.505748
vt 0.400311 0.765929
vt 0.391017 0.774559
vt 0.459299 0.790107
vt 0.536796 0.603730
vt 0.530540 0.615753
vt 0.483879 0.590589
vt 0.472503 0.591698
vt 0.346923 0.831970
vt 0.521148 0.751943
vt 0.468722 0.799602
vt 0.482115 0.803665
vt 0.281198 0.512875
vt 0.448492 0.779424
vt 0.520245 0.727817
vt 0.524601 0.738470
vt 0.438117 0.764473
vt 0.435493 0.765028
vt 0.437950 0.767401
vt 0.435059 0.767192
vt 0.432649 0.766026
vt 0.433760 0.768141
vt 0.338292 0.834988
vt 0.293018 0.803258
vt 0.290733 0.810363
vt 0.364115 0.530042
vt 0.356333 0.521834
vt 0.351746 0.516931
vt 0.342565 0.517861
vt 0.461365 0.597422
vt 0.365650 0.552353
vt 0.369218 0.563389
vt 0.294752 0.514282
vt 0.278660 0.500656
vt 0.451200 0.602393
vt 0.374301 0.775710
vt 0.375612 0.785974
vt 0.372524 0.800182
vt 0.291845 0.794589
vt 0.412708 0.765699
vt 0.371548 0.557050
vt 0.299428 0.851045
vt 0.532369 0.799509
vt 0.536900 0.792424
vt 0.541928 0.797323
vt 0.549618 0.790938
vt 0.438922 0.772647
vt 0.315146 0.838075
vt 0.310665 0.849102
vt 0.323519 0.533141
vt 0.328164 0.525167
vt 0.522028 0.664435
vt 0.425683 0.767935
vt 0.376938 0.596920
vt 0.372512 0.584865
vt 0.374455 0.571514
vt 0.524183 0.745679
vt 0.308472 0.758073
vt 0.262565 0.498797
vt 0.331905 0.831274
vt 0.334819 0.837664
vt 0.506907 0.811371
vt 0.302911 0.743327
vt 0.306959 0.749368
vt 0.303114 0.754501
vt 0.552071 0.800542
vt 0.519856 0.711154
vt 0.435603 0.769263
vt 0.541933 0.785153
vt 0.313330 0.788270
vt 0.304428 0.515522
vt 0.523395 0.574976
vt 0.511684 0.574992
vt 0.500681 0.576086
vt 0.312945 0.512564
vt 0.322669 0.517085
vt 0.534187 0.656040
vt 0.278635 0.836138
vt 0.278342 0.849152
vt 0.285338 0.824756
vt 0.291390 0.800618
vt 0.561076 0.592067
vt 0.362040 0.805543
vt 0.311399 0.805424
vt 0.313173 0.822757
vt 0.385035 0.790208
vt 0.399481 0.600634
vt 0.408342 0.606332
vt 0.394494 0.591123
vt 0.491192 0.578425
vt 0.375254 0.561037
vt 0.317074 0.811717
vt 0.318903 0.820220
vt 0.528649 0.629817
vt 0.530577 0.640929
vt 0.259348 0.871459
vt 0.521983 0.768325
vt 0.385695 0.582144
vt 0.397566 0.782983
vt 0.407756 0.778500
vt 0.417409 0.777205
vt 0.482793 0.579655
vt 0.288628 0.840256
vt 0.305137 0.776624
vt 0.420841 0.606596
vt 0.536773 0.574406
vt 0.548469 0.577927
vt 0.555745 0.583973
vt 0.255357 0.503947
vt 0.476057 0.807783
vt 0.486852 0.810866
vt 0.267477 0.868913
vt 0.273731 0.861193
vt 0.497638 0.814904
vt 0.421211 0.619100
vt 0.407881 0.595415
vt 0.403134 0.588168
vt 0.416437 0.595105
vt 0.412506 0.584993
vt 0.406729 0.575703
vt 0.397644 0.580716
vt 0.521195 0.677359
vt 0.521917 0.692267
vt 0.271750 0.493750
vt 0.315036 0.815918
vt 0.529499 0.676624
vt 0.568183 0.586002
vt 0.304592 0.769790
vt 0.304652 0.762276
vt 0.360116 0.827269
vt 0.356300 0.836661
vt 0.339798 0.840493
vt 0.349126 0.841735
vt 0.436190 0.610750
vt 0.442744 0.604438
vt 0.461406 0.801537
vt 0.456226 0.796289
vt 0.449903 0.791447
vt 0.322028 0.830413
vt 0.343446 0.845821
vt 0.365982 0.814784
vt 0.437987 0.783237
vt 0.525968 0.779610
vt 0.428738 0.612259
vt 0.567445 0.602234
vt 0.574719 0.597838
vt 0.333409 0.518675
vt 0.431661 0.768878
vt 0.398064 0.567043
vt 0.465996 0.587823
vt 0.539417 0.802935
vt 0.290641 0.500265
vt 0.566991 0.789211
vt 0.557958 0.783632
vt 0.286398 0.856237
vt 0.378131 0.539831
vt 0.377247 0.552720
vt 0.531162 0.744901
vt 0.433685 0.769947
vt 0.513287 0.814985
vt 0.524734 0.814204
vt 0.579366 0.611034
vt 0.587175 0.603577
vt 0.468369 0.808583
vt 0.406192 0.793592
vt 0.415453 0.789829
vt 0.395994 0.798132
vt 0.273646 0.870297
vt 0.309196 0.775747
vt 0.530961 0.806240
vt 0.384999 0.561880
vt 0.307959 0.502944
vt 0.422783 0.582124
vt 0.417493 0.571952
vt 0.488628 0.573369
vt 0.549946 0.785899
vt 0.584966 0.592895
vt 0.329144 0.841091
vt 0.321544 0.848763
vt 0.281676 0.493445
vt 0.594053 0.616029
vt 0.602794 0.601162
vt 0.534160 0.644964
vt 0.410569 0.562403
vt 0.474301 0.579711
vt 0.321816 0.505685
vt 0.307670 0.766460
vt 0.427397 0.591649
vt 0.531410 0.732849
vt 0.527203 0.720666
vt 0.527732 0.707842
vt 0.533400 0.695447
vt 0.379951 0.801731
vt 0.377327 0.811153
vt 0.527724 0.566623
vt 0.386637 0.805003
vt 0.346577 0.510775
vt 0.360968 0.516090
vt 0.371842 0.519096
vt 0.353923 0.510990
vt 0.435056 0.771112
vt 0.610080 0.615715
vt 0.603131 0.627814
vt 0.614985 0.628709
vt 0.607458 0.640457
vt 0.599705 0.637340
vt 0.618419 0.642583
vt 0.611157 0.648707
vt 0.615139 0.656157
vt 0.601511 0.655370
vt 0.601040 0.644189
vt 0.623745 0.652932
vt 0.621741 0.665513
vt 0.611332 0.670590
vt 0.618884 0.680673
vt 0.627141 0.672147
vt 0.629837 0.683293
vt 0.619659 0.698514
vt 0.609826 0.690484
vt 0.611566 0.681256
vt 0.608572 0.702158
vt 0.611826 0.712682
vt 0.623281 0.711161
vt 0.624382 0.703690
vt 0.631094 0.700728
vt 0.601628 0.697267
vt 0.602346 0.689119
vt 0.630714 0.712023
vt 0.640073 0.712561
vt 0.641983 0.697912
vt 0.617128 0.725205
vt 0.629111 0.723386
vt 0.640202 0.686647
vt 0.599267 0.709568
vt 0.602710 0.727253
vt 0.604978 0.680972
vt 0.649526 0.689327
vt 0.612705 0.740225
vt 0.603635 0.738923
vt 0.649843 0.701478
vt 0.650690 0.712127
vt 0.622984 0.734633
vt 0.597382 0.738415
vt 0.595793 0.690868
vt 0.589212 0.732011
vt 0.589449 0.719146
vt 0.598402 0.684492
vt 0.592632 0.699121
vt 0.586652 0.706845
vt 0.632394 0.671525
vt 0.640116 0.671636
vt 0.632772 0.658992
vt 0.649259 0.677140
vt 0.639079 0.730609
vt 0.630998 0.737167
vt 0.648853 0.724669
vt 0.602023 0.670793
vt 0.596398 0.677503
vt 0.624645 0.746326
vt 0.615627 0.758679
vt 0.601318 0.749114
vt 0.600569 0.765286
vt 0.610685 0.774331
vt 0.619914 0.771894
vt 0.589381 0.744222
vt 0.589751 0.756891
vt 0.627589 0.764986
vt 0.626681 0.755428
vt 0.591410 0.683928
vt 0.579633 0.713170
vt 0.587786 0.690982
vt 0.578422 0.724046
vt 0.584201 0.697682
vt 0.594203 0.643590
vt 0.591202 0.650885
vt 0.583173 0.657808
vt 0.618062 0.780451
vt 0.657804 0.680754
vt 0.581336 0.750172
vt 0.577111 0.738135
vt 0.587551 0.770629
vt 0.578698 0.761002
vt 0.592453 0.668123
vt 0.629234 0.641840
vt 0.624559 0.631132
vt 0.598622 0.780554
vt 0.658196 0.692851
vt 0.659271 0.706098
vt 0.583445 0.684496
vt 0.649636 0.666913
vt 0.646690 0.656067
vt 0.658494 0.666516
vt 0.586446 0.677238
vt 0.581209 0.670063
vt 0.574337 0.699780
vt 0.646188 0.736923
vt 0.652300 0.735243
vt 0.638807 0.751853
vt 0.580154 0.690805
vt 0.569040 0.713568
vt 0.565221 0.726281
vt 0.558538 0.715336
vt 0.556490 0.722373
vt 0.610649 0.786688
vt 0.602387 0.789166
vt 0.557639 0.699724
vt 0.552476 0.709922
vt 0.573762 0.774889
vt 0.584007 0.783969
vt 0.640452 0.640543
vt 0.566147 0.692146
vt 0.572261 0.681876
vt 0.561172 0.686650
vt 0.560856 0.680149
vt 0.592227 0.631698
vt 0.583993 0.623887
vt 0.588357 0.639094
vt 0.584150 0.645297
vt 0.560992 0.673572
vt 0.569718 0.666526
vt 0.624557 0.618248
vt 0.549341 0.717330
vt 0.653315 0.660956
vt 0.566091 0.780874
vt 0.544231 0.705558
vt 0.543486 0.691342
vt 0.550403 0.679711
vt 0.541578 0.682684
vt 0.540351 0.714356
vt 0.538381 0.676236
vt 0.633844 0.627406
vt 0.535216 0.708360
vt 0.536564 0.684367
vt 0.541525 0.667903
vt 0.553077 0.661183
vt 0.571867 0.750189
vt 0.541461 0.722291
vt 0.533718 0.716759
vt 0.534436 0.724786
vt 0.552033 0.729217
vt 0.563595 0.739184
vt 0.541023 0.730077
vt 0.626750 0.779146
vt 0.651764 0.746137
vt 0.535109 0.668679
vt 0.635515 0.615358
vt 0.594595 0.791421
vt 0.582181 0.795832
vt 0.619369 0.606279
vt 0.567112 0.655665
vt 0.630154 0.608347
vt 0.574352 0.649052
vt 0.583226 0.634883
vt 0.546665 0.734192
vt 0.552077 0.741047
vt 0.621477 0.787869
vt 0.538702 0.644820
vt 0.658218 0.652014
vt 0.651977 0.639219
vt 0.457235 0.591571
vt 0.427198 0.780850
vt 0.627745 0.787614
vt 0.336999 0.846686
vt 0.330519 0.849042
vt 0.564012 0.774821
vt 0.663475 0.657343
vt 0.248877 0.873477
vt 0.244577 0.870472
vt 0.420142 0.784443
vt 0.504835 0.817541
vt 0.437029 0.597510
vt 0.568953 0.802099
vt 0.432586 0.773799
vt 0.517941 0.563589
vt 0.261323 0.490173
vt 0.423817 0.791897
vt 0.567697 0.762649
vt 0.505162 0.563803
vt 0.494337 0.569187
vt 0.646875 0.621234
vt 0.447901 0.596413
vt 0.637254 0.772480
vt 0.249652 0.493383
vt 0.548129 0.604568
vt 0.488644 0.819519
vt 0.432229 0.778810
vt 0.616691 0.794660
vt 0.655353 0.763150
vt 0.647262 0.769460
vt 0.453962 0.801251
vt 0.415848 0.805748
vt 0.421438 0.800308
vt 0.405531 0.809384
vt 0.558945 0.653015
vt 0.424502 0.809673
vt 0.443347 0.798605
vt 0.432722 0.793210
vt 0.380881 0.526377
vt 0.430180 0.804135
vt 0.605829 0.796326
vt 0.617087 0.598013
vt 0.473639 0.819818
vt 0.404155 0.554745
vt 0.544553 0.650650
vt 0.552892 0.648675
vt 0.334647 0.510247
vt 0.530589 0.778232
vt 0.373857 0.825136
vt 0.366767 0.836087
vt 0.541587 0.737023
vt 0.395560 0.554404
vt 0.388426 0.547296
vt 0.557090 0.578109
vt 0.528415 0.771734
vt 0.433006 0.579280
vt 0.430082 0.567712
vt 0.562004 0.750288
vt 0.423301 0.817077
vt 0.415745 0.820175
vt 0.433259 0.818822
vt 0.461008 0.810248
vt 0.395301 0.810196
vt 0.628165 0.599848
vt 0.421354 0.558895
vt 0.387420 0.818980
vt 0.573612 0.638747
vt 0.594698 0.800766
vt 0.557878 0.605243
vt 0.634651 0.785990
vt 0.668913 0.694740
vt 0.669449 0.709459
vt 0.540689 0.810967
vt 0.436723 0.801824
vt 0.536583 0.638862
vt 0.534094 0.632697
vt 0.660952 0.638090
vt 0.664701 0.643959
vt 0.658607 0.626708
vt 0.563099 0.645159
vt 0.408216 0.818887
vt 0.436149 0.586031
vt 0.442175 0.811044
vt 0.427372 0.827997
vt 0.279062 0.487269
vt 0.283378 0.868639
vt 0.640086 0.605261
vt 0.414240 0.548840
vt 0.400990 0.544876
vt 0.668147 0.635467
vt 0.665449 0.629022
vt 0.557270 0.810621
vt 0.392509 0.535111
vt 0.401111 0.820842
vt 0.308631 0.857184
vt 0.304242 0.861593
vt 0.295526 0.863826
vt 0.317104 0.856716
vt 0.497489 0.822518
vt 0.451344 0.808371
vt 0.350897 0.507240
vt 0.534964 0.564276
vt 0.549648 0.567657
vt 0.418499 0.834762
vt 0.255632 0.877087
vt 0.484236 0.569895
vt 0.516963 0.819355
vt 0.410121 0.825593
vt 0.359900 0.844816
vt 0.610659 0.592390
vt 0.597358 0.587030
vt 0.579965 0.581968
vt 0.565481 0.575764
vt 0.444356 0.582248
vt 0.452870 0.584577
vt 0.442323 0.569259
vt 0.377302 0.835626
vt 0.384146 0.830230
vt 0.652658 0.605629
vt 0.659716 0.613929
vt 0.604511 0.804221
vt 0.440342 0.578202
vt 0.656809 0.777169
vt 0.647579 0.783821
vt 0.583198 0.806665
vt 0.577370 0.628875
vt 0.577797 0.620507
vt 0.627827 0.795807
vt 0.440831 0.832801
vt 0.673401 0.624972
vt 0.667196 0.619518
vt 0.341926 0.850051
vt 0.394480 0.830632
vt 0.445509 0.823211
vt 0.616190 0.804325
vt 0.542097 0.631536
vt 0.508912 0.823020
vt 0.302425 0.492661
vt 0.292096 0.487644
vt 0.349561 0.848887
vt 0.406153 0.833121
vt 0.511643 0.556168
vt 0.465054 0.580660
vt 0.268291 0.877125
vt 0.456148 0.819035
vt 0.538729 0.624913
vt 0.570965 0.810241
vt 0.277022 0.874065
vt 0.371851 0.510427
vt 0.526398 0.558772
vt 0.383550 0.515947
vt 0.313278 0.864668
vt 0.305189 0.869077
vt 0.328766 0.855833
vt 0.640454 0.795016
vt 0.409843 0.534532
vt 0.463527 0.826211
vt 0.518346 0.554807
vt 0.532616 0.818838
vt 0.423775 0.550292
vt 0.431169 0.553892
vt 0.622048 0.591806
vt 0.442258 0.558284
vt 0.446542 0.573838
vt 0.486756 0.826828
vt 0.478168 0.830362
vt 0.374438 0.845905
vt 0.365671 0.849711
vt 0.431697 0.840029
vt 0.647146 0.597364
vt 0.296175 0.873543
vt 0.336069 0.851718
vt 0.387777 0.840233
vt 0.548239 0.815140
vt 0.396597 0.523722
vt 0.360111 0.505904
vt 0.596989 0.808623
vt 0.399664 0.839991
vt 0.473979 0.571863
vt 0.635422 0.802267
vt 0.454978 0.830955
vt 0.636475 0.592901
vt 0.627986 0.805372
vt 0.521898 0.825432
vt 0.663113 0.788795
vt 0.676108 0.615120
vt 0.669528 0.609627
vt 0.662221 0.604506
vt 0.411208 0.846337
vt 0.542149 0.819301
vt 0.606986 0.809416
vt 0.358712 0.854165
vt 0.242291 0.879281
vt 0.504104 0.553826
vt 0.493375 0.558536
vt 0.427809 0.541281
vt 0.453817 0.572798
vt 0.468777 0.833525
vt 0.652754 0.796043
vt 0.424824 0.847257
vt 0.285215 0.878828
vt 0.386931 0.849551
vt 0.397795 0.849061
vt 0.484441 0.835041
vt 0.476973 0.835019
vt 0.465910 0.570309
vt 0.199531 0.874702
vt 0.193941 0.875810
vt 0.193735 0.870271
vt 0.201895 0.869094
vt 0.194842 0.864878
vt 0.208609 0.875360
vt 0.212308 0.869905
vt 0.220717 0.874414
vt 0.223604 0.865335
vt 0.240099 0.865355
vt 0.235697 0.873038
vt 0.232216 0.858438
vt 0.208259 0.861212
vt 0.216534 0.857853
vt 0.223528 0.856291
vt 0.240713 0.858687
vt 0.210873 0.853969
vt 0.198976 0.862042
vt 0.237118 0.853762
vt 0.216719 0.849250
vt 0.229283 0.847586
vt 0.218081 0.836399
vt 0.222653 0.823449
vt 0.230552 0.834192
vt 0.209004 0.847764
vt 0.210807 0.841895
vt 0.237225 0.840787
vt 0.240688 0.847575
vt 0.209675 0.821333
vt 0.208133 0.833878
vt 0.216489 0.813817
vt 0.225273 0.810874
vt 0.215169 0.801062
vt 0.223951 0.798143
vt 0.230794 0.803502
vt 0.229333 0.794784
vt 0.232146 0.810942
vt 0.225369 0.787539
vt 0.218486 0.788954
vt 0.236527 0.819829
vt 0.240492 0.833347
vt 0.198726 0.854643
vt 0.209906 0.808973
vt 0.204430 0.851223
vt 0.220809 0.777719
vt 0.228374 0.778661
vt 0.225705 0.770007
vt 0.231768 0.787119
vt 0.203142 0.840895
vt 0.197997 0.846286
vt 0.219698 0.767852
vt 0.208322 0.801860
vt 0.244033 0.853941
vt 0.206202 0.804715
vt 0.223765 0.759326
vt 0.234108 0.802701
vt 0.236697 0.805945
vt 0.199959 0.827374
vt 0.207547 0.794170
vt 0.223894 0.746644
vt 0.192456 0.857186
vt 0.211573 0.787853
vt 0.214672 0.780566
vt 0.215831 0.751138
vt 0.215658 0.738837
vt 0.215002 0.761626
vt 0.199099 0.814716
vt 0.203728 0.808156
vt 0.191752 0.847168
vt 0.222293 0.735413
vt 0.226402 0.727526
vt 0.224961 0.714462
vt 0.224006 0.702862
vt 0.218864 0.706687
vt 0.221605 0.698418
vt 0.224357 0.689424
vt 0.217968 0.724012
vt 0.222380 0.668299
vt 0.219438 0.646785
vt 0.225677 0.620472
vt 0.216262 0.628866
vt 0.219070 0.601170
vt 0.216876 0.614569
vt 0.224826 0.595638
vt 0.215527 0.662997
vt 0.214439 0.681458
vt 0.220336 0.584236
vt 0.227252 0.580150
vt 0.222644 0.569952
vt 0.213270 0.640390
vt 0.233203 0.578385
vt 0.218582 0.694794
vt 0.231323 0.562571
vt 0.220969 0.554650
vt 0.227856 0.542968
vt 0.219461 0.536753
vt 0.225085 0.533258
vt 0.230167 0.532161
vt 0.232750 0.538833
vt 0.235988 0.546422
vt 0.211286 0.547924
vt 0.214306 0.571155
vt 0.209397 0.522370
vt 0.214676 0.589560
vt 0.223287 0.523664
vt 0.218451 0.514229
vt 0.201238 0.540415
vt 0.199758 0.525594
vt 0.195844 0.514250
vt 0.203340 0.565342
vt 0.207843 0.587535
vt 0.212242 0.603220
vt 0.201936 0.504403
vt 0.192787 0.502863
vt 0.211592 0.652211
vt 0.215643 0.504700
vt 0.214328 0.771522
vt 0.193486 0.835999
vt 0.202936 0.798391
vt 0.226303 0.511170
vt 0.188380 0.507404
vt 0.193121 0.530169
vt 0.195177 0.542695
vt 0.196607 0.553124
vt 0.202471 0.789796
vt 0.205270 0.784351
vt 0.188042 0.516949
vt 0.210610 0.618723
vt 0.210271 0.631480
vt 0.235169 0.521996
vt 0.195470 0.819447
vt 0.236797 0.508080
vt 0.208703 0.776601
vt 0.237094 0.535339
vt 0.247038 0.516391
vt 0.228774 0.501021
vt 0.237048 0.500703
vt 0.245175 0.502926
vt 0.251457 0.508780
vt 0.206556 0.495648
vt 0.195090 0.495412
vt 0.199459 0.781606
vt 0.202803 0.775144
vt 0.212848 0.698520
vt 0.219851 0.493568
vt 0.193270 0.568893
vt 0.198593 0.587683
vt 0.204146 0.605887
vt 0.191659 0.823141
vt 0.188471 0.862608
vt 0.211195 0.713300
vt 0.198186 0.789693
vt 0.197210 0.770495
vt 0.202144 0.766264
vt 0.205243 0.770894
vt 0.208486 0.666360
vt 0.191087 0.811271
vt 0.209885 0.755573
vt 0.208687 0.745445
vt 0.186350 0.499674
vt 0.207935 0.691420
vt 0.194761 0.798678
vt 0.197618 0.760209
vt 0.186195 0.838516
vt 0.184986 0.827294
vt 0.206898 0.641580
vt 0.206749 0.729808
vt 0.208139 0.765317
vt 0.188746 0.548604
vt 0.183085 0.849238
vt 0.192227 0.779543
vt 0.190244 0.759327
vt 0.202455 0.626062
vt 0.203947 0.680545
vt 0.196233 0.749012
vt 0.203848 0.654472
vt 0.182385 0.528767
vt 0.200301 0.666694
vt 0.189472 0.586535
vt 0.192360 0.608778
vt 0.193109 0.629686
vt 0.197932 0.642850
vt 0.196732 0.656208
vt 0.181905 0.860481
vt 0.203300 0.754967
vt 0.235598 0.494922
vt 0.205508 0.703688
vt 0.204819 0.716708
vt 0.187168 0.799825
vt 0.191298 0.748654
vt 0.186666 0.742411
vt 0.190879 0.733910
vt 0.192455 0.741948
vt 0.185642 0.725742
vt 0.183912 0.786924
vt 0.192085 0.723504
vt 0.187923 0.709273
vt 0.184778 0.815940
vt 0.183810 0.806115
vt 0.182466 0.769572
vt 0.178770 0.752218
vt 0.202319 0.742601
vt 0.177213 0.731542
vt 0.178532 0.711016
vt 0.180613 0.509788
vt 0.202691 0.693026
vt 0.180641 0.570409
vt 0.197710 0.733194
vt 0.181768 0.693403
vt 0.186952 0.622799
vt 0.191782 0.639818
vt 0.189794 0.649979
vt 0.201808 0.729186
vt 0.201147 0.724000
vt 0.193949 0.714271
vt 0.196740 0.721759
vt 0.181279 0.796818
vt 0.177005 0.547326
vt 0.185833 0.635770
vt 0.173886 0.693421
vt 0.175636 0.678463
vt 0.171757 0.718170
vt 0.180341 0.594873
vt 0.181325 0.613312
vt 0.180883 0.625533
vt 0.196796 0.676408
vt 0.191889 0.666462
vt 0.185734 0.490829
vt 0.196727 0.689208
vt 0.180359 0.810412
vt 0.189328 0.691830
vt 0.194290 0.702989
vt 0.169388 0.704676
vt 0.184429 0.675968
vt 0.177830 0.832990
vt 0.199584 0.700278
vt 0.176590 0.661634
vt 0.184485 0.660307
vt 0.191658 0.679864
vt 0.180210 0.647394
vt 0.199346 0.712146
vt 0.177347 0.634399
vt 0.168839 0.727754
vt 0.168514 0.741978
vt 0.174440 0.763519
vt 0.170327 0.755142
vt 0.175084 0.816760
vt 0.178402 0.497705
vt 0.168488 0.681201
vt 0.167077 0.692097
vt 0.167230 0.665588
vt 0.173887 0.775553
vt 0.173720 0.789755
vt 0.176057 0.802708
vt 0.185643 0.870721
vt 0.178176 0.864542
vt 0.228026 0.878797
vt 0.172500 0.488129
vt 0.217920 0.880008
vt 0.224295 0.880787
vt 0.203556 0.880787
vt 0.783617 0.058006
vt 0.776260 0.053037
vt 0.786206 0.051588
vt 0.771891 0.065101
vt 0.762467 0.058160
vt 0.761453 0.066320
vt 0.785865 0.066463
vt 0.797150 0.054964
vt 0.797603 0.066467
vt 0.791248 0.075027
vt 0.808425 0.062192
vt 0.760751 0.072807
vt 0.773413 0.079762
vt 0.806058 0.056067
vt 0.803769 0.074668
vt 0.796668 0.079750
vt 0.789934 0.082703
vt 0.796480 0.083367
vt 0.801058 0.082062
vt 0.750999 0.067622
vt 0.748251 0.051359
vt 0.736677 0.064991
vt 0.732985 0.053037
vt 0.741013 0.073717
vt 0.727474 0.061379
vt 0.747311 0.083038
vt 0.761010 0.087699
vt 0.725659 0.068920
vt 0.730381 0.077441
vt 0.766407 0.044468
vt 0.731159 0.086967
vt 0.735697 0.090636
vt 0.784751 0.088713
vt 0.771231 0.093459
vt 0.797512 0.087630
vt 0.754933 0.093000
vt 0.808548 0.083445
vt 0.820067 0.059374
vt 0.819380 0.073514
vt 0.811077 0.052481
vt 0.805535 0.043414
vt 0.787080 0.041769
vt 0.815768 0.044843
vt 0.820775 0.050383
vt 0.753702 0.032571
vt 0.734560 0.038674
vt 0.727818 0.047538
vt 0.721395 0.055129
vt 0.771952 0.030978
vt 0.815081 0.038495
vt 0.787981 0.027106
vt 0.805203 0.032048
vt 0.826677 0.064639
vt 0.806740 0.092162
vt 0.818221 0.088524
vt 0.829210 0.083529
vt 0.762633 0.021757
vt 0.719682 0.064987
vt 0.741656 0.095746
vt 0.752626 0.019846
vt 0.741381 0.023865
vt 0.721030 0.044478
vt 0.721149 0.033734
vt 0.729806 0.026181
vt 0.775856 0.020016
vt 0.824012 0.043143
vt 0.758572 0.016590
vt 0.834492 0.071243
vt 0.835615 0.081649
vt 0.830061 0.054877
vt 0.792034 0.097937
vt 0.776926 0.101684
vt 0.720553 0.086720
vt 0.715042 0.075684
vt 0.785946 0.104814
vt 0.757812 0.103214
vt 0.827721 0.095205
vt 0.710292 0.051242
vt 0.823270 0.032818
vt 0.816464 0.023611
vt 0.812970 0.101012
vt 0.801156 0.021154
vt 0.710871 0.041713
vt 0.707411 0.047021
vt 0.788386 0.018218
vt 0.728172 0.094579
vt 0.709523 0.064323
vt 0.836954 0.089003
vt 0.776230 0.108191
vt 0.763139 0.111895
vt 0.795766 0.111244
vt 0.749736 0.112186
vt 0.733581 0.107390
vt 0.710850 0.086451
vt 0.741473 0.117920
vt 0.775801 0.116083
vt 0.787530 0.120137
vt 0.757371 0.119807
vt 0.772923 0.125702
vt 0.757997 0.126962
vt 0.759633 0.134881
vt 0.744004 0.127824
vt 0.741104 0.139465
vt 0.753229 0.144925
vt 0.770877 0.144419
vt 0.780679 0.135414
vt 0.740219 0.149838
vt 0.790016 0.144818
vt 0.799398 0.135998
vt 0.791612 0.127481
vt 0.808538 0.127185
vt 0.780916 0.150527
vt 0.771247 0.151155
vt 0.760942 0.150617
vt 0.789580 0.151228
vt 0.816310 0.112990
vt 0.808539 0.118786
vt 0.827787 0.106931
vt 0.807409 0.144735
vt 0.800247 0.153638
vt 0.799003 0.120868
vt 0.817447 0.136874
vt 0.728873 0.133650
vt 0.728940 0.121708
vt 0.750260 0.151390
vt 0.819227 0.121712
vt 0.821199 0.128621
vt 0.828482 0.117504
vt 0.705758 0.081646
vt 0.704667 0.074746
vt 0.715541 0.097637
vt 0.716647 0.113159
vt 0.727317 0.145431
vt 0.838438 0.100233
vt 0.827726 0.124926
vt 0.815865 0.152619
vt 0.820600 0.145890
vt 0.839727 0.113333
vt 0.840782 0.081297
vt 0.844122 0.056496
vt 0.846723 0.073146
vt 0.836620 0.041302
vt 0.835323 0.030328
vt 0.828427 0.025222
vt 0.717174 0.128687
vt 0.812693 0.160880
vt 0.849584 0.089923
vt 0.721275 0.137893
vt 0.832864 0.143378
vt 0.828708 0.152814
vt 0.836441 0.124350
vt 0.856302 0.077028
vt 0.855186 0.084938
vt 0.848520 0.105031
vt 0.854188 0.063485
vt 0.704162 0.090160
vt 0.705088 0.102941
vt 0.702306 0.058064
vt 0.732332 0.155476
vt 0.830253 0.132149
vt 0.853825 0.100682
vt 0.849368 0.043477
vt 0.775692 0.154920
vt 0.785942 0.157521
vt 0.706925 0.117809
vt 0.766326 0.155658
vt 0.754465 0.156772
vt 0.702755 0.047892
vt 0.745207 0.155277
vt 0.739417 0.157139
vt 0.856001 0.051050
vt 0.859195 0.067382
vt 0.850174 0.114782
vt 0.846926 0.123300
vt 0.848448 0.031914
vt 0.697455 0.070489
vt 0.700172 0.081244
vt 0.843625 0.134744
vt 0.745280 0.160880
vt 0.272279 0.421913
vt 0.289354 0.424187
vt 0.278679 0.433861
vt 0.282212 0.417230
vt 0.261970 0.430421
vt 0.294644 0.437137
vt 0.255094 0.421446
vt 0.245683 0.428822
vt 0.241180 0.420863
vt 0.229744 0.425916
vt 0.229840 0.415070
vt 0.210688 0.420468
vt 0.218798 0.407128
vt 0.289039 0.416752
vt 0.308124 0.428928
vt 0.306567 0.439068
vt 0.285716 0.441090
vt 0.266704 0.439655
vt 0.317223 0.440428
vt 0.319995 0.432947
vt 0.301572 0.444942
vt 0.309926 0.445849
vt 0.252303 0.437589
vt 0.329592 0.438729
vt 0.326741 0.447589
vt 0.338768 0.451359
vt 0.318335 0.452987
vt 0.329921 0.455819
vt 0.277630 0.444479
vt 0.219176 0.433065
vt 0.234993 0.437228
vt 0.290165 0.450412
vt 0.339980 0.463247
vt 0.351829 0.461165
vt 0.352146 0.451022
vt 0.360676 0.457270
vt 0.364723 0.463686
vt 0.361625 0.470795
vt 0.378121 0.469305
vt 0.382597 0.482503
vt 0.349199 0.468414
vt 0.395992 0.474505
vt 0.410302 0.484168
vt 0.409826 0.474078
vt 0.401189 0.470118
vt 0.403382 0.492605
vt 0.422615 0.477447
vt 0.429953 0.488728
vt 0.203175 0.437196
vt 0.418829 0.497902
vt 0.189157 0.424688
vt 0.195146 0.412790
vt 0.181719 0.411660
vt 0.190837 0.400268
vt 0.174516 0.400588
vt 0.166247 0.411523
vt 0.156924 0.399985
vt 0.169127 0.391470
vt 0.160368 0.387474
vt 0.148686 0.390854
vt 0.141236 0.400759
vt 0.153852 0.381709
vt 0.161844 0.380577
vt 0.143331 0.383520
vt 0.171110 0.380501
vt 0.181497 0.388803
vt 0.138845 0.391905
vt 0.148792 0.375318
vt 0.161011 0.372624
vt 0.149841 0.412980
vt 0.149497 0.363774
vt 0.146674 0.405475
vt 0.140809 0.409090
vt 0.174357 0.420650
vt 0.137604 0.416741
vt 0.175287 0.367308
vt 0.138451 0.374818
vt 0.304874 0.453890
vt 0.185743 0.374542
vt 0.165241 0.358658
vt 0.204734 0.406117
vt 0.268355 0.447453
vt 0.258216 0.446056
vt 0.245519 0.445306
vt 0.154470 0.347817
vt 0.390995 0.464216
vt 0.373629 0.457517
vt 0.138253 0.362964
vt 0.135116 0.386259
vt 0.185654 0.362396
vt 0.169649 0.345664
vt 0.179165 0.354166
vt 0.142963 0.354079
vt 0.141893 0.342764
vt 0.162311 0.337891
vt 0.151398 0.331935
vt 0.171419 0.335848
vt 0.196257 0.384588
vt 0.202269 0.395705
vt 0.343342 0.441764
vt 0.362923 0.451224
vt 0.182174 0.339779
vt 0.417337 0.470020
vt 0.192928 0.364496
vt 0.195164 0.372925
vt 0.129050 0.397725
vt 0.132194 0.410769
vt 0.164447 0.328498
vt 0.327405 0.465246
vt 0.406263 0.465535
vt 0.138065 0.329303
vt 0.159994 0.425152
vt 0.143572 0.425632
vt 0.132261 0.425837
vt 0.131350 0.418364
vt 0.220725 0.445263
vt 0.235430 0.446944
vt 0.311982 0.465142
vt 0.434796 0.505161
vt 0.346625 0.477569
vt 0.391699 0.495317
vt 0.212368 0.397589
vt 0.406253 0.502891
vt 0.192544 0.351018
vt 0.176164 0.328047
vt 0.299673 0.415492
vt 0.311947 0.420481
vt 0.186450 0.439184
vt 0.174489 0.432033
vt 0.133406 0.353659
vt 0.242385 0.449752
vt 0.272452 0.456246
vt 0.284712 0.461130
vt 0.295806 0.465774
vt 0.246675 0.411761
vt 0.262664 0.413068
vt 0.263020 0.451488
vt 0.433898 0.478679
vt 0.357073 0.442128
vt 0.250454 0.455801
vt 0.135421 0.438970
vt 0.149313 0.437029
vt 0.162658 0.440050
vt 0.194225 0.447220
vt 0.205580 0.451699
vt 0.370050 0.494305
vt 0.419012 0.515490
vt 0.435373 0.520596
vt 0.445970 0.518028
vt 0.444107 0.534117
vt 0.456195 0.530460
vt 0.461940 0.550249
vt 0.440733 0.494093
vt 0.305416 0.475791
vt 0.239662 0.451601
vt 0.274919 0.412461
vt 0.168788 0.320351
vt 0.156519 0.317858
vt 0.324532 0.425220
vt 0.192969 0.337528
vt 0.133455 0.340765
vt 0.129477 0.368986
vt 0.128958 0.382538
vt 0.126252 0.421036
vt 0.123224 0.435647
vt 0.145329 0.320500
vt 0.336561 0.433235
vt 0.371847 0.447769
vt 0.376613 0.452572
vt 0.383886 0.452786
vt 0.396967 0.457335
vt 0.188337 0.327628
vt 0.440300 0.485122
vt 0.207814 0.387440
vt 0.204804 0.380647
vt 0.233831 0.402069
vt 0.222599 0.397380
vt 0.178922 0.317574
vt 0.123718 0.412145
vt 0.320008 0.478734
vt 0.198890 0.366708
vt 0.145727 0.309013
vt 0.416104 0.463474
vt 0.448056 0.503115
vt 0.202310 0.373989
vt 0.347018 0.433876
vt 0.198653 0.359393
vt 0.137266 0.315651
vt 0.285201 0.410777
vt 0.277598 0.407418
vt 0.457867 0.513833
vt 0.463438 0.525807
vt 0.469344 0.538522
vt 0.470149 0.530985
vt 0.218538 0.387845
vt 0.427853 0.467136
vt 0.125958 0.449974
vt 0.188997 0.316795
vt 0.183059 0.311638
vt 0.176846 0.309929
vt 0.167584 0.310930
vt 0.196246 0.331796
vt 0.407430 0.456456
vt 0.247334 0.401112
vt 0.256740 0.405172
vt 0.120734 0.388833
vt 0.116340 0.375351
vt 0.123295 0.377444
vt 0.115445 0.406794
vt 0.112767 0.391342
vt 0.105165 0.383735
vt 0.105858 0.400340
vt 0.097227 0.394870
vt 0.095812 0.383917
vt 0.095900 0.371673
vt 0.107860 0.367381
vt 0.088865 0.379750
vt 0.080629 0.372134
vt 0.086679 0.361396
vt 0.101259 0.360762
vt 0.095222 0.363275
vt 0.095118 0.358210
vt 0.099747 0.351848
vt 0.090750 0.352200
vt 0.095960 0.347224
vt 0.101817 0.340084
vt 0.110165 0.351188
vt 0.112737 0.336309
vt 0.108908 0.327001
vt 0.100665 0.329298
vt 0.091101 0.332783
vt 0.096336 0.326403
vt 0.089508 0.343573
vt 0.101175 0.318875
vt 0.080280 0.338135
vt 0.090066 0.323321
vt 0.090132 0.314359
vt 0.098947 0.307136
vt 0.106546 0.308140
vt 0.105222 0.301206
vt 0.076353 0.349054
vt 0.068944 0.337236
vt 0.112043 0.313605
vt 0.076896 0.326365
vt 0.083575 0.319369
vt 0.087118 0.389552
vt 0.062529 0.352813
vt 0.063191 0.344015
vt 0.072074 0.361221
vt 0.088276 0.401309
vt 0.062702 0.328603
vt 0.087783 0.303764
vt 0.080784 0.381829
vt 0.062633 0.316870
vt 0.077536 0.312532
vt 0.055318 0.304782
vt 0.066826 0.306384
vt 0.074235 0.300301
vt 0.062901 0.298757
vt 0.052926 0.295664
vt 0.057254 0.336174
vt 0.096598 0.410059
vt 0.105689 0.413263
vt 0.098531 0.295827
vt 0.050219 0.313701
vt 0.049732 0.325653
vt 0.066852 0.369680
vt 0.071380 0.378970
vt 0.061557 0.361412
vt 0.083630 0.292591
vt 0.115329 0.361227
vt 0.080690 0.396849
vt 0.048215 0.299799
vt 0.053815 0.344998
vt 0.048303 0.336791
vt 0.100407 0.423336
vt 0.043196 0.305426
vt 0.041255 0.316226
vt 0.106423 0.295556
vt 0.073490 0.389523
vt 0.066225 0.383652
vt 0.093923 0.285244
vt 0.086186 0.411620
vt 0.038783 0.323668
vt 0.039875 0.332967
vt 0.051573 0.356667
vt 0.057094 0.366835
vt 0.059577 0.377206
vt 0.063011 0.289315
vt 0.077977 0.282625
vt 0.088618 0.276917
vt 0.111436 0.299616
vt 0.106706 0.286406
vt 0.099839 0.279086
vt 0.105117 0.277216
vt 0.079372 0.405425
vt 0.089077 0.424265
vt 0.095551 0.433886
vt 0.090575 0.431825
vt 0.043448 0.345024
vt 0.073960 0.399297
vt 0.061390 0.279397
vt 0.071023 0.273710
vt 0.035264 0.318723
vt 0.065743 0.398142
vt 0.060245 0.388888
vt 0.047532 0.369408
vt 0.038171 0.357859
vt 0.038152 0.369300
vt 0.118873 0.351761
vt 0.042651 0.296143
vt 0.041595 0.375794
vt 0.048462 0.382635
vt 0.119592 0.340150
vt 0.057107 0.397567
vt 0.103846 0.432811
vt 0.109092 0.423470
vt 0.117877 0.423234
vt 0.069957 0.406935
vt 0.059222 0.406456
vt 0.051107 0.392574
vt 0.046288 0.289617
vt 0.052634 0.272968
vt 0.041857 0.279628
vt 0.042177 0.271756
vt 0.076372 0.416913
vt 0.078213 0.428342
vt 0.039293 0.381923
vt 0.059413 0.268413
vt 0.035084 0.299756
vt 0.083698 0.270446
vt 0.031795 0.342517
vt 0.035565 0.375719
vt 0.120362 0.323305
vt 0.041012 0.391641
vt 0.032791 0.310455
vt 0.064476 0.415079
vt 0.057652 0.413502
vt 0.066472 0.426126
vt 0.056939 0.419812
vt 0.085780 0.437153
vt 0.027961 0.355398
vt 0.101521 0.443170
vt 0.049198 0.401087
vt 0.093872 0.443504
vt 0.029170 0.368730
vt 0.071150 0.266389
vt 0.097622 0.272204
vt 0.029987 0.324934
vt 0.031016 0.383549
vt 0.032553 0.393787
vt 0.037376 0.405143
vt 0.049998 0.412304
vt 0.027909 0.390963
vt 0.087217 0.449954
vt 0.072337 0.436866
vt 0.062079 0.435681
vt 0.054690 0.429076
vt 0.095869 0.453601
vt 0.075667 0.448623
vt 0.048910 0.421761
vt 0.041799 0.417533
vt 0.087934 0.459885
vt 0.023612 0.335496
vt 0.022158 0.347208
vt 0.080440 0.457599
vt 0.064450 0.444697
vt 0.023714 0.377586
vt 0.027675 0.398174
vt 0.027843 0.407626
vt 0.065888 0.453417
vt 0.070506 0.460193
vt 0.032063 0.418384
vt 0.034870 0.290765
vt 0.042300 0.428854
vt 0.052050 0.440598
vt 0.021982 0.371028
vt 0.120096 0.305113
vt 0.056703 0.451795
vt 0.094553 0.469886
vt 0.031878 0.430018
vt 0.111146 0.438321
vt 0.046996 0.449912
vt 0.078479 0.469548
vt 0.086150 0.475123
vt 0.089719 0.480599
vt 0.079562 0.481700
vt 0.098138 0.490668
vt 0.059685 0.460595
vt 0.086819 0.487554
vt 0.106232 0.456426
vt 0.109081 0.475841
vt 0.019895 0.361841
vt 0.134432 0.453961
vt 0.065677 0.482366
vt 0.060532 0.470502
vt 0.071792 0.487495
vt 0.036100 0.441839
vt 0.048556 0.459839
vt 0.053256 0.466165
vt 0.077895 0.490784
vt 0.086472 0.495371
vt 0.077401 0.497739
vt 0.092216 0.502020
vt 0.022163 0.389315
vt 0.082999 0.503927
vt 0.039981 0.453869
vt 0.480641 0.547946
vt 0.052646 0.480905
vt 0.043122 0.472875
vt 0.037735 0.462119
vt 0.127439 0.457843
vt 0.129775 0.465385
vt 0.088768 0.510280
vt 0.023690 0.413165
vt 0.116574 0.451104
vt 0.113594 0.463207
vt 0.053599 0.491014
vt 0.081804 0.510214
vt 0.066673 0.495480
vt 0.073564 0.502887
vt 0.076100 0.507918
vt 0.042293 0.487394
vt 0.034568 0.482256
vt 0.032155 0.476829
vt 0.027231 0.469117
vt 0.029406 0.454340
vt 0.098885 0.509934
vt 0.107896 0.503907
vt 0.111201 0.492841
vt 0.474123 0.535429
vt 0.480852 0.539488
vt 0.476016 0.542507
vt 0.500095 0.544390
vt 0.493110 0.532811
vt 0.515615 0.532458
vt 0.478315 0.529403
vt 0.044875 0.496820
vt 0.122751 0.370722
vt 0.123074 0.361048
vt 0.027242 0.434442
vt 0.053054 0.502474
vt 0.065997 0.508425
vt 0.037762 0.496425
vt 0.031948 0.491131
vt 0.121383 0.461686
vt 0.021123 0.402888
vt 0.022493 0.424311
vt 0.075253 0.512604
vt 0.034676 0.269661
vt 0.027560 0.273869
vt 0.023130 0.284189
vt 0.123006 0.472572
vt 0.116525 0.470535
vt 0.117921 0.478868
vt 0.131782 0.478256
vt 0.123467 0.479756
vt 0.123038 0.488838
vt 0.024837 0.483186
vt 0.018927 0.476502
vt 0.051039 0.515734
vt 0.018472 0.440282
vt 0.126124 0.346428
vt 0.115154 0.485561
vt 0.039768 0.506135
vt 0.108117 0.515980
vt 0.081464 0.514861
vt 0.026395 0.298661
vt 0.031442 0.500414
vt 0.016379 0.469440
vt 0.016922 0.457986
vt 0.036245 0.519077
vt 0.042976 0.525471
vt 0.053383 0.526795
vt 0.069210 0.519878
vt 0.063074 0.529611
vt 0.075986 0.529193
vt 0.087394 0.520210
vt 0.088898 0.530023
vt 0.081718 0.538841
vt 0.101908 0.527387
vt 0.094153 0.535999
vt 0.101489 0.538896
vt 0.065028 0.537799
vt 0.071626 0.543932
vt 0.079157 0.545647
vt 0.084114 0.544937
vt 0.082387 0.546220
vt 0.092882 0.546615
vt 0.054156 0.534540
vt 0.026773 0.511105
vt 0.042946 0.534498
vt 0.033730 0.530168
vt 0.033194 0.537706
vt 0.025932 0.524957
vt 0.022636 0.497328
vt 0.062264 0.546223
vt 0.107669 0.537443
vt 0.049154 0.544255
vt 0.037399 0.542100
vt 0.110029 0.532814
vt 0.113782 0.526641
vt 0.016550 0.483132
vt 0.017412 0.489784
vt 0.113326 0.502432
vt 0.030474 0.543098
vt 0.056171 0.553600
vt 0.044822 0.555535
vt 0.023968 0.538603
vt 0.027199 0.546124
vt 0.033724 0.551493
vt 0.018204 0.521094
vt 0.019609 0.529567
vt 0.071188 0.553112
vt 0.060701 0.562156
vt 0.015968 0.508945
vt 0.116679 0.491934
vt 0.050450 0.561934
vt 0.043513 0.562405
vt 0.037299 0.561276
vt 0.031955 0.559957
vt 0.071093 0.563717
vt 0.064183 0.569524
vt 0.086245 0.562205
vt 0.074478 0.571475
vt 0.084252 0.573894
vt 0.092902 0.575954
vt 0.086824 0.579292
vt 0.101323 0.569413
vt 0.026945 0.561152
vt 0.023557 0.551821
vt 0.118950 0.500760
vt 0.128822 0.502762
vt 0.083048 0.549376
vt 0.100077 0.557586
vt 0.106919 0.548294
vt 0.115728 0.512539
vt 0.045255 0.567538
vt 0.053425 0.571477
vt 0.040289 0.566746
vt 0.036983 0.567465
vt 0.077714 0.580873
vt 0.125256 0.514138
vt 0.032487 0.566521
vt 0.017054 0.411717
vt 0.022141 0.311750
vt 0.019038 0.325283
vt 0.016078 0.377082
vt 0.015936 0.338103
vt 0.014154 0.350432
vt 0.064342 0.577981
vt 0.012509 0.497586
vt 0.109517 0.562130
vt 0.067400 0.587769
vt 0.077643 0.588732
vt 0.015198 0.550502
vt 0.052963 0.585314
vt 0.515521 0.544014
vt 0.529799 0.544328
vt 0.540807 0.536546
vt 0.547957 0.545714
vt 0.565946 0.540864
vt 0.561097 0.553492
vt 0.582137 0.554806
vt 0.595657 0.542298
vt 0.602170 0.558232
vt 0.592622 0.563484
vt 0.601452 0.568108
vt 0.615566 0.568957
vt 0.623181 0.552424
vt 0.639817 0.572900
vt 0.623235 0.581537
vt 0.636523 0.586121
vt 0.654334 0.588069
vt 0.671576 0.575489
vt 0.678617 0.594065
vt 0.700702 0.586973
vt 0.656119 0.554615
vt 0.676804 0.561436
vt 0.696602 0.567228
vt 0.726265 0.578839
vt 0.727124 0.596384
vt 0.011816 0.533882
vt 0.018744 0.563578
vt 0.039520 0.575318
vt 0.041497 0.588571
vt 0.025890 0.574179
vt 0.104197 0.584979
vt 0.111265 0.574506
vt 0.030570 0.589199
vt 0.021477 0.585601
vt 0.015758 0.577848
vt 0.011084 0.518982
vt 0.022517 0.594508
vt 0.026817 0.596836
vt 0.761089 0.596836
vt 0.121337 0.523537
vt 0.128051 0.333310
vt 0.130446 0.322140
vt 0.045388 0.266124
vt 0.014799 0.592513
vt 0.750603 0.572030
vt 0.777812 0.578712
vt 0.792693 0.596377
vt 0.213450 0.375118
vt 0.128724 0.310821
vt 0.118376 0.288476
vt 0.111655 0.274169
vt 0.119981 0.278934
vt 0.269692 0.402993
vt 0.155835 0.305762
vt 0.203008 0.339234
vt 0.202787 0.352443
vt 0.206458 0.362930
vt 0.136592 0.303840
vt 0.060288 0.263384
vt 0.067089 0.263712
vt 0.355639 0.434046
vt 0.229578 0.388900
vt 0.086199 0.264550
vt 0.367265 0.435656
vt 0.338953 0.426993
vt 0.380701 0.443357
vt 0.128191 0.296824
vt 0.315484 0.414093
vt 0.034193 0.264015
vt 0.242599 0.389289
vt 0.395068 0.446811
vt 0.100534 0.266208
vt 0.305666 0.406348
vt 0.449733 0.489721
vt 0.292685 0.404121
vt 0.257072 0.394686
vt 0.071238 0.261960
vt 0.428803 0.054551
vt 0.436268 0.056030
vt 0.429536 0.046904
vt 0.437956 0.042881
vt 0.454263 0.046884
vt 0.446237 0.067644
vt 0.461456 0.068600
vt 0.469501 0.059704
vt 0.471411 0.049604
vt 0.470872 0.037817
vt 0.470315 0.067543
vt 0.480689 0.046263
vt 0.481362 0.036980
vt 0.480068 0.057587
vt 0.451721 0.081890
vt 0.441990 0.079711
vt 0.477361 0.068173
vt 0.465276 0.083211
vt 0.471289 0.073925
vt 0.444000 0.085769
vt 0.488300 0.053379
vt 0.433070 0.072622
vt 0.428103 0.061405
vt 0.479973 0.082470
vt 0.490522 0.067648
vt 0.469431 0.095816
vt 0.492105 0.081449
vt 0.455617 0.096684
vt 0.462767 0.103423
vt 0.446266 0.091120
vt 0.490254 0.091421
vt 0.481168 0.099059
vt 0.489563 0.042268
vt 0.497102 0.087548
vt 0.470121 0.109523
vt 0.454953 0.110613
vt 0.448955 0.105071
vt 0.443194 0.100367
vt 0.483204 0.110939
vt 0.497353 0.095254
vt 0.492934 0.104524
vt 0.460705 0.125798
vt 0.477430 0.119969
vt 0.435617 0.089732
vt 0.441274 0.111161
vt 0.444618 0.120728
vt 0.477346 0.030375
vt 0.498738 0.052747
vt 0.503622 0.065919
vt 0.501614 0.079271
vt 0.460082 0.029675
vt 0.449692 0.027876
vt 0.441295 0.031698
vt 0.469948 0.027469
vt 0.430519 0.106241
vt 0.433209 0.113497
vt 0.478766 0.131871
vt 0.467455 0.133586
vt 0.460723 0.137689
vt 0.449781 0.137165
vt 0.443080 0.130426
vt 0.434114 0.118957
vt 0.435073 0.125934
vt 0.425005 0.082848
vt 0.469995 0.139122
vt 0.493109 0.121033
vt 0.502492 0.101965
vt 0.501823 0.111828
vt 0.508406 0.058179
vt 0.478269 0.141140
vt 0.503443 0.091758
vt 0.493405 0.133430
vt 0.421851 0.096127
vt 0.421560 0.068829
vt 0.463753 0.143953
vt 0.421392 0.105805
vt 0.428316 0.115809
vt 0.510607 0.064565
vt 0.511158 0.073001
vt 0.486602 0.029802
vt 0.488258 0.140414
vt 0.421262 0.113485
vt 0.439260 0.138163
vt 0.509013 0.098549
vt 0.511968 0.087768
vt 0.499585 0.035603
vt 0.509832 0.047214
vt 0.509721 0.108341
vt 0.431036 0.034686
vt 0.430968 0.133622
vt 0.504483 0.132476
vt 0.510008 0.121074
vt 0.423894 0.054453
vt 0.424725 0.124042
vt 0.453930 0.146238
vt 0.471622 0.146153
vt 0.453311 0.021392
vt 0.448585 0.022128
vt 0.477385 0.022630
vt 0.485648 0.022220
vt 0.465183 0.019906
vt 0.442792 0.144024
vt 0.414613 0.084131
vt 0.414564 0.095411
vt 0.412794 0.104796
vt 0.518944 0.078676
vt 0.499999 0.140393
vt 0.516457 0.100722
vt 0.521265 0.090542
vt 0.517763 0.111922
vt 0.519293 0.061086
vt 0.519285 0.045243
vt 0.523186 0.050472
vt 0.513160 0.032595
vt 0.493644 0.022525
vt 0.503503 0.025351
vt 0.525396 0.045091
vt 0.524127 0.037313
vt 0.524174 0.122019
vt 0.527910 0.103508
vt 0.531649 0.115781
vt 0.538562 0.110366
vt 0.541895 0.091634
vt 0.529865 0.079930
vt 0.547649 0.104647
vt 0.545877 0.118114
vt 0.553995 0.111612
vt 0.555499 0.097946
vt 0.553721 0.123104
vt 0.535758 0.124832
vt 0.549468 0.094817
vt 0.553112 0.088157
vt 0.548650 0.089612
vt 0.549562 0.082576
vt 0.557031 0.077310
vt 0.551006 0.070883
vt 0.544901 0.130027
vt 0.545058 0.077634
vt 0.558574 0.064254
vt 0.552146 0.059984
vt 0.542966 0.065192
vt 0.558311 0.086715
vt 0.537382 0.135859
vt 0.539279 0.077437
vt 0.532542 0.063441
vt 0.528437 0.051978
vt 0.536220 0.071617
vt 0.517164 0.135137
vt 0.551800 0.134080
vt 0.527388 0.136487
vt 0.509826 0.140730
vt 0.548369 0.050418
vt 0.557876 0.115791
vt 0.558990 0.050983
vt 0.482437 0.147551
vt 0.495006 0.147182
vt 0.560029 0.119461
vt 0.559303 0.128592
vt 0.521713 0.140352
vt 0.537839 0.051579
vt 0.562560 0.081048
vt 0.566092 0.070907
vt 0.562597 0.107985
vt 0.565739 0.058567
vt 0.544361 0.140118
vt 0.505823 0.145942
vt 0.463616 0.149740
vt 0.508602 0.023169
vt 0.563726 0.091323
vt 0.518728 0.146379
vt 0.531661 0.042341
vt 0.473754 0.017041
vt 0.422251 0.040872
vt 0.433175 0.021784
vt 0.445030 0.018624
vt 0.522782 0.028450
vt 0.411677 0.119999
vt 0.534075 0.143821
vt 0.484529 0.016235
vt 0.493068 0.017286
vt 0.542288 0.038132
vt 0.431060 0.144425
vt 0.556381 0.138079
vt 0.400343 0.110026
vt 0.515428 0.021424
vt 0.414501 0.136132
vt 0.550400 0.141175
vt 0.472718 0.154538
vt 0.397184 0.125682
vt 0.390394 0.113600
vt 0.441296 0.153119
vt 0.430227 0.152409
vt 0.457447 0.157022
vt 0.531663 0.031875
vt 0.500270 0.014654
vt 0.397170 0.138113
vt 0.456634 0.013099
vt 0.565468 0.120697
vt 0.566092 0.132759
vt 0.420167 0.150087
vt 0.470052 0.011960
vt 0.488767 0.154807
vt 0.503288 0.152007
vt 0.404725 0.147293
vt 0.556283 0.037812
vt 0.859618 0.506211
vt 0.866973 0.511311
vt 0.857367 0.514894
vt 0.870390 0.504065
vt 0.868445 0.517120
vt 0.872656 0.510459
vt 0.871347 0.513611
vt 0.844576 0.507384
vt 0.843404 0.520123
vt 0.863953 0.500844
vt 0.854631 0.498757
vt 0.868564 0.499087
vt 0.841008 0.496791
vt 0.872394 0.495314
vt 0.874879 0.514008
vt 0.864595 0.496986
vt 0.875038 0.520845
vt 0.861893 0.525160
vt 0.876122 0.508252
vt 0.878131 0.500258
vt 0.844137 0.527572
vt 0.834229 0.514574
vt 0.834718 0.506136
vt 0.832047 0.522378
vt 0.837100 0.501828
vt 0.834904 0.526732
vt 0.875667 0.528164
vt 0.831330 0.497952
vt 0.827176 0.528164
vt 0.848922 0.492708
vt 0.860365 0.491898
vt 0.880174 0.512201
vt 0.883005 0.525860
vt 0.393931 0.376944
vt 0.385913 0.379216
vt 0.389722 0.371979
vt 0.394070 0.388382
vt 0.387001 0.394801
vt 0.396592 0.401215
vt 0.391264 0.409637
vt 0.383400 0.402481
vt 0.386306 0.370328
vt 0.402806 0.415506
vt 0.397363 0.421933
vt 0.400333 0.393796
vt 0.383442 0.410739
vt 0.389531 0.420388
vt 0.379721 0.395587
vt 0.388786 0.364639
vt 0.379916 0.387560
vt 0.406474 0.430629
vt 0.404315 0.403260
vt 0.414109 0.426049
vt 0.410352 0.412799
vt 0.415860 0.418319
vt 0.394143 0.367084
vt 0.400898 0.382248
vt 0.419379 0.441974
vt 0.397100 0.432388
vt 0.424768 0.435006
vt 0.421209 0.424288
vt 0.399626 0.370721
vt 0.431822 0.446222
vt 0.393707 0.356743
vt 0.408411 0.444090
vt 0.433450 0.439543
vt 0.410708 0.401571
vt 0.406832 0.391428
vt 0.419131 0.452319
vt 0.441564 0.446842
vt 0.432139 0.457352
vt 0.442345 0.454163
vt 0.447631 0.452661
vt 0.400690 0.359458
vt 0.400368 0.346544
vt 0.406120 0.349827
vt 0.405581 0.343633
vt 0.405769 0.338528
vt 0.457676 0.458128
vt 0.446937 0.461623
vt 0.458432 0.467580
vt 0.469142 0.465232
vt 0.805964 0.374409
vt 0.797864 0.383094
vt 0.796097 0.372657
vt 0.800680 0.367023
vt 0.806233 0.385796
vt 0.787271 0.379319
vt 0.789037 0.390930
vt 0.782679 0.385979
vt 0.777346 0.390830
vt 0.776315 0.381748
vt 0.778454 0.370738
vt 0.788565 0.368743
vt 0.764183 0.388254
vt 0.766300 0.374878
vt 0.771575 0.395248
vt 0.764964 0.399637
vt 0.795135 0.362285
vt 0.779621 0.401210
vt 0.801889 0.392317
vt 0.753989 0.396275
vt 0.739426 0.397976
vt 0.726064 0.399241
vt 0.724026 0.388027
vt 0.715683 0.397140
vt 0.737450 0.388307
vt 0.747897 0.388048
vt 0.753748 0.378051
vt 0.701799 0.391131
vt 0.707635 0.374088
vt 0.723837 0.376420
vt 0.737643 0.378113
vt 0.752651 0.406378
vt 0.741330 0.407633
vt 0.757969 0.369405
vt 0.748684 0.368977
vt 0.767705 0.409023
vt 0.796161 0.400619
vt 0.809214 0.391057
vt 0.730378 0.408283
vt 0.755938 0.363881
vt 0.765909 0.361434
vt 0.757458 0.361212
vt 0.783943 0.359364
vt 0.737592 0.365279
vt 0.728505 0.370246
vt 0.720866 0.370437
vt 0.680735 0.383880
vt 0.684575 0.393533
vt 0.667524 0.395634
vt 0.680058 0.366895
vt 0.658344 0.386803
vt 0.648120 0.396563
vt 0.638979 0.385915
vt 0.653687 0.379808
vt 0.634335 0.400627
vt 0.624124 0.396368
vt 0.666362 0.378249
vt 0.622300 0.384167
vt 0.612370 0.392260
vt 0.615002 0.402565
vt 0.608412 0.377284
vt 0.627120 0.410907
vt 0.604262 0.400080
vt 0.602468 0.390317
vt 0.608621 0.411609
vt 0.647906 0.374285
vt 0.632433 0.367293
vt 0.660815 0.372957
vt 0.641124 0.406548
vt 0.655075 0.403011
vt 0.633216 0.406256
vt 0.816044 0.384799
vt 0.819779 0.366666
vt 0.830005 0.380258
vt 0.831511 0.370074
vt 0.835124 0.376263
vt 0.838524 0.380135
vt 0.839692 0.373179
vt 0.846004 0.380938
vt 0.836856 0.360497
vt 0.828202 0.363151
vt 0.848215 0.370201
vt 0.848637 0.357760
vt 0.839902 0.387894
vt 0.849881 0.390019
vt 0.826141 0.356464
vt 0.828706 0.393146
vt 0.843971 0.399961
vt 0.841667 0.347315
vt 0.830686 0.348602
vt 0.817299 0.346156
vt 0.805393 0.358518
vt 0.856750 0.381871
vt 0.858751 0.366287
vt 0.860415 0.396949
vt 0.855819 0.345300
vt 0.589826 0.395210
vt 0.596630 0.384264
vt 0.595819 0.406572
vt 0.578135 0.409177
vt 0.594834 0.375220
vt 0.812720 0.398657
vt 0.828910 0.404541
vt 0.751568 0.358989
vt 0.723190 0.360554
vt 0.704418 0.354647
vt 0.613346 0.359120
vt 0.596239 0.362080
vt 0.805084 0.346407
vt 0.794695 0.348580
vt 0.777872 0.346648
vt 0.738166 0.355343
vt 0.832763 0.336145
vt 0.844342 0.338753
vt 0.657214 0.364693
vt 0.650401 0.353090
vt 0.689072 0.352927
vt 0.671829 0.353912
vt 0.636241 0.352733
vt 0.625863 0.353856
vt 0.642183 0.347820
vt 0.762186 0.350326
vt 0.717295 0.350161
vt 0.730661 0.346329
vt 0.749034 0.347509
vt 0.846193 0.328043
vt 0.699489 0.347418
vt 0.664601 0.344327
vt 0.648882 0.344426
vt 0.686447 0.344176
vt 0.709392 0.341568
vt 0.705046 0.347181
vt 0.619756 0.347196
vt 0.635246 0.343791
vt 0.604910 0.345750
vt 0.764386 0.339084
vt 0.746260 0.337682
vt 0.730011 0.335339
vt 0.778820 0.335239
vt 0.789509 0.335296
vt 0.817815 0.326195
vt 0.803464 0.334581
vt 0.585288 0.381326
vt 0.572822 0.390112
vt 0.573697 0.380625
vt 0.577182 0.398641
vt 0.560281 0.382713
vt 0.567686 0.376081
vt 0.564551 0.400338
vt 0.552754 0.392643
vt 0.546234 0.402859
vt 0.553407 0.373851
vt 0.536418 0.384340
vt 0.569043 0.370727
vt 0.566464 0.364113
vt 0.551261 0.362929
vt 0.529185 0.374140
vt 0.540466 0.377255
vt 0.528563 0.380888
vt 0.538607 0.361367
vt 0.565288 0.352290
vt 0.534262 0.396458
vt 0.522906 0.393326
vt 0.520202 0.400582
vt 0.505125 0.396885
vt 0.529292 0.406244
vt 0.520576 0.389597
vt 0.518914 0.384728
vt 0.493534 0.383155
vt 0.523377 0.362869
vt 0.502336 0.368707
vt 0.577214 0.373998
vt 0.576310 0.367139
vt 0.512310 0.411210
vt 0.540953 0.412814
vt 0.557363 0.409237
vt 0.526367 0.414547
vt 0.549895 0.350854
vt 0.534590 0.354036
vt 0.521360 0.354806
vt 0.510442 0.360706
vt 0.501944 0.362447
vt 0.502987 0.358188
vt 0.510232 0.353463
vt 0.533588 0.423166
vt 0.493144 0.360085
vt 0.482253 0.367901
vt 0.485928 0.374414
vt 0.467623 0.376052
vt 0.471322 0.386340
vt 0.471622 0.367381
vt 0.462947 0.365941
vt 0.457058 0.370390
vt 0.475315 0.358019
vt 0.449595 0.365243
vt 0.459640 0.356823
vt 0.446178 0.353969
vt 0.435968 0.362218
vt 0.433653 0.350469
vt 0.443437 0.343083
vt 0.458293 0.345608
vt 0.467689 0.350845
vt 0.451664 0.335048
vt 0.463628 0.335938
vt 0.459374 0.325871
vt 0.472217 0.329878
vt 0.477715 0.342139
vt 0.488569 0.351056
vt 0.469325 0.321664
vt 0.480235 0.322016
vt 0.473101 0.313861
vt 0.487559 0.312531
vt 0.496925 0.322621
vt 0.483965 0.330238
vt 0.463367 0.315160
vt 0.499613 0.311484
vt 0.507555 0.315197
vt 0.507483 0.309858
vt 0.519487 0.311743
vt 0.517871 0.321262
vt 0.524159 0.316262
vt 0.447512 0.325933
vt 0.440082 0.332545
vt 0.433517 0.340111
vt 0.492821 0.334326
vt 0.508810 0.334457
vt 0.560815 0.342975
vt 0.552270 0.335578
vt 0.540590 0.344142
vt 0.557042 0.421667
vt 0.542747 0.429989
vt 0.531537 0.434660
vt 0.499927 0.351984
vt 0.503693 0.307001
vt 0.422202 0.360375
vt 0.540204 0.435973
vt 0.534919 0.444073
vt 0.522215 0.330181
vt 0.530161 0.325110
vt 0.532094 0.332525
vt 0.535025 0.316942
vt 0.542161 0.326230
vt 0.540681 0.335726
vt 0.533247 0.339776
vt 0.467583 0.312846
vt 0.520499 0.420388
vt 0.522000 0.429951
vt 0.579639 0.358213
vt 0.529225 0.439822
vt 0.552092 0.323455
vt 0.496181 0.343049
vt 0.508014 0.345329
vt 0.450574 0.315883
vt 0.528780 0.346874
vt 0.517755 0.347153
vt 0.514315 0.341514
vt 0.522513 0.338942
vt 0.585572 0.369670
vt 0.459328 0.386259
vt 0.448931 0.382653
vt 0.451501 0.373587
vt 0.595234 0.416615
vt 0.553304 0.435804
vt 0.566931 0.429267
vt 0.423494 0.343765
vt 0.439524 0.373756
vt 0.428647 0.371283
vt 0.545217 0.320633
vt 0.542046 0.321049
vt 0.477231 0.391086
vt 0.486590 0.393986
vt 0.564155 0.333367
vt 0.559446 0.326504
vt 0.780337 0.412386
vt 0.790447 0.408572
vt 0.803815 0.409457
vt 0.511422 0.305269
vt 0.522380 0.304545
vt 0.524196 0.441049
vt 0.452138 0.391468
vt 0.758621 0.415518
vt 0.771039 0.418003
vt 0.467768 0.309002
vt 0.478968 0.302637
vt 0.530709 0.307849
vt 0.499712 0.302635
vt 0.462405 0.394013
vt 0.454209 0.394565
vt 0.437758 0.320081
vt 0.428712 0.331017
vt 0.420177 0.375690
vt 0.525114 0.450414
vt 0.576623 0.343983
vt 0.840507 0.410296
vt 0.856775 0.414706
vt 0.742898 0.417680
vt 0.501569 0.406533
vt 0.492817 0.405661
vt 0.583302 0.426418
vt 0.817637 0.409556
vt 0.829319 0.414508
vt 0.841776 0.417989
vt 0.588600 0.347089
vt 0.616641 0.420744
vt 0.605596 0.422835
vt 0.596786 0.424292
vt 0.680416 0.399350
vt 0.692340 0.398055
vt 0.568583 0.340732
vt 0.653128 0.409565
vt 0.780905 0.418598
vt 0.792585 0.418039
vt 0.669151 0.406047
vt 0.629511 0.425993
vt 0.467615 0.303672
vt 0.859261 0.328239
vt 0.473140 0.396909
vt 0.466011 0.397903
vt 0.483195 0.401175
vt 0.442683 0.312658
vt 0.436927 0.385267
vt 0.434427 0.398119
vt 0.444161 0.393119
vt 0.428346 0.388179
vt 0.424263 0.400787
vt 0.431265 0.379008
vt 0.425416 0.380104
vt 0.419708 0.389517
vt 0.418809 0.399097
vt 0.416673 0.407776
vt 0.675135 0.337801
vt 0.691416 0.335976
vt 0.627182 0.333938
vt 0.415480 0.350706
vt 0.832408 0.321402
vt 0.459076 0.306192
vt 0.420283 0.334493
vt 0.864665 0.377875
vt 0.867841 0.370365
vt 0.872265 0.380135
vt 0.875831 0.366104
vt 0.866528 0.357898
vt 0.873054 0.349254
vt 0.866039 0.347481
vt 0.866394 0.387073
vt 0.876766 0.394974
vt 0.881302 0.380004
vt 0.867436 0.336942
vt 0.760070 0.426473
vt 0.744339 0.429536
vt 0.409514 0.359749
vt 0.412905 0.371719
vt 0.413189 0.383472
vt 0.548566 0.447843
vt 0.537900 0.454994
vt 0.529543 0.454777
vt 0.632501 0.418402
vt 0.643197 0.417317
vt 0.429619 0.404942
vt 0.426774 0.409311
vt 0.434603 0.412871
vt 0.425359 0.417410
vt 0.432201 0.427951
vt 0.422074 0.410710
vt 0.439106 0.422276
vt 0.445992 0.429317
vt 0.441571 0.437651
vt 0.448475 0.417550
vt 0.419611 0.416456
vt 0.457241 0.423778
vt 0.462503 0.429910
vt 0.452799 0.436909
vt 0.473749 0.436911
vt 0.445362 0.435127
vt 0.461169 0.444007
vt 0.448594 0.443472
vt 0.478294 0.444734
vt 0.467049 0.451720
vt 0.484938 0.455426
vt 0.491089 0.447298
vt 0.497134 0.452400
vt 0.480509 0.440063
vt 0.497817 0.459022
vt 0.492750 0.461550
vt 0.488462 0.439689
vt 0.470941 0.457680
vt 0.452752 0.449815
vt 0.447583 0.404371
vt 0.452492 0.397553
vt 0.459284 0.410719
vt 0.487682 0.432990
vt 0.479494 0.428795
vt 0.471188 0.423389
vt 0.652849 0.336794
vt 0.637444 0.337683
vt 0.464317 0.417560
vt 0.494972 0.413048
vt 0.477520 0.410631
vt 0.805828 0.321353
vt 0.604256 0.333283
vt 0.502534 0.420471
vt 0.704920 0.328227
vt 0.678311 0.330877
vt 0.718937 0.332467
vt 0.490471 0.428819
vt 0.477446 0.417968
vt 0.488607 0.422359
vt 0.485258 0.415903
vt 0.593155 0.335678
vt 0.743097 0.330176
vt 0.757674 0.329909
vt 0.772499 0.328754
vt 0.783656 0.327728
vt 0.842030 0.314513
vt 0.500039 0.445629
vt 0.463248 0.401956
vt 0.453223 0.401677
vt 0.729629 0.326184
vt 0.512161 0.424957
vt 0.500545 0.432912
vt 0.446855 0.306630
vt 0.793519 0.320721
vt 0.855230 0.313378
vt 0.421589 0.327857
vt 0.486830 0.463372
vt 0.477073 0.461745
vt 0.412930 0.392940
vt 0.415485 0.398330
vt 0.611789 0.327964
vt 0.601925 0.324982
vt 0.410665 0.350055
vt 0.811539 0.312840
vt 0.823293 0.312188
vt 0.425805 0.320752
vt 0.595568 0.329333
vt 0.589088 0.321824
vt 0.833178 0.311094
vt 0.412395 0.340998
vt 0.870051 0.319178
vt 0.431865 0.315248
vt 0.436426 0.310098
vt 0.657848 0.325544
vt 0.638233 0.323368
vt 0.619704 0.318489
vt 0.749694 0.322695
vt 0.764766 0.322263
vt 0.777691 0.319522
vt 0.514384 0.437613
vt 0.878797 0.333783
vt 0.882566 0.352465
vt 0.886263 0.368945
vt 0.888025 0.379068
vt 0.583108 0.334064
vt 0.802483 0.312971
vt 0.547809 0.316516
vt 0.685299 0.322518
vt 0.702825 0.319272
vt 0.529905 0.302255
vt 0.494398 0.292743
vt 0.507060 0.294289
vt 0.517439 0.298754
vt 0.838807 0.308006
vt 0.405553 0.371744
vt 0.407655 0.380213
vt 0.403698 0.365448
vt 0.644341 0.427330
vt 0.639248 0.436203
vt 0.650270 0.432716
vt 0.648074 0.437232
vt 0.662664 0.424143
vt 0.813697 0.420068
vt 0.832462 0.425526
vt 0.869967 0.406520
vt 0.878983 0.407278
vt 0.497483 0.464101
vt 0.522875 0.458996
vt 0.730271 0.430234
vt 0.738612 0.436420
vt 0.731203 0.438955
vt 0.725721 0.438127
vt 0.727339 0.418720
vt 0.779276 0.425739
vt 0.770761 0.432112
vt 0.719024 0.404036
vt 0.645982 0.441011
vt 0.866594 0.300911
vt 0.847892 0.426227
vt 0.857719 0.427031
vt 0.719816 0.318226
vt 0.764115 0.435563
vt 0.600772 0.316884
vt 0.738626 0.316845
vt 0.760531 0.311109
vt 0.783786 0.307615
vt 0.795911 0.308252
vt 0.845277 0.303799
vt 0.875458 0.416754
vt 0.887919 0.387899
vt 0.828700 0.307193
vt 0.834105 0.301146
vt 0.504375 0.454820
vt 0.659943 0.438649
vt 0.751821 0.438673
vt 0.888716 0.399855
vt 0.798528 0.431353
vt 0.780057 0.436040
vt 0.770788 0.436910
vt 0.831442 0.433068
vt 0.840636 0.436164
vt 0.820405 0.433208
vt 0.868810 0.430434
vt 0.704714 0.403265
vt 0.517535 0.451238
vt 0.883391 0.404003
vt 0.888167 0.411925
vt 0.855327 0.299918
vt 0.638252 0.444386
vt 0.416373 0.331151
vt 0.573137 0.328668
vt 0.565033 0.323886
vt 0.880179 0.319426
vt 0.855295 0.437385
vt 0.614411 0.431348
vt 0.625386 0.443270
vt 0.493105 0.465313
vt 0.542433 0.306676
vt 0.881544 0.305818
vt 0.824916 0.303111
vt 0.816205 0.302289
vt 0.468606 0.460811
vt 0.830885 0.438837
vt 0.649573 0.314530
vt 0.672629 0.316102
vt 0.466666 0.298295
vt 0.606349 0.310099
vt 0.614904 0.310128
vt 0.621793 0.310120
vt 0.633829 0.308198
vt 0.618123 0.307077
vt 0.841429 0.296022
vt 0.848615 0.292457
vt 0.572290 0.435122
vt 0.887803 0.340429
vt 0.889999 0.322505
vt 0.809495 0.441311
vt 0.823059 0.444847
vt 0.836613 0.448108
vt 0.659563 0.414085
vt 0.529994 0.461955
vt 0.804165 0.302058
vt 0.791014 0.446929
vt 0.887497 0.428764
vt 0.847303 0.445260
vt 0.855144 0.449175
vt 0.508962 0.446931
vt 0.893281 0.356194
vt 0.687802 0.404528
vt 0.716490 0.439432
vt 0.717234 0.425805
vt 0.895883 0.378417
vt 0.866929 0.447854
vt 0.737446 0.446805
vt 0.477972 0.291110
vt 0.725341 0.445119
vt 0.859880 0.289385
vt 0.714265 0.454049
vt 0.703611 0.448375
vt 0.691777 0.459400
vt 0.690032 0.447896
vt 0.668869 0.450848
vt 0.678202 0.442885
vt 0.702629 0.440532
vt 0.649408 0.447391
vt 0.671328 0.437630
vt 0.668345 0.432659
vt 0.769067 0.444125
vt 0.777097 0.451745
vt 0.878837 0.440835
vt 0.889204 0.443557
vt 0.752704 0.453741
vt 0.767688 0.455326
vt 0.847215 0.454959
vt 0.895364 0.393173
vt 0.716035 0.413102
vt 0.601420 0.432506
vt 0.810882 0.452207
vt 0.727522 0.454583
vt 0.562223 0.444379
vt 0.898572 0.404771
vt 0.594714 0.307601
vt 0.580317 0.324443
vt 0.875095 0.290595
vt 0.867517 0.290663
vt 0.556923 0.316214
vt 0.823105 0.291892
vt 0.837430 0.286338
vt 0.731651 0.305585
vt 0.880375 0.452978
vt 0.890918 0.454536
vt 0.670274 0.413579
vt 0.679417 0.409510
vt 0.857844 0.459428
vt 0.798347 0.459387
vt 0.781294 0.462056
vt 0.792495 0.463559
vt 0.825975 0.456785
vt 0.837909 0.459588
vt 0.870807 0.463239
vt 0.709911 0.312239
vt 0.692681 0.313880
vt 0.585629 0.309736
vt 0.756340 0.296622
vt 0.774709 0.298066
vt 0.784999 0.298606
vt 0.792673 0.299045
vt 0.624693 0.303517
vt 0.602945 0.303457
vt 0.613057 0.302081
vt 0.740769 0.292665
vt 0.851746 0.279593
vt 0.901612 0.420253
vt 0.453903 0.297339
vt 0.810820 0.291458
vt 0.867514 0.283006
vt 0.860648 0.280823
vt 0.651170 0.455089
vt 0.504375 0.464677
vt 0.521098 0.467991
vt 0.877472 0.276019
vt 0.737843 0.461958
vt 0.748682 0.464236
vt 0.760854 0.466370
vt 0.637736 0.451903
vt 0.884867 0.465265
vt 0.723282 0.292602
vt 0.733987 0.287855
vt 0.702156 0.302116
vt 0.681934 0.308063
vt 0.666380 0.309108
vt 0.742834 0.284283
vt 0.754029 0.287249
vt 0.771302 0.284551
vt 0.785516 0.291291
vt 0.505224 0.290246
vt 0.896221 0.436539
vt 0.899819 0.446314
vt 0.577499 0.312570
vt 0.516374 0.462701
vt 0.846716 0.466665
vt 0.798177 0.288475
vt 0.862563 0.272802
vt 0.890011 0.308861
vt 0.890964 0.301449
vt 0.812336 0.465552
vt 0.797760 0.466984
vt 0.611248 0.441383
vt 0.897979 0.429843
vt 0.728662 0.280542
vt 0.717931 0.286496
vt 0.708231 0.289890
vt 0.742443 0.278615
vt 0.754853 0.277548
vt 0.417904 0.324959
vt 0.852433 0.268884
vt 0.894684 0.339503
vt 0.510990 0.458349
vt 0.511287 0.465731
vt 0.815632 0.283392
vt 0.822940 0.274908
vt 0.840373 0.268160
vt 0.554537 0.450939
vt 0.538323 0.461582
vt 0.547277 0.455981
vt 0.887976 0.290140
vt 0.657216 0.307707
vt 0.859540 0.472608
vt 0.899265 0.462382
vt 0.623929 0.294895
vt 0.615884 0.291215
vt 0.710716 0.433281
vt 0.857773 0.263379
vt 0.868458 0.260898
vt 0.602348 0.293659
vt 0.637601 0.295320
vt 0.649359 0.303686
vt 0.691299 0.442388
vt 0.585510 0.298323
vt 0.464641 0.291758
vt 0.742243 0.271811
vt 0.727633 0.267112
vt 0.716525 0.272990
vt 0.712402 0.281077
vt 0.807555 0.280889
vt 0.849912 0.262158
vt 0.613088 0.284268
vt 0.786961 0.280767
vt 0.779607 0.276131
vt 0.411282 0.330533
vt 0.427708 0.313249
vt 0.489368 0.287433
vt 0.813748 0.277329
vt 0.710814 0.262435
vt 0.755198 0.266916
vt 0.770660 0.269765
vt 0.705869 0.272739
vt 0.440358 0.301128
vt 0.516435 0.290546
vt 0.627705 0.280833
vt 0.614923 0.277064
vt 0.743144 0.260650
vt 0.797451 0.275044
vt 0.726236 0.254380
vt 0.713665 0.254166
vt 0.704594 0.252452
vt 0.696096 0.258751
vt 0.690548 0.248292
vt 0.700108 0.266101
vt 0.681742 0.257926
vt 0.680140 0.251811
vt 0.674009 0.254423
vt 0.669758 0.260246
vt 0.663463 0.255133
vt 0.657861 0.266095
vt 0.690500 0.265394
vt 0.650301 0.259650
vt 0.854960 0.254357
vt 0.715316 0.247183
vt 0.605645 0.279197
vt 0.611279 0.273650
vt 0.566697 0.314618
vt 0.644418 0.269740
vt 0.651259 0.272770
vt 0.647568 0.281030
vt 0.531190 0.296800
vt 0.653983 0.291710
vt 0.884200 0.261720
vt 0.704352 0.243383
vt 0.785675 0.270037
vt 0.674657 0.245981
vt 0.730236 0.240548
vt 0.744684 0.248890
vt 0.761534 0.255881
vt 0.574500 0.300637
vt 0.904034 0.393796
vt 0.641941 0.262123
vt 0.632763 0.265357
vt 0.893555 0.275953
vt 0.904437 0.434002
vt 0.715410 0.238013
vt 0.722627 0.234189
vt 0.593642 0.284118
vt 0.617599 0.268474
vt 0.500945 0.285154
vt 0.910809 0.408658
vt 0.746363 0.239545
vt 0.758518 0.242899
vt 0.699057 0.280823
vt 0.697337 0.238757
vt 0.656105 0.273961
vt 0.903485 0.365888
vt 0.907882 0.381460
vt 0.903126 0.348623
vt 0.509229 0.469883
vt 0.706025 0.235570
vt 0.489545 0.468157
vt 0.428692 0.306619
vt 0.896975 0.309173
vt 0.899876 0.320340
vt 0.900570 0.332138
vt 0.416127 0.317836
vt 0.480852 0.467856
vt 0.897285 0.297408
vt 0.898087 0.288493
vt 0.679228 0.415660
vt 0.697507 0.271572
vt 0.663429 0.247691
vt 0.652978 0.249810
vt 0.728877 0.231096
vt 0.740935 0.231770
vt 0.688235 0.236477
vt 0.662241 0.300967
vt 0.556511 0.302563
vt 0.568282 0.304942
vt 0.542736 0.297178
vt 0.673247 0.303298
vt 0.607762 0.271116
vt 0.502864 0.472608
vt 0.687615 0.410234
vt 0.695983 0.409095
vt 0.496575 0.468696
vt 0.674871 0.262870
vt 0.668029 0.266637
vt 0.661969 0.270752
vt 0.456544 0.288466
vt 0.444733 0.292621
vt 0.468683 0.285313
vt 0.675370 0.428416
vt 0.694566 0.291748
vt 0.661549 0.279774
vt 0.683664 0.299738
vt 0.514150 0.468858
vt 0.903611 0.303857
vt 0.904962 0.295624
vt 0.906683 0.314796
vt 0.905629 0.286197
vt 0.905952 0.325866
vt 0.911807 0.338644
vt 0.911703 0.371617
vt 0.910759 0.359657
vt 0.912436 0.295800
vt 0.911420 0.304940
vt 0.923193 0.304220
vt 0.916959 0.316660
vt 0.912226 0.325022
vt 0.920836 0.329915
vt 0.925816 0.344718
vt 0.918171 0.354166
vt 0.926519 0.356557
vt 0.910512 0.350105
vt 0.918157 0.383494
vt 0.924127 0.361596
vt 0.919957 0.368255
vt 0.701791 0.415023
vt 0.093692 0.847039
vt 0.089452 0.838817
vt 0.103765 0.839751
vt 0.107330 0.847647
vt 0.082794 0.841945
vt 0.080225 0.848285
vt 0.077984 0.835110
vt 0.075190 0.841879
vt 0.116576 0.845491
vt 0.119158 0.837882
vt 0.116802 0.852669
vt 0.104570 0.852683
vt 0.087566 0.851618
vt 0.094413 0.855420
vt 0.082925 0.854938
vt 0.073934 0.854077
vt 0.122761 0.849360
vt 0.126892 0.845095
vt 0.128389 0.852922
vt 0.132528 0.835182
vt 0.137487 0.847991
vt 0.068977 0.846613
vt 0.109658 0.858972
vt 0.124950 0.858908
vt 0.136548 0.860375
vt 0.077994 0.857951
vt 0.071587 0.860856
vt 0.069689 0.838967
vt 0.097236 0.859832
vt 0.086018 0.860582
vt 0.066274 0.854523
vt 0.091144 0.831918
vt 0.108501 0.830995
vt 0.123087 0.831137
vt 0.068849 0.833602
vt 0.142742 0.836866
vt 0.141344 0.819059
vt 0.061964 0.839270
vt 0.060790 0.849869
vt 0.145301 0.846112
vt 0.144521 0.853968
vt 0.067084 0.827238
vt 0.058703 0.860102
vt 0.149015 0.863040
vt 0.122826 0.863040
vt 0.129898 0.862933
vt 0.129612 0.825845
vt 0.273899 0.025027
vt 0.285617 0.027280
vt 0.282113 0.033968
vt 0.292154 0.030676
vt 0.294149 0.024130
vt 0.291478 0.034996
vt 0.293460 0.039806
vt 0.276659 0.041881
vt 0.297459 0.033900
vt 0.301034 0.028369
vt 0.285837 0.021939
vt 0.304352 0.020250
vt 0.261617 0.035893
vt 0.255012 0.023925
vt 0.293630 0.016279
vt 0.281084 0.017167
vt 0.266508 0.015351
vt 0.306911 0.033967
vt 0.307135 0.026386
vt 0.304464 0.044210
vt 0.304749 0.009543
vt 0.263324 0.044246
vt 0.245047 0.033212
vt 0.251981 0.014813
vt 0.246959 0.040157
vt 0.252506 0.044246
vt 0.240808 0.025037
vt 0.245401 0.018916
vt 0.242504 0.013720
vt 0.236026 0.042196
vt 0.286523 0.012679
vt 0.277903 0.012351
vt 0.236749 0.018290
vt 0.233259 0.032302
vt 0.243684 0.045689
vt 0.231117 0.024462
vt 0.287956 0.047310
vt 0.297118 0.045452
vt 0.271189 0.048165
vt 0.299369 0.048783
vt 0.256853 0.049904
vt 0.247362 0.049192
vt 0.312538 0.022577
vt 0.310698 0.014635
vt 0.240368 0.052855
vt 0.308346 0.052855
vt 0.316552 0.032156
vt 0.315604 0.042789
vt 0.293690 0.008884
vt 0.235574 0.013953
vt 0.317323 0.005787
vt 0.255437 0.008039
vt 0.269090 0.007394
vt 0.862260 0.694330
vt 0.856805 0.703222
vt 0.852621 0.694067
vt 0.853598 0.686391
vt 0.846128 0.698959
vt 0.848444 0.710108
vt 0.860021 0.714638
vt 0.865332 0.707808
vt 0.864523 0.702226
vt 0.860304 0.679907
vt 0.875263 0.692553
vt 0.845755 0.687853
vt 0.848198 0.677998
vt 0.850472 0.668604
vt 0.851034 0.720080
vt 0.861072 0.723669
vt 0.867977 0.721084
vt 0.873034 0.704675
vt 0.871645 0.714854
vt 0.885844 0.706653
vt 0.883661 0.716176
vt 0.895907 0.717993
vt 0.878787 0.724704
vt 0.869617 0.726626
vt 0.893914 0.727606
vt 0.905327 0.727517
vt 0.838966 0.705301
vt 0.895946 0.709605
vt 0.888759 0.699286
vt 0.907249 0.718202
vt 0.841164 0.715624
vt 0.873967 0.677607
vt 0.860523 0.667260
vt 0.869805 0.665476
vt 0.881557 0.670369
vt 0.890061 0.683573
vt 0.883594 0.688927
vt 0.892175 0.674853
vt 0.897929 0.681225
vt 0.901339 0.688575
vt 0.892426 0.694307
vt 0.901675 0.696489
vt 0.905768 0.694398
vt 0.865112 0.729468
vt 0.855810 0.728501
vt 0.851637 0.660693
vt 0.859166 0.656625
vt 0.875035 0.658159
vt 0.836961 0.691627
vt 0.839137 0.679328
vt 0.841864 0.670500
vt 0.899861 0.704803
vt 0.842624 0.661745
vt 0.905598 0.684973
vt 0.833608 0.710956
vt 0.887617 0.731596
vt 0.912310 0.710276
vt 0.911301 0.700571
vt 0.843430 0.725461
vt 0.909981 0.692690
vt 0.833302 0.681573
vt 0.877646 0.733620
vt 0.915068 0.729067
vt 0.921505 0.724387
vt 0.919106 0.708518
vt 0.903507 0.733091
vt 0.890202 0.664503
vt 0.883678 0.657847
vt 0.922841 0.716360
vt 0.863146 0.650077
vt 0.912291 0.735551
vt 0.919370 0.700808
vt 0.834750 0.718166
vt 0.847134 0.654449
vt 0.830455 0.700964
vt 0.832281 0.724153
vt 0.900512 0.739630
vt 0.839906 0.732160
vt 0.831055 0.732697
vt 0.853575 0.736882
vt 0.842424 0.740396
vt 0.831864 0.743693
vt 0.848213 0.750737
vt 0.839520 0.755533
vt 0.853852 0.745516
vt 0.824951 0.752163
vt 0.820077 0.741309
vt 0.820796 0.732420
vt 0.822062 0.722399
vt 0.853252 0.759413
vt 0.857219 0.756236
vt 0.862765 0.753064
vt 0.865040 0.746326
vt 0.811698 0.733836
vt 0.834672 0.761116
vt 0.810650 0.720619
vt 0.825014 0.711697
vt 0.865174 0.760262
vt 0.875976 0.758781
vt 0.874052 0.752696
vt 0.869509 0.741422
vt 0.865068 0.734666
vt 0.873634 0.738287
vt 0.813161 0.744395
vt 0.848020 0.765600
vt 0.878589 0.748805
vt 0.886571 0.756823
vt 0.815158 0.712464
vt 0.923864 0.735969
vt 0.827531 0.686753
vt 0.830582 0.669717
vt 0.863393 0.766446
vt 0.929817 0.723134
vt 0.885090 0.743966
vt 0.805607 0.737726
vt 0.891249 0.752324
vt 0.877271 0.765885
vt 0.886736 0.763388
vt 0.932792 0.732895
vt 0.919989 0.744153
vt 0.896947 0.763885
vt 0.898377 0.758214
vt 0.915395 0.750143
vt 0.905605 0.753702
vt 0.928881 0.712759
vt 0.907833 0.763827
vt 0.860516 0.772455
vt 0.825536 0.763825
vt 0.904292 0.769401
vt 0.918582 0.755819
vt 0.926239 0.753894
vt 0.934064 0.745440
vt 0.893150 0.771492
vt 0.921551 0.762800
vt 0.837962 0.769660
vt 0.812239 0.756111
vt 0.875766 0.774306
vt 0.941279 0.738614
vt 0.904822 0.773812
vt 0.914758 0.773711
vt 0.939751 0.726490
vt 0.815381 0.770189
vt 0.938806 0.760495
vt 0.946501 0.748709
vt 0.805003 0.745862
vt 0.804103 0.764657
vt 0.948508 0.737959
vt 0.803366 0.774306
vt 0.951970 0.760358
vt 0.061728 0.747037
vt 0.078732 0.750614
vt 0.069481 0.740508
vt 0.054532 0.739864
vt 0.079846 0.743500
vt 0.090226 0.744580
vt 0.099440 0.753092
vt 0.091123 0.757415
vt 0.101287 0.759528
vt 0.111475 0.760830
vt 0.115600 0.754678
vt 0.124430 0.761805
vt 0.126802 0.757007
vt 0.134322 0.761771
vt 0.108213 0.744511
vt 0.122452 0.751071
vt 0.059842 0.733969
vt 0.095258 0.737130
vt 0.048595 0.732737
vt 0.082713 0.737198
vt 0.041482 0.738416
vt 0.066005 0.752627
vt 0.082059 0.757399
vt 0.036916 0.730791
vt 0.048298 0.745832
vt 0.028722 0.735718
vt 0.072567 0.728968
vt 0.025862 0.727460
vt 0.044330 0.726220
vt 0.056733 0.725277
vt 0.105943 0.732141
vt 0.114995 0.737551
vt 0.124872 0.743979
vt 0.092067 0.724565
vt 0.081350 0.718377
vt 0.068865 0.718396
vt 0.090111 0.715162
vt 0.034283 0.722801
vt 0.027728 0.723405
vt 0.077716 0.710605
vt 0.116552 0.729365
vt 0.057900 0.715285
vt 0.046522 0.718053
vt 0.087353 0.709291
vt 0.083562 0.704350
vt 0.066699 0.707911
vt 0.112464 0.716313
vt 0.100199 0.706897
vt 0.111655 0.704979
vt 0.121016 0.701172
vt 0.090771 0.698557
vt 0.113344 0.695835
vt 0.104624 0.689461
vt 0.077039 0.702040
vt 0.083644 0.699832
vt 0.123867 0.690055
vt 0.118911 0.684280
vt 0.114193 0.676975
vt 0.103450 0.678719
vt 0.093154 0.685744
vt 0.132260 0.691240
vt 0.082495 0.693427
vt 0.110703 0.668305
vt 0.125226 0.675180
vt 0.125286 0.665886
vt 0.120572 0.656868
vt 0.133587 0.680207
vt 0.140805 0.684595
vt 0.132862 0.654449
vt 0.128888 0.648534
vt 0.136283 0.755141
vt 0.140805 0.761960
vt 0.885341 0.588182
vt 0.896722 0.584849
vt 0.899714 0.590333
vt 0.883842 0.579712
vt 0.908453 0.587599
vt 0.908434 0.595773
vt 0.869860 0.584377
vt 0.873661 0.589779
vt 0.863853 0.593728
vt 0.869056 0.575968
vt 0.901216 0.579927
vt 0.918478 0.583428
vt 0.916946 0.591926
vt 0.860012 0.578050
vt 0.856570 0.586854
vt 0.861852 0.573075
vt 0.875796 0.572809
vt 0.864788 0.568549
vt 0.886737 0.573606
vt 0.855667 0.569941
vt 0.877040 0.593921
vt 0.893089 0.596402
vt 0.916723 0.598380
vt 0.851528 0.598380
vt 0.850985 0.578306
vt 0.857001 0.563025
vt 0.910628 0.577927
vt 0.917183 0.577759
vt 0.922228 0.573783
vt 0.875205 0.566539
vt 0.862857 0.559028
vt 0.898138 0.572422
vt 0.886035 0.569687
vt 0.925394 0.593834
vt 0.932266 0.582967
vt 0.942953 0.196655
vt 0.941065 0.187546
vt 0.936132 0.197890
vt 0.933251 0.186455
vt 0.939686 0.208504
vt 0.930873 0.208763
vt 0.939097 0.179842
vt 0.929803 0.199673
vt 0.945370 0.179499
vt 0.934773 0.175684
vt 0.940248 0.174630
vt 0.949440 0.188721
vt 0.948455 0.201669
vt 0.948101 0.213484
vt 0.946469 0.173269
vt 0.953348 0.178698
vt 0.940227 0.219561
vt 0.931917 0.217380
vt 0.953981 0.206737
vt 0.956986 0.216574
vt 0.955562 0.195987
vt 0.956778 0.185839
vt 0.958265 0.171649
vt 0.948658 0.223479
vt 0.933780 0.169697
vt 0.960144 0.179556
vt 0.959843 0.204931
vt 0.960560 0.227238
vt 0.963070 0.190795
vt 0.940942 0.224732
vt 0.932830 0.224419
vt 0.963243 0.213673
vt 0.963430 0.220590
vt 0.966045 0.205570
vt 0.969212 0.217099
vt 0.967333 0.176863
vt 0.969212 0.168596
vt 0.009989 0.229242
vt 0.017527 0.232061
vt 0.017777 0.239893
vt 0.004943 0.234559
vt 0.007849 0.242434
vt 0.015715 0.247632
vt 0.026389 0.251040
vt 0.036657 0.247698
vt 0.027273 0.237403
vt 0.037684 0.257161
vt 0.049050 0.259138
vt 0.052351 0.251686
vt 0.059012 0.258330
vt 0.036181 0.241085
vt 0.045113 0.243643
vt 0.014392 0.225669
vt 0.064156 0.252346
vt 0.056196 0.246195
vt 0.022939 0.228759
vt 0.036129 0.234669
vt 0.067702 0.261188
vt 0.072513 0.254799
vt 0.051156 0.237675
vt 0.064994 0.241743
vt 0.073100 0.247307
vt 0.073474 0.241141
vt 0.018237 0.218367
vt 0.030164 0.223817
vt 0.043190 0.228119
vt 0.028396 0.212118
vt 0.018921 0.210203
vt 0.037615 0.220042
vt 0.047021 0.222173
vt 0.059815 0.227600
vt 0.053519 0.219568
vt 0.043123 0.212620
vt 0.034746 0.207365
vt 0.030373 0.202340
vt 0.021231 0.202592
vt 0.060393 0.219415
vt 0.026897 0.197282
vt 0.039148 0.202708
vt 0.073141 0.233581
vt 0.073627 0.223663
vt 0.069907 0.214597
vt 0.049438 0.202101
vt 0.042628 0.198156
vt 0.057852 0.211724
vt 0.035184 0.194024
vt 0.066699 0.206430
vt 0.060876 0.200912
vt 0.072940 0.204361
vt 0.077080 0.205915
vt 0.078024 0.209997
vt 0.080014 0.214503
vt 0.054581 0.191807
vt 0.045486 0.193986
vt 0.063666 0.192731
vt 0.070078 0.196538
vt 0.043299 0.184112
vt 0.053529 0.182464
vt 0.061275 0.184816
vt 0.031353 0.185023
vt 0.023384 0.192095
vt 0.048727 0.177127
vt 0.041936 0.175186
vt 0.033839 0.176835
vt 0.015087 0.197676
vt 0.012223 0.208055
vt 0.083568 0.223901
vt 0.008638 0.219555
vt 0.080953 0.238464
vt 0.046336 0.170879
vt 0.037871 0.170419
vt 0.023687 0.181442
vt 0.015967 0.189290
vt 0.041660 0.163671
vt 0.051492 0.167143
vt 0.051039 0.161767
vt 0.046621 0.155852
vt 0.028503 0.169203
vt 0.055152 0.158262
vt 0.053254 0.153636
vt 0.034218 0.154620
vt 0.002997 0.211046
vt 0.081203 0.250160
vt 0.089815 0.240257
vt 0.049102 0.146299
vt 0.036143 0.141838
vt 0.044976 0.132553
vt 0.053671 0.136404
vt 0.052245 0.130585
vt 0.014631 0.178382
vt 0.006992 0.195981
vt 0.020162 0.161769
vt 0.024275 0.145421
vt 0.090783 0.248915
vt 0.098450 0.241292
vt 0.076665 0.258691
vt 0.000411 0.224707
vt 0.099712 0.253800
vt 0.110622 0.240312
vt 0.111812 0.252660
vt 0.119775 0.247732
vt 0.122828 0.255949
vt 0.130264 0.249438
vt 0.132968 0.256465
vt 0.136160 0.253221
vt 0.136968 0.216895
vt 0.141376 0.206896
vt 0.149318 0.215125
vt 0.132800 0.205839
vt 0.127330 0.212555
vt 0.143368 0.222822
vt 0.148623 0.203223
vt 0.137565 0.199877
vt 0.131990 0.194932
vt 0.143595 0.198711
vt 0.140225 0.191796
vt 0.135413 0.182363
vt 0.151532 0.191261
vt 0.144122 0.183560
vt 0.123805 0.201638
vt 0.151188 0.179506
vt 0.144339 0.173801
vt 0.153501 0.172261
vt 0.149888 0.166273
vt 0.163123 0.177755
vt 0.157307 0.203586
vt 0.164859 0.192648
vt 0.158938 0.165000
vt 0.150455 0.156894
vt 0.143306 0.164497
vt 0.172700 0.184509
vt 0.136106 0.169669
vt 0.159751 0.213410
vt 0.162096 0.155412
vt 0.172821 0.162023
vt 0.177102 0.174693
vt 0.156809 0.145316
vt 0.125417 0.186827
vt 0.129589 0.176018
vt 0.169279 0.147761
vt 0.118100 0.213734
vt 0.148006 0.227961
vt 0.156949 0.223466
vt 0.138367 0.156911
vt 0.145184 0.146097
vt 0.174601 0.193138
vt 0.182507 0.147835
vt 0.168891 0.205443
vt 0.163836 0.138709
vt 0.156884 0.135917
vt 0.149768 0.136547
vt 0.161038 0.127528
vt 0.173635 0.136143
vt 0.153475 0.131254
vt 0.192272 0.164510
vt 0.194071 0.144798
vt 0.182569 0.183467
vt 0.126520 0.223046
vt 0.188375 0.130567
vt 0.118416 0.193550
vt 0.115419 0.202335
vt 0.204484 0.145939
vt 0.207487 0.157590
vt 0.200293 0.135103
vt 0.147086 0.125096
vt 0.205104 0.169892
vt 0.128846 0.165231
vt 0.218154 0.146113
vt 0.137050 0.145899
vt 0.140686 0.136707
vt 0.106482 0.208598
vt 0.198543 0.174596
vt 0.193561 0.183221
vt 0.173793 0.122567
vt 0.164712 0.115277
vt 0.165192 0.218027
vt 0.215973 0.163336
vt 0.227078 0.157444
vt 0.229000 0.143840
vt 0.235251 0.149876
vt 0.234165 0.159425
vt 0.235736 0.139070
vt 0.232245 0.172895
vt 0.222651 0.171634
vt 0.212389 0.180162
vt 0.202252 0.180827
vt 0.228366 0.131246
vt 0.212578 0.128969
vt 0.124122 0.175903
vt 0.222721 0.184986
vt 0.130537 0.151912
vt 0.117122 0.182285
vt 0.155475 0.114062
vt 0.242621 0.129879
vt 0.131637 0.140506
vt 0.134458 0.129082
vt 0.123390 0.135778
vt 0.123398 0.147774
vt 0.126759 0.122633
vt 0.136841 0.117032
vt 0.145858 0.109995
vt 0.116184 0.127633
vt 0.110268 0.142317
vt 0.118880 0.143383
vt 0.116601 0.149025
vt 0.111583 0.153702
vt 0.105914 0.154044
vt 0.106141 0.163664
vt 0.101237 0.150255
vt 0.097833 0.158712
vt 0.096348 0.167974
vt 0.100610 0.178832
vt 0.091629 0.174364
vt 0.091561 0.182795
vt 0.119426 0.116105
vt 0.128985 0.111511
vt 0.098961 0.143969
vt 0.116566 0.159006
vt 0.111711 0.172709
vt 0.108808 0.184021
vt 0.124059 0.158238
vt 0.120430 0.168836
vt 0.093490 0.193884
vt 0.137366 0.105630
vt 0.183543 0.198603
vt 0.106305 0.129094
vt 0.108938 0.119120
vt 0.103148 0.193357
vt 0.098661 0.134742
vt 0.111499 0.193914
vt 0.229325 0.189147
vt 0.097568 0.203704
vt 0.083698 0.164001
vt 0.086080 0.189875
vt 0.084056 0.179193
vt 0.081710 0.187206
vt 0.130117 0.102456
vt 0.090801 0.150380
vt 0.122189 0.105523
vt 0.125983 0.100206
vt 0.112419 0.109146
vt 0.074485 0.172914
vt 0.083682 0.202746
vt 0.089202 0.209011
vt 0.071612 0.164746
vt 0.091694 0.140584
vt 0.154225 0.234696
vt 0.135903 0.097571
vt 0.214033 0.193814
vt 0.077585 0.151039
vt 0.081211 0.141264
vt 0.064734 0.155754
vt 0.201005 0.125663
vt 0.222332 0.199883
vt 0.231016 0.197712
vt 0.176576 0.217360
vt 0.094850 0.216155
vt 0.078718 0.195931
vt 0.200416 0.196151
vt 0.188670 0.209068
vt 0.075509 0.185276
vt 0.066910 0.178611
vt 0.164029 0.228391
vt 0.061780 0.166534
vt 0.056292 0.175123
vt 0.110850 0.224384
vt 0.100545 0.223679
vt 0.118487 0.223001
vt 0.119563 0.230771
vt 0.144562 0.238574
vt 0.068171 0.187694
vt 0.086823 0.130543
vt 0.095640 0.120053
vt 0.065462 0.141914
vt 0.137704 0.229545
vt 0.128401 0.233212
vt 0.091137 0.229259
vt 0.072647 0.130069
vt 0.059747 0.130879
vt 0.086232 0.121545
vt 0.236423 0.186619
vt 0.102493 0.110685
vt 0.096258 0.110773
vt 0.182705 0.115423
vt 0.145134 0.095487
vt 0.152911 0.102876
vt 0.196158 0.114882
vt 0.162272 0.102501
vt 0.172566 0.108181
vt 0.079920 0.122653
vt 0.244106 0.144378
vt 0.241816 0.159694
vt 0.206656 0.118701
vt 0.241213 0.173928
vt 0.122236 0.098502
vt 0.115232 0.100310
vt 0.106246 0.101860
vt 0.091410 0.109924
vt 0.082369 0.111624
vt 0.156337 0.091373
vt 0.150582 0.086303
vt 0.143430 0.079719
vt 0.128501 0.094586
vt 0.224197 0.118695
vt 0.215390 0.113667
vt 0.235452 0.116627
vt 0.136590 0.089824
vt 0.063490 0.122589
vt 0.071678 0.117732
vt 0.186803 0.107965
vt 0.179847 0.106431
vt 0.210582 0.206245
vt 0.095547 0.102158
vt 0.206815 0.110893
vt 0.202230 0.105982
vt 0.087867 0.104997
vt 0.134407 0.240567
vt 0.096670 0.233102
vt 0.103372 0.232241
vt 0.123798 0.240558
vt 0.228012 0.208648
vt 0.071783 0.107717
vt 0.150806 0.245294
vt 0.255418 0.138016
vt 0.247390 0.117025
vt 0.193620 0.102136
vt 0.176712 0.100094
vt 0.171760 0.093751
vt 0.164430 0.090542
vt 0.162719 0.082899
vt 0.110318 0.094604
vt 0.103125 0.094282
vt 0.156109 0.077959
vt 0.151082 0.070306
vt 0.144596 0.069097
vt 0.138725 0.071007
vt 0.135353 0.075397
vt 0.127684 0.081959
vt 0.076212 0.102867
vt 0.083387 0.096708
vt 0.183610 0.099896
vt 0.179535 0.092723
vt 0.118904 0.092313
vt 0.227937 0.105460
vt 0.235870 0.108181
vt 0.179872 0.080600
vt 0.170002 0.081993
vt 0.189131 0.090229
vt 0.211892 0.101043
vt 0.201848 0.099863
vt 0.254810 0.125556
vt 0.267755 0.130562
vt 0.256093 0.153621
vt 0.242303 0.108183
vt 0.129906 0.069498
vt 0.148554 0.062645
vt 0.095831 0.088653
vt 0.166370 0.072666
vt 0.116666 0.070616
vt 0.123540 0.065166
vt 0.053174 0.122537
vt 0.061958 0.110831
vt 0.271440 0.145663
vt 0.110037 0.085019
vt 0.159387 0.061660
vt 0.173291 0.059699
vt 0.099753 0.074225
vt 0.175322 0.072254
vt 0.183190 0.066384
vt 0.085915 0.080830
vt 0.077620 0.088156
vt 0.090730 0.071590
vt 0.069944 0.096271
vt 0.138250 0.061892
vt 0.144760 0.057835
vt 0.238360 0.199991
vt 0.250212 0.168139
vt 0.127995 0.061501
vt 0.167561 0.047022
vt 0.157443 0.047598
vt 0.161940 0.041580
vt 0.150191 0.054543
vt 0.177700 0.045297
vt 0.182549 0.053126
vt 0.094649 0.063860
vt 0.106197 0.059891
vt 0.097623 0.055756
vt 0.119655 0.059376
vt 0.179283 0.072967
vt 0.219001 0.213275
vt 0.197720 0.215230
vt 0.141003 0.052048
vt 0.128981 0.052072
vt 0.147357 0.044485
vt 0.173509 0.037223
vt 0.165527 0.035978
vt 0.154443 0.035426
vt 0.100508 0.048421
vt 0.096252 0.052746
vt 0.090832 0.054335
vt 0.083509 0.067611
vt 0.115273 0.047520
vt 0.073326 0.080113
vt 0.136148 0.041407
vt 0.143490 0.035584
vt 0.125643 0.041585
vt 0.270878 0.158305
vt 0.261825 0.165701
vt 0.140581 0.248949
vt 0.137276 0.032368
vt 0.129743 0.032519
vt 0.161220 0.028717
vt 0.108328 0.036895
vt 0.119040 0.035085
vt 0.056975 0.099279
vt 0.051115 0.110927
vt 0.186680 0.217046
vt 0.184670 0.043153
vt 0.063182 0.087527
vt 0.099283 0.037251
vt 0.135251 0.028547
vt 0.091997 0.043581
vt 0.073179 0.068008
vt 0.153815 0.025330
vt 0.142056 0.025060
vt 0.113564 0.027963
vt 0.245611 0.183227
vt 0.085996 0.048439
vt 0.078344 0.054919
vt 0.123181 0.024548
vt 0.132202 0.025487
vt 0.183237 0.031670
vt 0.170672 0.025984
vt 0.179590 0.018616
vt 0.273344 0.167904
vt 0.282038 0.163039
vt 0.286140 0.171375
vt 0.276978 0.178310
vt 0.292094 0.182697
vt 0.298437 0.174237
vt 0.311483 0.181649
vt 0.306018 0.172469
vt 0.315276 0.170647
vt 0.324583 0.176713
vt 0.328684 0.184747
vt 0.336056 0.177123
vt 0.345084 0.184424
vt 0.332504 0.197883
vt 0.322002 0.189253
vt 0.356729 0.195043
vt 0.367074 0.180128
vt 0.379148 0.195397
vt 0.382642 0.183704
vt 0.398374 0.186529
vt 0.400592 0.200971
vt 0.315932 0.192087
vt 0.303340 0.191511
vt 0.366643 0.204792
vt 0.377160 0.205129
vt 0.386022 0.205931
vt 0.312370 0.200013
vt 0.351238 0.205606
vt 0.299119 0.199811
vt 0.410112 0.193471
vt 0.422869 0.185668
vt 0.419004 0.200179
vt 0.437863 0.201172
vt 0.448013 0.186827
vt 0.439113 0.171505
vt 0.423228 0.172257
vt 0.461387 0.199017
vt 0.464393 0.173939
vt 0.462830 0.187358
vt 0.477695 0.187884
vt 0.481813 0.175137
vt 0.496659 0.179659
vt 0.409002 0.172573
vt 0.386315 0.172774
vt 0.492562 0.164208
vt 0.515885 0.167026
vt 0.479290 0.201832
vt 0.496614 0.196327
vt 0.292435 0.192696
vt 0.514500 0.184645
vt 0.536315 0.174496
vt 0.543057 0.149573
vt 0.556882 0.165491
vt 0.565727 0.150215
vt 0.582000 0.165047
vt 0.580489 0.142342
vt 0.426689 0.207228
vt 0.306285 0.208386
vt 0.320963 0.210169
vt 0.451319 0.211047
vt 0.289305 0.198937
vt 0.281161 0.191165
vt 0.415028 0.210692
vt 0.396192 0.213580
vt 0.341985 0.216525
vt 0.359753 0.212525
vt 0.433229 0.215502
vt 0.376429 0.212829
vt 0.469804 0.214804
vt 0.266541 0.174223
vt 0.294006 0.207957
vt 0.606766 0.148257
vt 0.551247 0.177796
vt 0.488396 0.210448
vt 0.042611 0.119736
vt 0.256759 0.177786
vt 0.104344 0.025089
vt 0.513942 0.198817
vt 0.266686 0.186567
vt 0.604313 0.167615
vt 0.627521 0.176720
vt 0.301793 0.214930
vt 0.312034 0.217276
vt 0.114551 0.018171
vt 0.108615 0.015767
vt 0.093418 0.032066
vt 0.062625 0.074258
vt 0.112482 0.012236
vt 0.123065 0.015230
vt 0.131330 0.018092
vt 0.103906 0.014523
vt 0.069867 0.063614
vt 0.160304 0.022142
vt 0.033450 0.130960
vt 0.096381 0.017864
vt 0.151764 0.017211
vt 0.084726 0.040821
vt 0.118518 0.006398
vt 0.140207 0.010051
vt 0.128675 0.009177
vt 0.271954 0.197038
vt 0.281020 0.204344
vt 0.172797 0.018295
vt 0.164314 0.015509
vt 0.109162 0.008932
vt 0.054394 0.089288
vt 0.529011 0.192978
vt 0.232991 0.215100
vt 0.153222 0.007478
vt 0.640234 0.159915
vt 0.664870 0.179966
vt 0.669107 0.161124
vt 0.705132 0.181787
vt 0.698158 0.202313
vt 0.742507 0.204912
vt 0.727372 0.221731
vt 0.753751 0.225847
vt 0.784936 0.229024
vt 0.775437 0.207922
vt 0.809699 0.210852
vt 0.826645 0.236168
vt 0.814513 0.252215
vt 0.842765 0.261188
vt 0.861658 0.244813
vt 0.252504 0.194594
vt 0.263040 0.198260
vt 0.450773 0.222773
vt 0.324071 0.219798
vt 0.544434 0.189137
vt 0.243542 0.210689
vt 0.086675 0.027321
vt 0.102630 0.005321
vt 0.096261 0.008078
vt 0.286479 0.213697
vt 0.294430 0.216729
vt 0.160779 0.240212
vt 0.412639 0.224821
vt 0.224484 0.221176
vt 0.364541 0.221274
vt 0.268318 0.206790
vt 0.505890 0.212467
vt 0.110643 0.000386
vt 0.386196 0.224144
vt 0.139615 0.255356
vt 0.434286 0.228288
vt 0.209809 0.218101
vt 0.256043 0.208232
vt 0.274994 0.216755
vt 0.261304 0.217597
vt 0.465021 0.230729
vt 0.235551 0.222875
vt 0.229298 0.224064
vt 0.172131 0.233370
vt 0.185694 0.226634
vt 0.246989 0.221658
vt 0.264456 0.226411
vt 0.254406 0.226334
vt 0.817387 0.895717
vt 0.808243 0.896800
vt 0.814684 0.909225
vt 0.807902 0.884510
vt 0.815125 0.880525
vt 0.806916 0.873034
vt 0.814416 0.870997
vt 0.823290 0.908340
vt 0.810188 0.864120
vt 0.796503 0.868388
vt 0.799990 0.877070
vt 0.805981 0.905293
vt 0.820201 0.875396
vt 0.820456 0.867694
vt 0.823754 0.886806
vt 0.824941 0.860573
vt 0.826279 0.900791
vt 0.805937 0.913897
vt 0.825972 0.866406
vt 0.826727 0.874011
vt 0.824740 0.919367
vt 0.814659 0.918582
vt 0.830266 0.910648
vt 0.799814 0.887190
vt 0.801932 0.897876
vt 0.831113 0.865757
vt 0.837028 0.858410
vt 0.837028 0.918896
vt 0.791051 0.878196
vt 0.798162 0.905487
vt 0.793750 0.913704
vt 0.829583 0.894984
vt 0.831600 0.903038
vt 0.314984 0.311581
vt 0.318002 0.304466
vt 0.324606 0.310987
vt 0.306431 0.306692
vt 0.300171 0.311468
vt 0.292026 0.307074
vt 0.283142 0.313573
vt 0.274071 0.308201
vt 0.271069 0.315127
vt 0.323869 0.315590
vt 0.302882 0.299114
vt 0.316732 0.296987
vt 0.285594 0.302918
vt 0.276387 0.301437
vt 0.268399 0.301499
vt 0.323628 0.299439
vt 0.328206 0.306404
vt 0.320463 0.290509
vt 0.332102 0.315972
vt 0.260673 0.315972
vt 0.079132 0.900138
vt 0.079036 0.894614
vt 0.086026 0.895064
vt 0.081537 0.906462
vt 0.074833 0.905026
vt 0.067181 0.899452
vt 0.065599 0.907373
vt 0.055951 0.905241
vt 0.073804 0.911467
vt 0.050996 0.901921
vt 0.041729 0.908996
vt 0.037656 0.903601
vt 0.031118 0.908736
vt 0.025562 0.905569
vt 0.025659 0.911330
vt 0.031069 0.913479
vt 0.079212 0.916281
vt 0.025396 0.916281
vt 0.020101 0.909947
vt 0.016831 0.905185
vt 0.047429 0.898373
vt 0.034002 0.899222
vt 0.056921 0.898382
vt 0.022461 0.899395
vt 0.060258 0.894086
vt 0.072600 0.889932
vt 0.065966 0.890767
vt 0.082345 0.888868
vt 0.044953 0.892627
vt 0.030585 0.894155
vt 0.080542 0.883622
vt 0.061485 0.887960
vt 0.072672 0.880566
vt 0.021430 0.889865
vt 0.081412 0.877701
vt 0.086617 0.881961
vt 0.836093 0.590664
vt 0.833744 0.571244
vt 0.842775 0.579919
vt 0.842775 0.567515
vt 0.236864 0.278164
vt 0.236864 0.292052
vt 0.231117 0.286440
vt 0.891017 0.928260
vt 0.893573 0.933477
vt 0.895795 0.937960
vt 0.899820 0.941841
vt 0.902368 0.944341
vt 0.904851 0.945874
vt 0.898039 0.950038
vt 0.914712 0.947156
vt 0.894421 0.941622
vt 0.906591 0.954907
vt 0.889839 0.949764
vt 0.914911 0.947115
vt 0.915096 0.946999
vt 0.923231 0.941666
vt 0.929856 0.934715
vt 0.926746 0.947237
vt 0.930782 0.933289
vt 0.932381 0.931389
vt 0.939127 0.921488
vt 0.941547 0.918131
vt 0.944105 0.928882
vt 0.948224 0.919108
vt 0.954289 0.923853
vt 0.957864 0.913117
vt 0.948018 0.909649
vt 0.956884 0.901726
vt 0.950431 0.898392
vt 0.947869 0.906044
vt 0.946723 0.909058
vt 0.951807 0.893851
vt 0.961557 0.887029
vt 0.954766 0.883602
vt 0.968254 0.900255
vt 0.957985 0.871272
vt 0.960678 0.868083
vt 0.971036 0.874845
vt 0.973571 0.862465
vt 0.966390 0.848854
vt 0.984307 0.848762
vt 0.975952 0.839115
vt 0.967830 0.835185
vt 0.975816 0.827397
vt 0.984179 0.834135
vt 0.961065 0.851677
vt 0.963665 0.835891
vt 0.962572 0.841573
vt 0.961500 0.846754
vt 0.963677 0.822888
vt 0.964055 0.820513
vt 0.972612 0.816104
vt 0.981945 0.817631
vt 0.978355 0.806069
vt 0.987376 0.810929
vt 0.990167 0.818692
vt 0.988548 0.801418
vt 0.996960 0.810264
vt 0.965908 0.805418
vt 0.980188 0.792752
vt 0.990635 0.789136
vt 0.979814 0.775747
vt 0.971815 0.785923
vt 0.967560 0.775564
vt 0.962437 0.783326
vt 0.960387 0.766602
vt 0.959882 0.762953
vt 0.962650 0.786297
vt 0.968510 0.762474
vt 0.971271 0.795901
vt 0.964159 0.811524
vt 0.991222 0.779322
vt 0.990486 0.769772
vt 0.997054 0.777001
vt 0.981696 0.759172
vt 0.992017 0.757430
vt 0.984960 0.747919
vt 0.959173 0.865231
vt 0.983096 0.871324
vt 0.977263 0.744787
vt 0.971848 0.752294
vt 0.969583 0.740069
vt 0.973692 0.734509
vt 0.966042 0.726359
vt 0.973471 0.727924
vt 0.971590 0.718371
vt 0.960167 0.707415
vt 0.967248 0.701682
vt 0.952882 0.714529
vt 0.959085 0.697220
vt 0.952659 0.694050
vt 0.954907 0.685159
vt 0.948499 0.698661
vt 0.979448 0.714451
vt 0.977414 0.700414
vt 0.960528 0.919919
vt 0.961330 0.926835
vt 0.958760 0.739866
vt 0.958636 0.867770
vt 0.963808 0.827192
vt 0.981902 0.732380
vt 0.996938 0.784035
vt 0.945289 0.911423
vt 0.951633 0.932789
vt 0.975417 0.763116
vt 0.958043 0.754228
vt 0.966756 0.915045
vt 0.935924 0.695591
vt 0.942162 0.710078
vt 0.936396 0.699925
vt 0.933578 0.696247
vt 0.923732 0.685098
vt 0.915021 0.674889
vt 0.924662 0.675510
vt 0.912192 0.672534
vt 0.914597 0.663629
vt 0.924235 0.666808
vt 0.915515 0.652790
vt 0.909520 0.670827
vt 0.930165 0.665268
vt 0.931733 0.657574
vt 0.942011 0.670563
vt 0.945998 0.663020
vt 0.950248 0.672964
vt 0.922851 0.645168
vt 0.908430 0.635233
vt 0.896602 0.639758
vt 0.895107 0.631777
vt 0.881148 0.627165
vt 0.881461 0.641175
vt 0.860236 0.630197
vt 0.863019 0.619593
vt 0.843415 0.616583
vt 0.857236 0.609714
vt 0.842958 0.605093
vt 0.838114 0.627405
vt 0.840560 0.628419
vt 0.836306 0.626256
vt 0.829061 0.605701
vt 0.824559 0.614832
vt 0.853785 0.635272
vt 0.812488 0.606311
vt 0.808813 0.616691
vt 0.811141 0.617832
vt 0.808844 0.617347
vt 0.793618 0.606785
vt 0.792822 0.614520
vt 0.780394 0.611257
vt 0.779165 0.611114
vt 0.774214 0.602804
vt 0.764960 0.610397
vt 0.763276 0.610376
vt 0.753621 0.601738
vt 0.746972 0.611044
vt 0.803284 0.597608
vt 0.832024 0.620558
vt 0.864824 0.640522
vt 0.900362 0.653892
vt 0.745214 0.611241
vt 0.731498 0.605139
vt 0.733103 0.613135
vt 0.730302 0.613949
vt 0.721917 0.613906
vt 0.713528 0.608257
vt 0.710722 0.617591
vt 0.699553 0.612778
vt 0.718348 0.620346
vt 0.713177 0.627375
vt 0.700671 0.627931
vt 0.703135 0.603074
vt 0.719861 0.620656
vt 0.719037 0.621819
vt 0.718168 0.625863
vt 0.807356 0.616859
vt 0.992324 0.858328
vt 0.994579 0.867924
vt 0.991756 0.881491
vt 0.981569 0.891348
vt 0.999590 0.846097
vt 0.946199 0.716679
vt 0.931659 0.933919
vt 0.823187 0.621255
vt 0.948254 0.722236
vt 0.953371 0.736013
vt 0.955513 0.742586
vt 0.962834 0.788585
vt 0.870197 0.643303
vt 0.996782 0.798245
vt 0.955682 0.939298
vt 0.973594 0.885094
vt 0.997238 0.829187
vt 0.963988 0.804943
vt 0.963518 0.797258
vt 0.918383 0.959941
vt 0.898337 0.961883
vt 0.884820 0.652724
vt 0.967553 0.688063
vt 0.885765 0.933043
vt 0.941663 0.942436
vt 0.724831 0.617978
vt 0.890576 0.656267
vt 0.977734 0.907113
vt 0.887377 0.964538
vt 0.897392 0.972621
vt 0.903653 0.972574
vt 0.826953 0.622241
vt 0.986120 0.825467
vt 0.879056 0.947560
vt 0.933200 0.957325
vt 0.999590 0.790930
vt 0.939188 0.681005
vt 0.691576 0.620052
vt 0.687735 0.631091
vt 0.693836 0.640826
vt 0.704851 0.645801
vt 0.694111 0.652862
vt 0.700733 0.663062
vt 0.689802 0.666940
vt 0.698402 0.680731
vt 0.708503 0.672899
vt 0.706513 0.681381
vt 0.713692 0.683424
vt 0.706278 0.690152
vt 0.718191 0.674887
vt 0.718267 0.686288
vt 0.718509 0.695436
vt 0.718416 0.670662
vt 0.685852 0.689031
vt 0.693927 0.690935
vt 0.693888 0.700901
vt 0.685621 0.712676
vt 0.695539 0.713594
vt 0.705275 0.706633
vt 0.691933 0.723938
vt 0.684319 0.730597
vt 0.693150 0.738821
vt 0.684587 0.742530
vt 0.701997 0.725583
vt 0.713298 0.723080
vt 0.710639 0.735706
vt 0.717723 0.735801
vt 0.717762 0.734235
vt 0.717591 0.738802
vt 0.714991 0.748503
vt 0.709439 0.743311
vt 0.707160 0.749655
vt 0.717579 0.748308
vt 0.717236 0.751556
vt 0.717147 0.761917
vt 0.708708 0.758123
vt 0.697836 0.759064
vt 0.707120 0.771171
vt 0.698529 0.781909
vt 0.689003 0.778144
vt 0.685192 0.764032
vt 0.706359 0.783251
vt 0.715936 0.782642
vt 0.708256 0.791140
vt 0.712534 0.799875
vt 0.704434 0.800226
vt 0.707370 0.814188
vt 0.716189 0.811365
vt 0.716141 0.809733
vt 0.716558 0.825100
vt 0.716593 0.826042
vt 0.705431 0.833133
vt 0.716636 0.830499
vt 0.715475 0.842767
vt 0.706808 0.848151
vt 0.713422 0.859789
vt 0.701200 0.859922
vt 0.707028 0.870380
vt 0.700268 0.873772
vt 0.706668 0.882891
vt 0.696610 0.882844
vt 0.698260 0.895528
vt 0.711979 0.898728
vt 0.699707 0.910634
vt 0.719128 0.885016
vt 0.719089 0.883285
vt 0.708190 0.912123
vt 0.716517 0.910353
vt 0.711364 0.923454
vt 0.720851 0.918385
vt 0.721353 0.929060
vt 0.720217 0.900511
vt 0.721367 0.933126
vt 0.713076 0.935848
vt 0.703848 0.917617
vt 0.719906 0.907127
vt 0.719772 0.894428
vt 0.720116 0.912174
vt 0.714082 0.873585
vt 0.718845 0.881395
vt 0.699793 0.845164
vt 0.718269 0.857165
vt 0.717041 0.841684
vt 0.697857 0.821515
vt 0.699572 0.808628
vt 0.697677 0.797683
vt 0.702787 0.790667
vt 0.717031 0.711942
vt 0.703576 0.741452
vt 0.717308 0.764349
vt 0.717219 0.780733
vt 0.718629 0.724589
vt 0.718328 0.714315
vt 0.718370 0.711330
vt 0.717232 0.783011
vt 0.716795 0.800305
vt 0.715751 0.763821
vt 0.688020 0.751225
vt 0.712161 0.660447
vt 0.718295 0.667432
vt 0.717734 0.660511
vt 0.718363 0.654095
vt 0.718552 0.650650
vt 0.713452 0.638297
vt 0.717964 0.646267
vt 0.717959 0.636465
vt 0.685039 0.649056
vt 0.717034 0.785350
vt 0.718314 0.871598
vt 0.696171 0.835437
vt 0.698647 0.924582
vt 0.699256 0.693556
vt 0.776183 0.932983
vt 0.715478 0.698000
vt 0.925649 0.972342
vt 0.915684 0.969347
vt 0.913309 0.975455
vt 0.919392 0.982576
vt 0.909622 0.984099
vt 0.919782 0.990935
vt 0.914005 0.993441
vt 0.940713 0.965625
vt 0.958750 0.674642
vt 0.717257 0.844299
vt 0.692281 0.918825
vt 0.908676 0.966667
vt 0.948278 0.952590
vt 0.707488 0.634312
vt 0.718742 0.630720
vt 0.718152 0.864543
vt 0.718440 0.700934
vt 0.353911 0.999098
vt 0.704844 0.973094
vt 0.704793 0.975887
vt 0.702142 0.981785
vt 0.590580 0.992932
vt 0.703007 0.961522
vt 0.702639 0.959871
vt 0.697759 0.945013
vt 0.697142 0.943517
vt 0.691247 0.931145
vt 0.690637 0.930115
vt 0.682343 0.920602
vt 0.674287 0.908767
vt 0.673196 0.907669
vt 0.671785 0.905860
vt 0.663507 0.896808
vt 0.661050 0.893991
vt 0.652971 0.887920
vt 0.601521 0.992800
vt 0.651016 0.886942
vt 0.648925 0.885320
vt 0.636228 0.877266
vt 0.626101 0.870329
vt 0.620932 0.867090
vt 0.605046 0.859263
vt 0.599052 0.856097
vt 0.576107 0.847631
vt 0.573171 0.846261
vt 0.565405 0.994948
vt 0.528527 0.996835
vt 0.510137 0.998108
vt 0.526012 0.997111
vt 0.528948 0.997992
vt 0.530949 0.996737
vt 0.373046 0.999284
vt 0.548989 0.997279
vt 0.362811 0.999614
vt 0.569539 0.845101
vt 0.555567 0.843078
vt 0.540142 0.840587
vt 0.535269 0.840130
vt 0.522843 0.840594
vt 0.514625 0.840644
vt 0.508403 0.841845
vt 0.492968 0.844803
vt 0.485760 0.846467
vt 0.473821 0.850640
vt 0.464803 0.853801
vt 0.461176 0.855343
vt 0.486587 0.842396
vt 0.460653 0.846539
vt 0.444698 0.862634
vt 0.441854 0.864056
vt 0.468238 0.838349
vt 0.456368 0.841221
vt 0.439675 0.865078
vt 0.431406 0.869222
vt 0.424150 0.873010
vt 0.418062 0.876447
vt 0.409947 0.881455
vt 0.408002 0.883074
vt 0.404004 0.885307
vt 0.396180 0.890211
vt 0.391650 0.894254
vt 0.387552 0.898020
vt 0.383288 0.901082
vt 0.371983 0.910042
vt 0.369971 0.911871
vt 0.367150 0.914325
vt 0.357752 0.923737
vt 0.350108 0.931796
vt 0.346760 0.935420
vt 0.341263 0.941729
vt 0.339178 0.944327
vt 0.337849 0.946771
vt 0.604695 0.992634
vt 0.615733 0.992280
vt 0.621406 0.992012
vt 0.631138 0.991799
vt 0.643255 0.991314
vt 0.647732 0.990885
vt 0.651177 0.990851
vt 0.658572 0.991077
vt 0.665380 0.990161
vt 0.669043 0.989824
vt 0.673736 0.990218
vt 0.684183 0.989812
vt 0.689716 0.989225
vt 0.693770 0.993902
vt 0.682430 0.994126
vt 0.686918 0.999614
vt 0.579960 0.231096
vt 0.586998 0.230608
vt 0.592365 0.230677
vt 0.577804 0.223380
vt 0.573457 0.230875
vt 0.561588 0.230578
vt 0.473317 0.231096
vt 0.195150 0.073145
vt 0.196258 0.060094
vt 0.187603 0.068432
vt 0.207168 0.072130
vt 0.193669 0.085809
vt 0.206436 0.087577
vt 0.212233 0.079717
vt 0.212233 0.054398
vt 0.395320 0.035108
vt 0.381363 0.035108
vt 0.382619 0.023200
vt 0.390427 0.021219
vt 0.928867 0.238040
vt 0.924518 0.231096
vt 0.934729 0.232706
vt 0.917488 0.238040
vt 0.600464 0.508102
vt 0.583471 0.508102
vt 0.600575 0.496939
vt 0.591432 0.497605
vt 0.583333 0.496528
vt 0.119706 0.259226
vt 0.130952 0.277392
vt 0.130952 0.258873
vt 0.118637 0.272569
vt 0.274631 0.945602
vt 0.282533 0.940972
vt 0.291872 0.945602
vt 0.836725 0.188147
vt 0.841133 0.197145
vt 0.823262 0.197145
vt 0.818965 0.186343
vn 0.05076 0.41997 -0.90612
vn 0.08013 0.30474 -0.94906
vn 0.04697 0.35088 -0.93524
vn 0.05450 0.44507 -0.89384
vn 0.05811 0.31140 -0.94850
vn 0.10757 0.37003 -0.92277
vn 0.08864 0.50952 -0.85588
vn 0.05802 0.23789 -0.96956
vn 0.01646 0.26732 -0.96347
vn -0.00071 0.43126 -0.90223
vn -0.01324 0.29445 -0.95557
vn -0.02621 0.40481 -0.91403
vn -0.04752 0.26319 -0.96357
vn 0.06571 0.22525 -0.97208
vn 0.11288 0.24211 -0.96366
vn -0.01874 0.20851 -0.97784
vn -0.08082 0.21756 -0.97270
vn 0.02110 0.17023 -0.98518
vn 0.08021 0.19897 -0.97672
vn 0.12955 0.25276 -0.95882
vn 0.09756 0.32994 -0.93895
vn 0.06766 0.27229 -0.95983
vn 0.05165 0.16664 -0.98466
vn -0.00930 0.17517 -0.98449
vn -0.01396 0.27788 -0.96051
vn -0.03750 0.18624 -0.98179
vn -0.07391 0.28681 -0.95513
vn -0.09476 0.30540 -0.94750
vn 0.12345 0.38351 -0.91525
vn 0.18209 0.24937 -0.95114
vn 0.19184 0.32789 -0.92503
vn -0.10210 0.26198 -0.95966
vn -0.09633 0.37800 -0.92078
vn -0.15259 0.22759 -0.96173
vn 0.06796 0.45673 -0.88700
vn 0.01123 0.43389 -0.90090
vn 0.18624 0.32412 -0.92750
vn -0.04871 0.47055 -0.88103
vn -0.17931 0.25776 -0.94943
vn -0.15289 0.31541 -0.93656
vn 0.15514 0.46258 -0.87290
vn 0.12364 0.56163 -0.81810
vn 0.25185 0.27056 -0.92918
vn 0.28130 0.27811 -0.91844
vn 0.25466 0.37078 -0.89313
vn -0.05825 0.47113 -0.88014
vn 0.18234 0.46778 -0.86483
vn 0.11686 0.49568 -0.86061
vn -0.13622 0.40664 -0.90337
vn 0.08438 0.53342 -0.84163
vn -0.02834 0.53916 -0.84173
vn 0.26137 0.35079 -0.89924
vn 0.20331 0.50237 -0.84041
vn -0.20069 0.45487 -0.86765
vn 0.31944 0.29134 -0.90171
vn -0.00276 0.56361 -0.82604
vn 0.30001 0.41225 -0.86026
vn -0.08542 0.57055 -0.81681
vn -0.24306 0.22169 -0.94434
vn 0.05210 0.51792 -0.85384
vn 0.05362 0.51312 -0.85664
vn 0.02232 0.56285 -0.82626
vn 0.07803 0.53478 -0.84138
vn 0.09704 0.60938 -0.78692
vn -0.05692 0.53722 -0.84152
vn 0.05303 0.48172 -0.87472
vn 0.06734 0.48252 -0.87329
vn 0.06180 0.46423 -0.88356
vn 0.06290 0.50962 -0.85810
vn 0.06984 0.40340 -0.91235
vn 0.08096 0.40194 -0.91208
vn 0.07949 0.43167 -0.89853
vn 0.08360 0.37427 -0.92354
vn 0.09034 0.39868 -0.91263
vn 0.08282 0.38422 -0.91952
vn 0.07278 0.38363 -0.92061
vn 0.07144 0.39236 -0.91703
vn 0.07540 0.40861 -0.90959
vn 0.08264 0.35700 -0.93044
vn 0.08838 0.38606 -0.91823
vn 0.06260 0.43152 -0.89993
vn 0.07926 0.45266 -0.88815
vn 0.10348 0.39322 -0.91360
vn 0.10146 0.34899 -0.93162
vn 0.07080 0.43984 -0.89528
vn 0.07808 0.43735 -0.89590
vn 0.07957 0.44340 -0.89279
vn 0.08691 0.42888 -0.89917
vn 0.09981 0.37533 -0.92150
vn 0.09279 0.39177 -0.91537
vn 0.07745 0.45200 -0.88865
vn 0.08448 0.40494 -0.91043
vn 0.09012 0.40796 -0.90854
vn 0.06652 0.45697 -0.88699
vn 0.06938 0.39630 -0.91549
vn 0.07949 0.41014 -0.90855
vn 0.05504 0.37716 -0.92451
vn 0.04550 0.36595 -0.92952
vn 0.05549 0.37311 -0.92613
vn 0.06045 0.47123 -0.87994
vn 0.04266 0.51191 -0.85798
vn 0.06580 0.40044 -0.91396
vn 0.07977 0.43625 -0.89628
vn 0.05324 0.34069 -0.93867
vn 0.06135 0.33050 -0.94181
vn 0.06278 0.42134 -0.90473
vn 0.07601 0.46809 -0.88041
vn 0.06974 0.35280 -0.93309
vn 0.07260 0.44291 -0.89362
vn 0.07658 0.41028 -0.90874
vn 0.08006 0.47161 -0.87816
vn 0.06927 0.46962 -0.88015
vn 0.07183 0.43497 -0.89758
vn 0.07387 0.47219 -0.87839
vn 0.07510 0.45256 -0.88857
vn 0.08822 0.32105 -0.94295
vn 0.07331 0.30865 -0.94835
vn 0.09014 0.41724 -0.90432
vn 0.05702 0.40786 -0.91126
vn 0.09123 0.46512 -0.88053
vn 0.09669 0.39520 -0.91349
vn 0.09349 0.46124 -0.88234
vn 0.03638 0.34808 -0.93676
vn 0.08583 0.27572 -0.95740
vn 0.07249 0.24835 -0.96595
vn 0.11493 0.45828 -0.88135
vn 0.03728 0.53424 -0.84451
vn 0.04554 0.39275 -0.91852
vn 0.01304 0.50258 -0.86443
vn 0.06178 0.32735 -0.94288
vn -0.01053 0.50716 -0.86179
vn 0.08907 0.24738 -0.96482
vn 0.11758 0.30431 -0.94529
vn 0.11818 0.43745 -0.89145
vn 0.13204 0.45597 -0.88014
vn 0.03017 0.30873 -0.95067
vn 0.02230 0.37989 -0.92476
vn 0.03624 0.33474 -0.94161
vn 0.11084 0.40159 -0.90909
vn 0.12709 0.39796 -0.90856
vn 0.10368 0.34748 -0.93194
vn 0.11719 0.33869 -0.93357
vn 0.10834 0.33986 -0.93421
vn 0.11096 0.29286 -0.94970
vn 0.16084 0.25481 -0.95352
vn 0.15305 0.39893 -0.90412
vn 0.04161 0.30103 -0.95271
vn 0.06273 0.51820 -0.85295
vn 0.05764 0.52020 -0.85209
vn 0.04872 0.55208 -0.83237
vn 0.04769 0.57937 -0.81367
vn 0.10701 0.55318 -0.82616
vn 0.09070 0.57053 -0.81625
vn 0.08503 0.51424 -0.85342
vn 0.09684 0.32097 -0.94212
vn 0.11880 0.38741 -0.91422
vn 0.16693 0.56586 -0.80742
vn 0.00784 0.34139 -0.93989
vn 0.01849 0.46556 -0.88482
vn 0.18334 0.37530 -0.90859
vn 0.16179 0.30329 -0.93906
vn 0.04997 0.28582 -0.95698
vn 0.05096 0.29259 -0.95488
vn 0.06127 0.26068 -0.96348
vn 0.06847 0.23335 -0.96998
vn 0.03453 0.32454 -0.94524
vn 0.01376 0.34439 -0.93873
vn 0.00667 0.37285 -0.92787
vn 0.00756 0.33507 -0.94216
vn -0.01576 0.33905 -0.94064
vn -0.00645 0.39178 -0.92004
vn -0.00135 0.36533 -0.93088
vn 0.02017 0.35193 -0.93581
vn 0.03599 0.32616 -0.94463
vn 0.03495 0.31494 -0.94847
vn -0.01475 0.35530 -0.93464
vn -0.03717 0.36617 -0.92981
vn 0.06158 0.31141 -0.94828
vn 0.06921 0.28205 -0.95690
vn 0.00063 0.31179 -0.95015
vn -0.01501 0.37484 -0.92697
vn 0.03574 0.35152 -0.93550
vn 0.06134 0.28140 -0.95763
vn 0.01859 0.43323 -0.90109
vn 0.03439 0.42403 -0.90500
vn 0.04895 0.43556 -0.89883
vn 0.06782 0.38076 -0.92218
vn 0.06211 0.43800 -0.89683
vn 0.07181 0.39807 -0.91454
vn 0.06597 0.44713 -0.89203
vn 0.07467 0.36932 -0.92630
vn 0.07394 0.45599 -0.88691
vn 0.08808 0.41659 -0.90482
vn 0.07609 0.33247 -0.94004
vn 0.06628 0.30974 -0.94851
vn 0.03428 0.45697 -0.88882
vn 0.03732 0.47003 -0.88186
vn 0.02767 0.43355 -0.90070
vn 0.03404 0.41876 -0.90746
vn 0.01415 0.40935 -0.91227
vn 0.04699 0.42845 -0.90234
vn 0.03197 0.47666 -0.87851
vn 0.01768 0.36799 -0.92966
vn 0.04119 0.36809 -0.92888
vn 0.04871 0.43889 -0.89722
vn 0.04140 0.38982 -0.91996
vn -0.02090 0.31179 -0.94992
vn 0.04221 0.49367 -0.86863
vn 0.03791 0.45886 -0.88770
vn 0.04165 0.29972 -0.95312
vn 0.02548 0.44164 -0.89683
vn 0.01052 0.27648 -0.96096
vn -0.01649 0.31616 -0.94856
vn 0.02090 0.27204 -0.96206
vn 0.00201 0.44468 -0.89569
vn 0.08410 0.26318 -0.96108
vn 0.07314 0.26199 -0.96229
vn 0.07892 0.26717 -0.96041
vn 0.06830 0.20830 -0.97568
vn 0.07549 0.20030 -0.97682
vn 0.08704 0.20669 -0.97453
vn 0.06727 0.23397 -0.96991
vn 0.10484 0.19438 -0.97531
vn 0.12206 0.29437 -0.94787
vn 0.10638 0.46412 -0.87936
vn 0.05275 0.47140 -0.88034
vn 0.05912 0.47220 -0.87950
vn -0.01808 0.30350 -0.95266
vn 0.12946 0.40737 -0.90404
vn 0.06586 0.47775 -0.87602
vn -0.02255 0.45942 -0.88793
vn 0.00135 0.53255 -0.84640
vn 0.02972 0.49219 -0.86998
vn 0.04837 0.49999 -0.86468
vn 0.06898 0.48148 -0.87374
vn 0.07528 0.51337 -0.85486
vn 0.06642 0.47894 -0.87533
vn 0.02484 0.48285 -0.87535
vn 0.01765 0.41007 -0.91188
vn 0.01735 0.49150 -0.87071
vn 0.02674 0.46381 -0.88553
vn 0.02720 0.37979 -0.92467
vn 0.04897 0.45380 -0.88976
vn 0.04610 0.51033 -0.85874
vn 0.03354 0.51350 -0.85744
vn 0.06700 0.44632 -0.89236
vn 0.05771 0.36956 -0.92741
vn 0.07184 0.45792 -0.88609
vn 0.02227 0.26606 -0.96370
vn 0.05418 0.39459 -0.91726
vn 0.06881 0.47080 -0.87955
vn 0.00614 0.26204 -0.96504
vn -0.00130 0.30625 -0.95195
vn -0.01741 0.38986 -0.92071
vn 0.03433 0.22184 -0.97448
vn 0.02754 0.22715 -0.97347
vn 0.05438 0.34134 -0.93837
vn 0.06334 0.45422 -0.88864
vn 0.06339 0.30668 -0.94970
vn 0.07432 0.45039 -0.88973
vn 0.09349 0.33432 -0.93781
vn 0.06646 0.48555 -0.87168
vn 0.11260 0.36922 -0.92249
vn 0.09017 0.45691 -0.88493
vn 0.10593 0.41707 -0.90268
vn 0.08968 0.44349 -0.89178
vn 0.08627 0.42871 -0.89931
vn 0.07934 0.43275 -0.89801
vn 0.07970 0.44910 -0.88992
vn 0.07643 0.44990 -0.88980
vn 0.06755 0.41816 -0.90586
vn 0.06850 0.45472 -0.88800
vn 0.07068 0.46517 -0.88239
vn 0.09861 0.40474 -0.90910
vn 0.07534 0.48478 -0.87138
vn 0.06251 0.46258 -0.88437
vn 0.06618 0.47155 -0.87935
vn 0.07014 0.46357 -0.88328
vn 0.06653 0.46843 -0.88099
vn 0.06508 0.46178 -0.88460
vn 0.06404 0.47890 -0.87553
vn 0.05552 0.49070 -0.86956
vn 0.07102 0.47466 -0.87730
vn 0.06777 0.48815 -0.87012
vn 0.06529 0.49658 -0.86553
vn 0.06279 0.48340 -0.87315
vn 0.06718 0.48529 -0.87177
vn 0.05769 0.50668 -0.86020
vn 0.06804 0.48891 -0.86968
vn 0.06191 0.48340 -0.87321
vn 0.05715 0.51137 -0.85746
vn 0.09676 0.36183 -0.92721
vn 0.07252 0.37306 -0.92497
vn 0.04902 0.42353 -0.90455
vn 0.07856 0.40282 -0.91190
vn 0.06043 0.50485 -0.86109
vn 0.10338 0.34784 -0.93184
vn 0.10478 0.33447 -0.93656
vn 0.08869 0.38835 -0.91723
vn 0.12767 0.35036 -0.92787
vn 0.14592 0.28633 -0.94695
vn 0.06811 0.51119 -0.85676
vn 0.09781 0.42866 -0.89816
vn 0.11317 0.32537 -0.93879
vn 0.11109 0.42905 -0.89642
vn 0.13829 0.35533 -0.92446
vn 0.03420 0.52844 -0.84828
vn 0.13513 0.43321 -0.89110
vn 0.10576 0.30565 -0.94625
vn 0.10612 0.28850 -0.95158
vn 0.12046 0.33507 -0.93446
vn 0.13190 0.33494 -0.93296
vn 0.07580 0.53823 -0.83938
vn 0.12655 0.18230 -0.97506
vn 0.08823 0.53037 -0.84316
vn 0.15899 0.25145 -0.95472
vn 0.14305 0.25441 -0.95646
vn 0.18220 0.28376 -0.94143
vn 0.16034 0.30676 -0.93818
vn 0.14703 0.21806 -0.96479
vn 0.16227 0.25481 -0.95328
vn -0.00857 0.24722 -0.96892
vn 0.00080 0.25886 -0.96591
vn -0.00479 0.29033 -0.95691
vn -0.04198 0.46380 -0.88494
vn -0.05362 0.40158 -0.91425
vn -0.04452 0.36661 -0.92931
vn 0.17291 0.27479 -0.94583
vn -0.04188 0.34383 -0.93810
vn 0.13205 0.16042 -0.97818
vn -0.01085 0.25001 -0.96818
vn 0.19715 0.29879 -0.93373
vn 0.16031 0.45919 -0.87375
vn 0.21052 0.38032 -0.90058
vn 0.09136 0.54607 -0.83274
vn 0.10295 0.57144 -0.81416
vn 0.10558 0.20868 -0.97227
vn 0.10513 0.13309 -0.98551
vn -0.06132 0.35181 -0.93406
vn 0.07971 0.53979 -0.83802
vn 0.20366 0.28626 -0.93626
vn -0.04315 0.26634 -0.96291
vn -0.01951 0.57606 -0.81717
vn -0.04805 0.57960 -0.81348
vn -0.10822 0.37336 -0.92135
vn 0.14466 0.26422 -0.95355
vn 0.03496 0.60507 -0.79540
vn 0.19872 0.46083 -0.86495
vn 0.18781 0.26947 -0.94452
vn -0.08759 0.31886 -0.94375
vn 0.01866 0.24436 -0.96950
vn -0.11435 0.29683 -0.94806
vn -0.08781 0.48819 -0.86831
vn 0.14188 0.22320 -0.96439
vn 0.15133 0.19651 -0.96875
vn 0.12721 0.12775 -0.98362
vn 0.00934 0.57759 -0.81627
vn 0.05076 0.13113 -0.99007
vn 0.07200 0.08163 -0.99406
vn 0.12110 0.58294 -0.80344
vn 0.22975 0.50223 -0.83365
vn 0.24795 0.23237 -0.94049
vn 0.11631 0.13121 -0.98451
vn 0.30233 0.40075 -0.86487
vn 0.12832 0.12674 -0.98360
vn 0.10310 0.47319 -0.87491
vn 0.14951 0.30090 -0.94186
vn 0.13305 0.24023 -0.96155
vn 0.16271 0.27965 -0.94622
vn 0.12523 0.54794 -0.82709
vn 0.14228 0.44412 -0.88460
vn 0.21669 0.20442 -0.95460
vn 0.15913 0.49517 -0.85410
vn 0.24365 0.21259 -0.94628
vn 0.09248 0.61218 -0.78529
vn 0.08230 0.61730 -0.78241
vn 0.22235 0.27990 -0.93393
vn 0.20766 0.22704 -0.95149
vn -0.02242 0.21823 -0.97564
vn -0.02536 0.22992 -0.97288
vn 0.02139 0.57717 -0.81634
vn 0.26354 0.25276 -0.93094
vn 0.24835 0.21218 -0.94515
vn 0.15899 0.11950 -0.98002
vn 0.20209 0.17698 -0.96324
vn 0.19188 0.37843 -0.90552
vn 0.09416 0.07571 -0.99267
vn 0.18678 0.17796 -0.96615
vn 0.17486 0.21849 -0.96005
vn 0.06594 0.61031 -0.78941
vn 0.00654 0.17283 -0.98493
vn -0.00244 0.22835 -0.97358
vn -0.03453 0.15496 -0.98732
vn -0.02322 0.19346 -0.98083
vn -0.03622 0.18650 -0.98179
vn 0.05119 0.57329 -0.81775
vn -0.02002 0.62752 -0.77834
vn 0.16562 0.61410 -0.77165
vn 0.26152 0.36792 -0.89232
vn 0.29253 0.58137 -0.75923
vn 0.12523 0.62384 -0.77145
vn 0.13448 0.60670 -0.78347
vn 0.20883 0.33326 -0.91942
vn 0.16035 0.46163 -0.87246
vn 0.21652 0.20221 -0.95511
vn 0.23674 0.28419 -0.92908
vn 0.15931 0.57010 -0.80598
vn 0.24729 0.48437 -0.83919
vn 0.13810 0.64588 -0.75084
vn -0.02383 0.20382 -0.97872
vn -0.03902 0.19017 -0.98098
vn 0.04690 0.58698 -0.80824
vn 0.03974 0.59174 -0.80515
vn 0.24429 0.49840 -0.83181
vn 0.32248 0.25147 -0.91256
vn -0.07047 0.64067 -0.76457
vn 0.25095 0.21103 -0.94472
vn -0.00711 0.14854 -0.98888
vn -0.04817 0.16392 -0.98530
vn -0.03665 0.13571 -0.99007
vn 0.14873 0.65850 -0.73774
vn 0.10368 0.64634 -0.75598
vn 0.11861 0.66898 -0.73376
vn 0.16348 0.17582 -0.97075
vn -0.09975 0.56823 -0.81680
vn -0.11766 0.31207 -0.94275
vn -0.12617 0.45541 -0.88129
vn 0.12531 0.08859 -0.98815
vn 0.05022 0.59101 -0.80510
vn 0.05896 0.60980 -0.79036
vn -0.00306 0.60328 -0.79752
vn 0.17219 0.14263 -0.97468
vn 0.23783 0.60405 -0.76063
vn 0.18005 0.73325 -0.65569
vn -0.14793 0.44012 -0.88567
vn 0.20355 0.16662 -0.96478
vn -0.00027 0.10168 -0.99482
vn -0.00837 0.09047 -0.99586
vn -0.05907 0.18815 -0.98036
vn -0.00383 0.67244 -0.74014
vn -0.00558 0.62991 -0.77665
vn 0.26684 0.07266 -0.96100
vn 0.25499 0.14545 -0.95594
vn 0.23824 0.15336 -0.95902
vn 0.09322 0.63112 -0.77006
vn 0.13071 0.66930 -0.73140
vn 0.22213 0.05072 -0.97370
vn 0.26331 0.03995 -0.96388
vn 0.16101 0.12249 -0.97932
vn 0.17666 0.01322 -0.98418
vn -0.11482 0.17119 -0.97852
vn -0.08863 0.18563 -0.97862
vn -0.07966 0.13687 -0.98738
vn -0.18549 0.22355 -0.95688
vn -0.12138 0.67649 -0.72638
vn 0.25656 0.13599 -0.95691
vn 0.06821 0.62550 -0.77724
vn 0.16158 0.60405 -0.78039
vn 0.18227 0.58272 -0.79197
vn 0.01553 0.65414 -0.75621
vn 0.29950 0.07291 -0.95131
vn 0.36807 0.45685 -0.80982
vn 0.33256 0.20635 -0.92023
vn 0.46043 0.24044 -0.85451
vn 0.21629 0.12239 -0.96863
vn 0.07292 0.65856 -0.74898
vn 0.06729 0.67145 -0.73799
vn -0.05725 0.59093 -0.80469
vn -0.01791 0.63421 -0.77295
vn -0.12331 0.53513 -0.83572
vn 0.01916 0.64647 -0.76270
vn 0.01121 0.68255 -0.73076
vn 0.09672 0.67665 -0.72992
vn 0.08262 0.71091 -0.69841
vn 0.27276 0.44064 -0.85524
vn 0.19319 0.56109 -0.80490
vn 0.21327 0.42709 -0.87870
vn 0.33121 0.33618 -0.88163
vn -0.02607 0.05618 -0.99808
vn 0.37687 0.30995 -0.87287
vn 0.24034 0.14270 -0.96014
vn 0.26581 0.08359 -0.96039
vn 0.00308 0.64646 -0.76294
vn -0.02740 0.68334 -0.72958
vn -0.01172 0.71884 -0.69507
vn -0.21719 0.20675 -0.95398
vn 0.12124 0.70563 -0.69814
vn 0.11457 0.65835 -0.74394
vn 0.03069 0.63400 -0.77272
vn -0.20383 0.47152 -0.85797
vn -0.02639 0.11586 -0.99291
vn 0.09771 0.71880 -0.68831
vn 0.07584 0.74027 -0.66802
vn 0.08475 0.74814 -0.65810
vn 0.37156 0.32316 -0.87035
vn -0.24240 0.38341 -0.89120
vn -0.18039 0.57850 -0.79549
vn -0.22569 0.19180 -0.95513
vn -0.06695 0.09918 -0.99282
vn 0.02220 0.00046 -0.99975
vn 0.17032 0.59811 -0.78311
vn 0.24207 0.60322 -0.75996
vn 0.13892 0.62995 -0.76411
vn -0.15098 0.15802 -0.97583
vn -0.26195 0.29997 -0.91728
vn -0.25141 0.26398 -0.93118
vn 0.11071 0.00021 -0.99385
vn 0.00949 -0.00105 -0.99995
vn 0.14628 0.62153 -0.76961
vn 0.19410 0.62262 -0.75807
vn 0.12430 0.63622 -0.76143
vn 0.12381 0.64703 -0.75235
vn 0.38202 0.39582 -0.83510
vn 0.24435 0.65969 -0.71071
vn 0.22523 0.69112 -0.68675
vn 0.19237 0.75547 -0.62630
vn -0.10638 0.61708 -0.77968
vn -0.30359 0.27663 -0.91176
vn 0.00524 0.64992 -0.75998
vn 0.02492 0.65230 -0.75755
vn 0.12395 0.62872 -0.76769
vn 0.15664 0.62229 -0.76696
vn 0.11040 0.64914 -0.75262
vn 0.11278 0.61820 -0.77789
vn 0.12861 0.58298 -0.80224
vn 0.12558 0.56089 -0.81831
vn 0.09801 0.54175 -0.83481
vn 0.13002 0.47714 -0.86916
vn 0.11037 0.42657 -0.89769
vn 0.13501 0.40754 -0.90315
vn 0.12481 0.50068 -0.85659
vn 0.13098 0.37255 -0.91872
vn 0.08484 0.36222 -0.92823
vn 0.06244 0.46585 -0.88266
vn 0.05201 0.30600 -0.95061
vn 0.02491 0.43923 -0.89803
vn 0.02698 0.26996 -0.96249
vn 0.01796 0.36885 -0.92931
vn 0.14777 0.28164 -0.94807
vn 0.14250 0.35844 -0.92261
vn 0.15155 0.38909 -0.90865
vn 0.14356 0.48423 -0.86309
vn 0.18173 0.50441 -0.84413
vn 0.12854 0.46390 -0.87651
vn 0.14436 0.35114 -0.92513
vn 0.14500 0.38334 -0.91215
vn 0.16186 0.44979 -0.87835
vn 0.18945 0.35650 -0.91489
vn 0.20788 0.34188 -0.91646
vn 0.01703 0.54753 -0.83661
vn 0.08559 0.53340 -0.84152
vn 0.06669 0.57851 -0.81294
vn 0.06775 0.60349 -0.79449
vn 0.15324 0.46007 -0.87456
vn 0.21350 0.43691 -0.87380
vn 0.00410 0.48697 -0.87341
vn -0.01189 0.38015 -0.92485
vn 0.01318 0.52462 -0.85123
vn -0.00004 0.50346 -0.86402
vn -0.03900 0.47000 -0.88180
vn -0.16842 0.39703 -0.90222
vn -0.01607 0.52657 -0.84998
vn 0.00704 0.56334 -0.82619
vn 0.03670 0.54805 -0.83564
vn 0.31355 0.42022 -0.85153
vn 0.17997 0.54427 -0.81938
vn -0.03970 0.51520 -0.85615
vn 0.22592 0.36554 -0.90296
vn -0.08222 0.55988 -0.82448
vn 0.11342 0.31167 -0.94340
vn -0.31821 0.35005 -0.88102
vn -0.05705 0.48879 -0.87054
vn -0.09639 0.52024 -0.84856
vn 0.00711 0.58167 -0.81340
vn -0.00455 0.59364 -0.80472
vn -0.05204 0.63072 -0.77426
vn 0.02503 0.52138 -0.85296
vn 0.28610 0.47570 -0.83178
vn 0.08333 0.58844 -0.80423
vn -0.03615 0.57273 -0.81895
vn 0.23487 0.39394 -0.88862
vn 0.26769 0.42254 -0.86591
vn 0.25113 0.35444 -0.90072
vn -0.00084 0.60605 -0.79543
vn 0.11561 0.73160 -0.67186
vn -0.18692 0.38882 -0.90215
vn -0.12647 0.45791 -0.87996
vn -0.20713 0.31147 -0.92741
vn 0.03838 0.61143 -0.79037
vn 0.01467 0.62945 -0.77690
vn 0.26821 0.33429 -0.90350
vn 0.09234 0.61564 -0.78260
vn -0.05218 0.22479 -0.97301
vn 0.00848 0.14717 -0.98908
vn 0.13442 0.20939 -0.96855
vn 0.09121 0.60489 -0.79107
vn 0.30087 0.37271 -0.87782
vn 0.07474 0.63007 -0.77293
vn 0.05503 0.62061 -0.78219
vn 0.04067 0.64090 -0.76655
vn 0.01972 0.65224 -0.75776
vn 0.09692 0.39532 -0.91342
vn -0.15982 0.24886 -0.95526
vn 0.36015 0.40581 -0.84000
vn 0.01479 0.62640 -0.77936
vn -0.00108 0.63075 -0.77599
vn 0.52355 0.04854 -0.85061
vn 0.08927 0.63420 -0.76800
vn -0.07712 0.58566 -0.80688
vn -0.07989 0.58121 -0.80983
vn -0.03777 0.61483 -0.78775
vn -0.03172 0.60506 -0.79555
vn -0.13640 0.57482 -0.80683
vn -0.24424 0.44990 -0.85903
vn -0.16021 0.53976 -0.82644
vn 0.26936 0.56666 -0.77867
vn 0.36777 0.34282 -0.86442
vn -0.16353 0.54093 -0.82501
vn 0.10061 0.64763 -0.75528
vn 0.09525 0.65479 -0.74978
vn 0.08288 0.65550 -0.75063
vn 0.10275 0.66017 -0.74405
vn 0.08838 0.65894 -0.74699
vn 0.06118 0.65746 -0.75101
vn 0.05451 0.65335 -0.75509
vn 0.03079 0.65484 -0.75514
vn 0.00690 0.65107 -0.75899
vn -0.00765 0.65418 -0.75630
vn 0.01300 0.65825 -0.75269
vn -0.00811 0.65577 -0.75492
vn -0.04276 0.64331 -0.76441
vn 0.43753 0.31629 -0.84174
vn 0.37852 0.36362 -0.85118
vn 0.15801 0.71428 -0.68179
vn 0.38386 0.31427 -0.86827
vn -0.23441 0.51526 -0.82435
vn 0.11135 0.14251 -0.98351
vn 0.05194 0.10046 -0.99358
vn -0.27209 0.48823 -0.82922
vn -0.24534 0.49941 -0.83090
vn 0.36400 0.49630 -0.78815
vn 0.26307 0.68046 -0.68393
vn 0.40549 0.42547 -0.80904
vn 0.37733 0.69250 -0.61488
vn 0.06305 0.87170 -0.48596
vn -0.27055 0.47381 -0.83804
vn -0.34457 0.42319 -0.83796
vn 0.31275 0.65391 -0.68891
vn 0.26878 0.78203 -0.56230
vn 0.46268 0.36127 -0.80958
vn 0.45015 0.32411 -0.83206
vn -0.12275 0.71778 -0.68536
vn 0.44038 0.44754 -0.77831
vn 0.24699 0.12290 -0.96119
vn 0.50426 0.34797 -0.79034
vn 0.06495 0.62437 -0.77842
vn 0.14153 0.43165 -0.89087
vn 0.33375 0.63321 -0.69832
vn 0.28180 0.41610 -0.86455
vn 0.19292 0.09858 -0.97625
vn 0.40377 0.18118 -0.89674
vn 0.39161 0.41489 -0.82128
vn 0.08652 0.74302 -0.66366
vn 0.08891 0.74750 -0.65829
vn -0.12643 0.76426 -0.63240
vn -0.17869 0.66412 -0.72596
vn -0.35667 0.41972 -0.83464
vn -0.36897 0.16724 -0.91427
vn -0.36578 0.30554 -0.87912
vn -0.09409 0.72642 -0.68078
vn -0.00489 0.73681 -0.67609
vn -0.20859 0.71292 -0.66950
vn -0.26520 0.68690 -0.67663
vn -0.37285 0.23208 -0.89840
vn 0.13300 0.73259 -0.66755
vn 0.15133 0.77954 -0.60780
vn 0.15918 0.81384 -0.55886
vn 0.09823 0.74250 -0.66261
vn 0.46862 0.31861 -0.82394
vn -0.09242 0.78471 -0.61293
vn 0.40458 0.71317 -0.57246
vn 0.40100 0.22809 -0.88723
vn -0.00269 0.16317 -0.98659
vn 0.38525 0.24662 -0.88925
vn 0.18942 0.08733 -0.97801
vn 0.54528 0.47867 -0.68814
vn 0.47482 0.12575 -0.87105
vn 0.63431 0.36311 -0.68250
vn -0.17425 0.13673 -0.97516
vn -0.25580 0.09908 -0.96164
vn -0.07078 0.07589 -0.99460
vn 0.47627 0.15612 -0.86533
vn -0.04633 0.74981 -0.66003
vn -0.02514 0.76961 -0.63802
vn -0.00299 0.80163 -0.59781
vn 0.49907 0.62203 -0.60333
vn 0.20967 0.00833 -0.97774
vn -0.39625 0.23679 -0.88708
vn 0.35696 0.08463 -0.93028
vn 0.56113 0.14608 -0.81474
vn 0.52200 0.35546 -0.77535
vn 0.14842 0.04965 -0.98768
vn 0.17223 -0.02389 -0.98477
vn 0.20900 0.03274 -0.97737
vn 0.63189 0.29300 -0.71755
vn 0.11683 -0.01973 -0.99296
vn 0.51124 0.46939 -0.71994
vn -0.56194 -0.01445 -0.82705
vn 0.29022 0.05237 -0.95553
vn -0.33367 0.56105 -0.75756
vn -0.39585 0.29223 -0.87058
vn -0.42364 0.31075 -0.85086
vn -0.45814 0.38608 -0.80066
vn -0.45090 0.35488 -0.81899
vn -0.44053 0.14147 -0.88652
vn -0.29803 0.03114 -0.95405
vn 0.13354 0.77463 -0.61815
vn 0.15304 0.81835 -0.55396
vn 0.11548 0.78282 -0.61144
vn 0.09173 0.76850 -0.63324
vn -0.10783 0.15345 -0.98225
vn 0.16357 0.77328 -0.61261
vn 0.25672 0.07559 -0.96353
vn 0.31877 0.08183 -0.94429
vn 0.21251 0.80007 -0.56100
vn -0.24090 0.60102 -0.76207
vn -0.32968 0.41342 -0.84876
vn -0.15451 0.73560 -0.65956
vn -0.42270 0.41814 -0.80404
vn -0.01388 0.84863 -0.52881
vn 0.26703 0.06913 -0.96120
vn 0.29286 0.05596 -0.95452
vn -0.21057 0.82365 -0.52656
vn -0.46732 0.50569 -0.72518
vn 0.65773 0.43319 -0.61623
vn -0.05515 0.86396 -0.50052
vn -0.07708 0.80325 -0.59064
vn 0.33850 0.69954 -0.62934
vn 0.48485 0.50334 -0.71524
vn 0.58796 0.28534 -0.75689
vn -0.49416 0.25230 -0.83195
vn 0.16880 0.80370 -0.57059
vn 0.27158 -0.03828 -0.96165
vn -0.43023 0.22808 -0.87343
vn -0.53493 0.33223 -0.77684
vn -0.61772 0.21056 -0.75768
vn -0.44241 0.22596 -0.86788
vn -0.28718 0.11313 -0.95117
vn 0.62026 0.25304 -0.74246
vn 0.58184 0.23827 -0.77761
vn 0.52628 0.62118 -0.58066
vn 0.29488 0.79126 -0.53568
vn 0.62510 0.26132 -0.73550
vn -0.33997 0.18764 -0.92153
vn -0.30523 0.55268 -0.77549
vn -0.22641 0.67908 -0.69828
vn -0.41445 0.43647 -0.79858
vn -0.32597 0.63317 -0.70203
vn -0.23431 0.75961 -0.60671
vn -0.15921 0.77080 -0.61687
vn -0.00879 -0.00273 -0.99996
vn 0.04286 -0.04804 -0.99793
vn -0.54946 0.43182 -0.71528
vn 0.28530 0.01794 -0.95827
vn -0.03332 -0.10790 -0.99360
vn -0.57101 0.27178 -0.77465
vn 0.27889 -0.03755 -0.95959
vn 0.23793 -0.02980 -0.97082
vn 0.24471 0.80872 -0.53486
vn 0.35701 0.79958 -0.48292
vn 0.54353 0.42369 -0.72461
vn 0.48725 0.70766 -0.51167
vn -0.38443 0.09353 -0.91840
vn -0.42472 0.04760 -0.90407
vn 0.60556 0.24981 -0.75558
vn 0.55154 0.26975 -0.78933
vn 0.57392 0.22535 -0.78730
vn 0.37875 0.02693 -0.92511
vn 0.66558 0.53941 -0.51579
vn 0.20374 0.82406 -0.52860
vn 0.64266 0.21653 -0.73492
vn -0.50161 0.50892 -0.69956
vn -0.39364 0.13063 -0.90994
vn 0.35319 -0.10865 -0.92922
vn -0.25945 0.13710 -0.95598
vn -0.41372 0.08108 -0.90679
vn 0.50368 -0.01230 -0.86380
vn -0.14101 0.84305 -0.51902
vn -0.54452 0.13284 -0.82816
vn 0.63730 0.30047 -0.70963
vn -0.33479 0.79507 -0.50576
vn 0.51335 0.15217 -0.84458
vn -0.07147 -0.22865 -0.97088
vn 0.25955 0.85893 -0.44144
vn -0.14386 0.85486 -0.49851
vn -0.11005 0.84577 -0.52207
vn 0.80509 0.36691 -0.46605
vn 0.62069 0.13016 -0.77318
vn 0.67683 0.42501 -0.60105
vn 0.76441 0.37251 -0.52623
vn -0.01251 -0.26443 -0.96432
vn -0.36797 0.16551 -0.91499
vn 0.68847 0.20634 -0.69529
vn 0.44499 0.68373 -0.57836
vn 0.58801 0.45610 -0.66799
vn 0.30968 0.80805 -0.50114
vn 0.49308 0.77486 -0.39556
vn 0.29854 -0.11268 -0.94772
vn 0.65464 0.28528 -0.70005
vn -0.06234 0.86843 -0.49188
vn -0.55790 0.61055 -0.56212
vn -0.47910 0.55726 -0.67817
vn -0.35974 0.74630 -0.56002
vn -0.64403 0.16781 -0.74637
vn -0.30230 -0.18228 -0.93562
vn -0.59706 0.25484 -0.76064
vn 0.59254 0.03902 -0.80459
vn 0.77041 0.09314 -0.63071
vn -0.48627 0.71685 -0.49966
vn -0.38617 0.12208 -0.91431
vn -0.56344 0.22099 -0.79605
vn -0.53944 0.30050 -0.78658
vn -0.26912 0.83595 -0.47829
vn -0.62172 0.04337 -0.78204
vn -0.74137 0.20975 -0.63747
vn 0.25872 -0.10638 -0.96008
vn -0.55997 0.26915 -0.78357
vn 0.54353 -0.03026 -0.83884
vn 0.23261 -0.08860 -0.96853
vn 0.10613 -0.11671 -0.98748
vn 0.05365 -0.11524 -0.99189
vn 0.19282 0.85021 -0.48986
vn 0.20186 0.87090 -0.44810
vn -0.63971 0.28873 -0.71233
vn 0.23077 0.86453 -0.44647
vn -0.64679 0.06886 -0.75955
vn -0.47634 0.71831 -0.50709
vn -0.36341 0.82763 -0.42775
vn -0.65332 0.49295 -0.57460
vn 0.70823 0.30818 -0.63517
vn -0.44000 0.25224 -0.86184
vn -0.37514 0.20962 -0.90295
vn -0.36950 0.32266 -0.87142
vn -0.30374 0.28561 -0.90894
vn -0.32019 0.18127 -0.92985
vn -0.29772 0.40433 -0.86480
vn -0.25228 0.30007 -0.91995
vn -0.22765 0.36084 -0.90441
vn -0.20973 0.19602 -0.95791
vn -0.24027 0.22555 -0.94414
vn -0.24834 0.49875 -0.83041
vn -0.20191 0.48151 -0.85286
vn -0.20562 0.35653 -0.91138
vn -0.11472 0.50517 -0.85536
vn -0.16916 0.53553 -0.82740
vn -0.10294 0.52189 -0.84678
vn 0.00626 0.49072 -0.87129
vn -0.02310 0.42398 -0.90538
vn -0.12633 0.41733 -0.89993
vn 0.10356 0.39264 -0.91384
vn 0.16420 0.40520 -0.89936
vn 0.12771 0.49198 -0.86119
vn 0.06713 0.50094 -0.86287
vn 0.00492 0.50507 -0.86307
vn 0.08204 0.25527 -0.96338
vn -0.02772 0.27297 -0.96162
vn 0.12045 0.51383 -0.84939
vn 0.18859 0.43319 -0.88135
vn -0.00809 0.34890 -0.93712
vn 0.21821 0.45435 -0.86368
vn 0.21388 0.54930 -0.80779
vn -0.13055 0.41045 -0.90249
vn 0.17671 0.23637 -0.95546
vn 0.22356 0.31757 -0.92151
vn -0.14365 0.27640 -0.95024
vn -0.14874 0.18825 -0.97079
vn 0.29941 0.45615 -0.83802
vn 0.28929 0.37974 -0.87870
vn 0.06038 0.14266 -0.98793
vn 0.29677 0.19731 -0.93434
vn 0.26558 0.53532 -0.80181
vn 0.29824 0.24719 -0.92193
vn 0.01573 0.11691 -0.99302
vn 0.25771 0.14837 -0.95476
vn 0.20479 0.14736 -0.96765
vn -0.10066 0.15603 -0.98261
vn 0.10824 0.10871 -0.98816
vn 0.14156 0.06141 -0.98802
vn -0.17981 0.55968 -0.80897
vn -0.23240 0.51085 -0.82766
vn -0.24661 0.58166 -0.77515
vn -0.28454 0.31736 -0.90461
vn 0.30994 0.56885 -0.76181
vn 0.29221 0.63033 -0.71923
vn 0.40144 0.37205 -0.83692
vn -0.21147 0.20938 -0.95469
vn -0.16505 0.11504 -0.97955
vn 0.30682 0.59184 -0.74538
vn 0.34651 0.48353 -0.80383
vn 0.36995 0.34273 -0.86352
vn 0.40635 0.33086 -0.85171
vn 0.42431 0.40254 -0.81113
vn 0.35355 0.57387 -0.73870
vn 0.33782 0.17296 -0.92518
vn 0.39925 0.21373 -0.89158
vn 0.31706 0.69998 -0.63992
vn 0.30943 0.63666 -0.70634
vn -0.08358 0.04138 -0.99564
vn 0.15395 0.01083 -0.98802
vn 0.01460 0.01666 -0.99975
vn 0.22849 0.03062 -0.97307
vn 0.08825 -0.01193 -0.99603
vn -0.23506 0.10181 -0.96663
vn -0.17065 0.07941 -0.98213
vn -0.19437 -0.01004 -0.98088
vn 0.45731 0.54139 -0.70552
vn -0.32459 0.00755 -0.94583
vn 0.36515 0.07406 -0.92800
vn 0.30623 0.02152 -0.95172
vn 0.44921 0.19991 -0.87078
vn 0.41770 0.01714 -0.90842
vn -0.20017 0.07226 -0.97709
vn -0.28766 0.56935 -0.77013
vn -0.34796 0.47048 -0.81091
vn 0.49217 0.29560 -0.81877
vn -0.10873 -0.13665 -0.98463
vn 0.20622 -0.17542 -0.96265
vn -0.06197 -0.04095 -0.99724
vn -0.34031 0.43206 -0.83517
vn -0.33464 0.58292 -0.74042
vn -0.47394 0.20458 -0.85646
vn -0.13144 -0.00460 -0.99131
vn -0.14437 -0.02269 -0.98926
vn 0.07960 -0.05902 -0.99508
vn 0.40060 0.57654 -0.71212
vn 0.49919 0.44216 -0.74519
vn 0.35775 0.70768 -0.60926
vn 0.02160 -0.07655 -0.99683
vn 0.14154 -0.04185 -0.98905
vn 0.25530 -0.03421 -0.96626
vn 0.13909 -0.04920 -0.98906
vn 0.23186 -0.06932 -0.97028
vn 0.56761 0.42693 -0.70395
vn 0.60886 0.33362 -0.71972
vn 0.06419 -0.07614 -0.99503
vn 0.10359 -0.07421 -0.99185
vn 0.39596 0.00732 -0.91824
vn 0.53454 0.19909 -0.82136
vn -0.32185 0.66573 -0.67322
vn 0.03232 -0.05973 -0.99769
vn -0.04902 -0.05932 -0.99703
vn 0.02314 -0.08843 -0.99581
vn -0.04103 -0.08103 -0.99587
vn -0.33794 0.06051 -0.93922
vn -0.28224 -0.18150 -0.94202
vn -0.26212 -0.00947 -0.96499
vn -0.22519 -0.10687 -0.96844
vn -0.11944 -0.09968 -0.98782
vn -0.15961 -0.07232 -0.98453
vn -0.42028 0.42909 -0.79953
vn 0.17979 -0.08268 -0.98022
vn -0.42603 0.46346 -0.77698
vn 0.30209 -0.06888 -0.95079
vn 0.08173 -0.09127 -0.99247
vn 0.04190 -0.08452 -0.99554
vn -0.04716 -0.08544 -0.99523
vn 0.00395 -0.08456 -0.99641
vn 0.14523 -0.09035 -0.98526
vn -0.05594 -0.11567 -0.99171
vn -0.35673 0.63242 -0.68759
vn 0.09765 -0.11541 -0.98851
vn 0.02833 -0.15142 -0.98806
vn -0.16028 -0.08026 -0.98380
vn -0.25840 -0.12554 -0.95785
vn 0.40246 -0.10628 -0.90925
vn 0.25242 -0.08684 -0.96371
vn 0.18202 -0.12780 -0.97495
vn 0.33536 -0.14635 -0.93065
vn 0.34882 -0.08174 -0.93362
vn 0.38970 -0.12250 -0.91276
vn 0.42400 -0.12131 -0.89750
vn 0.35364 0.75202 -0.55623
vn 0.47884 0.57300 -0.66512
vn -0.14284 -0.21798 -0.96544
vn -0.43757 0.65163 -0.61960
vn 0.65094 0.25402 -0.71536
vn 0.70506 0.22489 -0.67254
vn -0.53419 0.32629 -0.77986
vn -0.29831 -0.13913 -0.94427
vn -0.55250 0.51168 -0.65798
vn -0.30235 -0.19459 -0.93312
vn -0.26804 -0.21916 -0.93815
vn 0.50078 -0.09772 -0.86004
vn 0.63580 -0.25015 -0.73020
vn 0.57079 0.60451 -0.55567
vn -0.63949 0.06155 -0.76634
vn -0.48700 0.51607 -0.70463
vn -0.39701 0.69939 -0.59433
vn -0.56925 -0.04102 -0.82114
vn 0.65621 0.14055 -0.74137
vn 0.47975 0.78094 -0.39996
vn 0.74833 0.20058 -0.63228
vn 0.84168 0.02210 -0.53952
vn 0.01291 -0.53699 -0.84349
vn -0.57125 0.22826 -0.78840
vn 0.77714 0.17515 -0.60447
vn 0.58396 0.05854 -0.80967
vn 0.64460 0.25492 -0.72077
vn 0.75682 0.34871 -0.55284
vn -0.57165 0.00130 -0.82049
vn 0.75102 0.26613 -0.60427
vn 0.66064 0.12549 -0.74014
vn -0.65756 0.19340 -0.72816
vn -0.68050 0.19659 -0.70589
vn 0.68037 0.23773 -0.69324
vn 0.40897 -0.45285 -0.79226
vn -0.69997 0.09422 -0.70793
vn -0.73201 0.14735 -0.66517
vn -0.41718 0.74912 -0.51456
vn -0.57179 -0.06550 -0.81778
vn 0.32023 0.84316 -0.43190
vn -0.55405 0.04946 -0.83101
vn 0.83473 0.39714 -0.38144
vn 0.77236 0.14868 -0.61754
vn 0.67581 0.13526 -0.72456
vn 0.71385 0.52073 -0.46825
vn 0.58885 0.58062 -0.56226
vn 0.42280 0.80534 -0.41553
vn 0.68706 0.09351 -0.72056
vn 0.55702 0.61509 -0.55802
vn 0.64906 0.38330 -0.65711
vn 0.40853 0.79603 -0.44659
vn -0.41367 -0.22415 -0.88240
vn 0.68951 0.38203 -0.61533
vn 0.69968 0.07335 -0.71068
vn 0.69653 0.12631 -0.70632
vn -0.24849 0.89602 -0.36796
vn 0.72156 0.18634 -0.66681
vn 0.73766 0.38515 -0.55454
vn -0.69332 0.28215 -0.66310
vn 0.82034 0.08199 -0.56597
vn -0.19425 0.89310 -0.40576
vn -0.54114 -0.09988 -0.83498
vn -0.58282 -0.22727 -0.78017
vn -0.68086 0.03328 -0.73166
vn -0.56663 0.59495 -0.57006
vn 0.23755 0.88837 -0.39291
vn 0.35034 0.87923 -0.32283
vn 0.69281 -0.16644 -0.70165
vn -0.12918 0.89270 -0.43174
vn -0.13265 0.89617 -0.42342
vn -0.72948 0.24521 -0.63854
vn -0.41546 0.80193 -0.42931
vn -0.64577 0.40076 -0.64990
vn -0.55091 0.68842 -0.47178
vn 0.56247 -0.39419 -0.72680
vn 0.66053 0.49754 -0.56228
vn 0.56177 0.70214 -0.43751
vn 0.78186 0.23595 -0.57708
vn 0.76610 0.07634 -0.63817
vn 0.29323 0.86633 -0.40432
vn -0.72455 0.45020 -0.52186
vn -0.39263 0.83428 -0.38707
vn 0.25287 0.90331 -0.34654
vn -0.37240 -0.44568 -0.81406
vn 0.80889 0.25287 -0.53081
vn 0.93961 -0.16103 -0.30200
vn 0.37267 0.87986 -0.29488
vn -0.06550 -0.50161 -0.86261
vn 0.27589 -0.50875 -0.81551
vn 0.80981 0.34219 -0.47657
vn 0.72803 0.09084 -0.67950
vn -0.68291 0.37525 -0.62675
vn -0.54012 0.71117 -0.45002
vn -0.47356 0.70058 -0.53379
vn -0.57725 0.51455 -0.63405
vn -0.43795 0.77762 -0.45111
vn -0.54789 -0.35058 -0.75955
vn 0.42914 0.82412 -0.36968
vn -0.67423 0.16054 -0.72086
vn 0.77120 0.05963 -0.63380
vn 0.75841 0.47612 -0.44511
vn -0.75581 0.50468 -0.41720
vn 0.38421 0.89201 -0.23811
vn -0.61305 0.65230 -0.44572
vn -0.33201 0.89881 -0.28620
vn -0.22416 0.92010 -0.32119
vn -0.58415 0.57249 -0.57535
vn -0.49446 0.74445 -0.44867
vn 0.87477 0.30960 -0.37274
vn -0.23926 0.92219 -0.30384
vn 0.36169 0.87853 -0.31204
vn 0.71697 0.53389 -0.44824
vn 0.56396 0.75450 -0.33567
vn 0.41345 0.86696 -0.27828
vn 0.88735 0.29078 -0.35785
vn 0.88647 0.24355 -0.39351
vn 0.76268 0.02057 -0.64644
vn -0.88855 0.16058 -0.42976
vn -0.81553 0.36207 -0.45146
vn -0.91096 0.24802 -0.32960
vn 0.65455 0.70824 -0.26452
vn 0.88984 0.30437 -0.33991
vn -0.78141 -0.14191 -0.60767
vn 0.83737 0.43445 -0.33175
vn 0.48220 0.82001 -0.30834
vn 0.56677 0.78727 -0.24286
vn -0.80014 0.19676 -0.56662
vn -0.82771 0.23843 -0.50798
vn -0.81445 0.28262 -0.50675
vn -0.83808 0.28315 -0.46630
vn -0.74710 -0.07428 -0.66055
vn -0.71279 -0.25080 -0.65501
vn -0.81262 0.35980 -0.45846
vn 0.35172 0.90623 -0.23460
vn 0.28229 0.92543 -0.25275
vn -0.59356 0.74982 -0.29232
vn -0.49659 0.80150 -0.33316
vn 0.84898 0.35130 -0.39475
vn -0.77415 0.14216 -0.61683
vn 0.57857 0.73914 -0.34486
vn 0.41641 0.88458 -0.21006
vn 0.89289 0.23921 -0.38147
vn -0.24901 -0.60928 -0.75284
vn -0.03558 -0.69365 -0.71943
vn 0.63974 0.72120 -0.26571
vn 0.91834 0.16901 -0.35790
vn -0.63937 0.61438 -0.46232
vn -0.52505 0.78226 -0.33526
vn 0.89892 0.37556 -0.22562
vn 0.33274 0.91922 -0.21054
vn 0.85556 0.04511 -0.51574
vn 0.83548 0.50380 -0.21946
vn -0.78958 0.39515 -0.46950
vn 0.89692 0.35344 -0.26572
vn -0.59239 0.73906 -0.32073
vn -0.66096 0.70381 -0.26035
vn 0.77038 0.61853 -0.15467
vn 0.45529 0.86843 -0.19633
vn -0.85325 -0.02468 -0.52092
vn -0.70544 -0.25804 -0.66013
vn 0.81472 0.54009 -0.21103
vn 0.84013 0.00792 -0.54233
vn -0.52060 0.79481 -0.31185
vn 0.91260 0.27459 -0.30292
vn 0.64318 0.75545 -0.12500
vn -0.73809 0.63148 -0.23761
vn -0.88873 0.23904 -0.39119
vn -0.53446 0.83024 -0.15828
vn 0.81190 0.56652 -0.14099
vn 0.59917 0.79302 -0.11012
vn 0.97599 0.10383 -0.19147
vn 0.45665 0.88656 -0.07402
vn -0.39518 0.90842 -0.13640
vn 0.90066 0.01497 -0.43426
vn -0.92478 0.08302 -0.37134
vn 0.89377 0.35513 -0.27396
vn -0.45281 0.85979 -0.23606
vn -0.51676 0.82796 -0.21783
vn -0.87601 0.30235 -0.37576
vn -0.72287 0.65275 -0.22666
vn -0.83761 0.02786 -0.54555
vn 0.91909 0.13884 -0.36879
vn 0.91660 0.01487 -0.39952
vn 0.52740 0.84734 -0.06210
vn 0.66982 0.73933 -0.06881
vn 0.87394 0.43676 -0.21324
vn -0.77010 0.61143 -0.18194
vn 0.54419 0.83601 -0.07038
vn 0.96165 0.14034 -0.23565
vn 0.41038 0.90529 -0.10975
vn 0.90880 0.34070 -0.24085
vn -0.41681 0.90317 -0.10272
vn -0.89478 0.38626 -0.22398
vn 0.94549 0.21865 -0.24134
vn 0.42693 0.90030 -0.08481
vn -0.76788 -0.30605 -0.56276
vn 0.66230 0.74328 0.09429
vn 0.93606 -0.00779 -0.35175
vn -0.88173 0.41995 -0.21492
vn 0.80805 0.58665 0.05380
vn 0.92353 0.37680 -0.07151
vn 0.74837 0.66325 -0.00685
vn -0.70822 0.66607 -0.23402
vn -0.62886 0.77262 -0.08718
vn -0.66559 0.74343 -0.06560
vn 0.59455 0.80405 -0.00306
vn 0.92666 0.35259 -0.13034
vn 0.93680 0.32340 -0.13350
vn 0.86039 0.50825 0.03747
vn 0.93707 0.08614 -0.33834
vn -0.87649 -0.23325 -0.42114
vn -0.85906 -0.24830 -0.44763
vn -0.48717 0.87193 -0.04904
vn -0.83474 -0.26408 -0.48319
vn 0.96396 -0.05432 -0.26043
vn 0.55493 0.80754 0.19983
vn 0.78766 0.61525 -0.03258
vn 0.69763 0.71645 -0.00346
vn 0.60288 0.79782 0.00406
vn 0.52076 0.85279 0.03943
vn 0.98501 0.11707 -0.12667
vn 0.98628 -0.04579 -0.15861
vn -0.78291 -0.45749 -0.42160
vn 0.75940 -0.26734 -0.59316
vn 0.80296 -0.49467 -0.33250
vn 0.51170 -0.51164 -0.69021
vn 0.46487 -0.23353 -0.85403
vn 0.32539 -0.42653 -0.84391
vn 0.76116 -0.15886 -0.62880
vn 0.49261 -0.13686 -0.85942
vn 0.66298 -0.07631 -0.74473
vn 0.44576 -0.09014 -0.89060
vn 0.43081 -0.00023 -0.90244
vn 0.67540 -0.01337 -0.73733
vn 0.36342 -0.06950 -0.92903
vn 0.34418 -0.20227 -0.91685
vn 0.35663 -0.14459 -0.92299
vn 0.33097 -0.10569 -0.93770
vn 0.36638 0.04556 -0.92935
vn 0.30232 -0.21067 -0.92963
vn 0.27786 -0.29286 -0.91489
vn 0.29085 -0.02473 -0.95645
vn 0.27483 -0.14342 -0.95074
vn 0.27599 -0.08111 -0.95773
vn 0.25156 -0.15811 -0.95484
vn 0.26751 -0.12919 -0.95486
vn 0.25454 -0.07008 -0.96452
vn 0.25265 -0.24413 -0.93625
vn 0.24062 -0.23030 -0.94290
vn 0.26692 -0.00571 -0.96370
vn 0.26070 0.04510 -0.96437
vn 0.24247 -0.31462 -0.91773
vn 0.21910 -0.28965 -0.93172
vn 0.26156 -0.21160 -0.94171
vn 0.27994 -0.12560 -0.95177
vn 0.20124 -0.28326 -0.93769
vn 0.25658 -0.19085 -0.94749
vn 0.26513 -0.02240 -0.96395
vn 0.23456 -0.01466 -0.97199
vn 0.29693 0.00576 -0.95488
vn 0.20857 -0.14918 -0.96656
vn 0.20063 -0.34559 -0.91669
vn 0.23850 0.04123 -0.97027
vn 0.23410 0.02270 -0.97195
vn 0.23127 -0.35864 -0.90438
vn 0.23929 -0.33604 -0.91094
vn 0.26466 -0.30561 -0.91464
vn 0.17263 -0.30385 -0.93695
vn 0.17776 -0.02981 -0.98362
vn 0.13577 -0.12144 -0.98327
vn 0.18983 0.08724 -0.97793
vn 0.20548 -0.36824 -0.90674
vn 0.19484 -0.42453 -0.88420
vn 0.11889 -0.36138 -0.92481
vn 0.12090 -0.35713 -0.92620
vn 0.28559 0.10818 -0.95223
vn 0.18051 -0.46512 -0.86665
vn 0.11029 -0.20737 -0.97203
vn 0.24947 0.11116 -0.96198
vn 0.24511 0.18941 -0.95081
vn 0.18714 -0.45157 -0.87239
vn 0.10608 -0.42070 -0.90098
vn 0.14844 -0.20427 -0.96759
vn 0.17726 -0.50689 -0.84359
vn 0.13633 -0.46659 -0.87390
vn 0.14629 -0.48867 -0.86012
vn 0.11082 -0.47452 -0.87324
vn 0.12753 -0.52821 -0.83949
vn 0.09709 -0.50598 -0.85706
vn 0.16392 -0.50766 -0.84582
vn 0.20385 -0.52451 -0.82664
vn 0.16066 -0.55076 -0.81906
vn 0.15504 -0.30937 -0.93822
vn 0.11907 -0.14405 -0.98238
vn 0.12536 -0.17269 -0.97697
vn 0.09417 -0.15601 -0.98326
vn 0.12104 -0.44879 -0.88540
vn 0.05126 -0.30235 -0.95182
vn 0.01857 -0.16938 -0.98538
vn 0.12793 -0.47669 -0.86972
vn 0.02892 -0.23512 -0.97154
vn 0.01709 -0.25840 -0.96589
vn -0.00832 -0.09687 -0.99526
vn -0.01398 -0.33887 -0.94073
vn -0.02326 -0.29395 -0.95554
vn -0.01532 -0.32867 -0.94432
vn -0.02798 -0.11822 -0.99259
vn 0.04020 -0.44508 -0.89459
vn 0.03596 -0.50141 -0.86446
vn -0.05683 -0.25823 -0.96441
vn -0.05657 -0.08593 -0.99469
vn -0.07488 -0.19394 -0.97815
vn 0.01885 -0.47782 -0.87826
vn -0.06095 0.05990 -0.99634
vn 0.01815 -0.44570 -0.89500
vn -0.05220 -0.01102 -0.99858
vn -0.04774 -0.20435 -0.97773
vn -0.03680 -0.12640 -0.99130
vn -0.06099 -0.23871 -0.96917
vn -0.08370 -0.17370 -0.98123
vn -0.10669 -0.06585 -0.99211
vn -0.05109 -0.03115 -0.99821
vn -0.01969 0.03401 -0.99923
vn -0.03712 -0.30920 -0.95027
vn -0.04996 -0.34747 -0.93636
vn -0.08254 -0.24762 -0.96534
vn -0.04442 -0.39892 -0.91591
vn -0.11482 -0.15479 -0.98125
vn -0.14500 -0.20282 -0.96842
vn -0.02063 -0.37316 -0.92754
vn -0.02893 -0.34663 -0.93755
vn -0.05051 -0.35719 -0.93266
vn -0.00151 -0.46399 -0.88584
vn -0.02387 -0.49945 -0.86602
vn -0.02575 -0.47322 -0.88057
vn -0.18612 -0.21796 -0.95805
vn -0.20929 -0.36190 -0.90842
vn 0.02752 -0.54087 -0.84066
vn -0.23213 -0.16467 -0.95864
vn 0.12576 -0.53700 -0.83415
vn 0.14776 -0.53858 -0.82952
vn 0.11216 -0.54308 -0.83216
vn -0.16818 -0.10583 -0.98006
vn -0.06588 -0.57590 -0.81486
vn 0.01391 -0.53707 -0.84342
vn 0.01435 -0.52996 -0.84790
vn 0.02157 -0.53245 -0.84619
vn 0.06038 -0.50838 -0.85901
vn 0.05991 -0.51419 -0.85558
vn 0.01484 -0.59625 -0.80266
vn -0.01385 -0.53617 -0.84399
vn -0.00972 -0.56530 -0.82483
vn -0.11865 -0.01730 -0.99279
vn 0.15480 -0.56099 -0.81322
vn -0.16424 -0.02399 -0.98613
vn 0.08768 -0.59107 -0.80184
vn -0.08137 0.05458 -0.99519
vn -0.09601 0.04725 -0.99426
vn -0.31261 -0.11066 -0.94341
vn -0.33863 -0.00332 -0.94091
vn -0.29344 0.04327 -0.95500
vn -0.15811 0.06289 -0.98542
vn -0.43265 -0.16046 -0.88717
vn -0.46941 -0.29010 -0.83396
vn 0.02203 -0.56970 -0.82156
vn 0.03414 -0.57369 -0.81836
vn 0.07915 -0.59165 -0.80230
vn -0.52226 -0.09766 -0.84718
vn 0.03012 -0.62758 -0.77797
vn 0.01364 -0.59911 -0.80055
vn -0.00254 -0.60258 -0.79805
vn 0.14675 -0.62642 -0.76555
vn 0.27605 -0.63371 -0.72264
vn 0.11954 -0.62001 -0.77544
vn 0.05909 -0.62181 -0.78093
vn 0.02922 -0.59804 -0.80093
vn 0.06382 -0.62537 -0.77771
vn 0.06879 -0.63011 -0.77345
vn 0.04659 -0.63029 -0.77496
vn 0.10683 -0.64441 -0.75718
vn 0.09554 -0.63718 -0.76477
vn 0.09454 -0.65590 -0.74891
vn -0.28546 -0.59877 -0.74833
vn 0.04780 -0.65109 -0.75750
vn 0.09341 -0.64118 -0.76169
vn 0.05247 -0.63642 -0.76956
vn 0.09746 -0.67273 -0.73344
vn 0.09337 -0.71720 -0.69059
vn 0.02071 -0.65089 -0.75889
vn 0.10733 -0.68059 -0.72476
vn 0.09487 -0.64464 -0.75858
vn 0.04180 -0.67695 -0.73484
vn 0.10612 -0.71891 -0.68695
vn 0.03411 -0.66201 -0.74871
vn 0.03081 -0.65850 -0.75195
vn 0.00650 -0.66142 -0.74998
vn 0.04753 -0.69451 -0.71791
vn 0.05236 -0.67493 -0.73602
vn 0.03455 -0.68562 -0.72714
vn 0.04424 -0.72457 -0.68777
vn 0.04551 -0.72581 -0.68639
vn 0.03577 -0.69657 -0.71659
vn 0.02220 -0.69831 -0.71545
vn 0.03108 -0.71462 -0.69883
vn 0.03276 -0.71358 -0.69981
vn 0.04193 -0.73893 -0.67248
vn 0.20591 -0.74794 -0.63103
vn 0.07855 -0.68209 -0.72704
vn -0.54270 -0.01472 -0.83980
vn 0.09779 -0.71359 -0.69370
vn 0.11068 -0.73078 -0.67358
vn 0.06000 -0.69712 -0.71443
vn 0.02837 -0.65288 -0.75693
vn 0.03787 -0.67321 -0.73848
vn 0.04842 -0.68540 -0.72655
vn 0.04628 -0.68076 -0.73104
vn 0.05610 -0.68375 -0.72756
vn 0.03975 -0.74309 -0.66801
vn 0.07055 -0.71460 -0.69596
vn 0.07898 -0.72679 -0.68231
vn 0.10464 -0.73998 -0.66444
vn 0.07304 -0.74336 -0.66489
vn 0.03663 -0.73692 -0.67499
vn 0.03057 -0.74025 -0.67163
vn 0.07800 -0.71027 -0.69959
vn 0.04820 -0.73335 -0.67814
vn 0.05046 -0.72779 -0.68394
vn -0.03567 -0.77969 -0.62515
vn 0.06339 -0.74941 -0.65906
vn 0.03499 -0.75283 -0.65728
vn 0.07006 -0.73135 -0.67840
vn 0.06233 -0.74251 -0.66693
vn 0.03018 -0.74646 -0.66474
vn 0.04343 -0.73786 -0.67356
vn 0.04691 -0.75835 -0.65015
vn 0.10734 -0.73337 -0.67130
vn 0.10158 -0.76637 -0.63432
vn 0.09519 -0.76597 -0.63579
vn 0.08618 -0.77351 -0.62789
vn 0.04119 -0.77741 -0.62764
vn 0.04802 -0.79635 -0.60293
vn 0.04502 -0.76706 -0.63999
vn 0.04833 -0.76197 -0.64581
vn 0.04242 -0.77134 -0.63500
vn 0.03408 -0.78531 -0.61817
vn 0.04379 -0.77715 -0.62778
vn 0.03166 -0.77887 -0.62638
vn 0.03695 -0.79471 -0.60586
vn 0.05817 -0.76075 -0.64643
vn 0.05460 -0.76449 -0.64231
vn -0.56809 -0.48771 -0.66288
vn 0.06287 -0.78208 -0.62000
vn 0.08231 -0.79507 -0.60090
vn 0.07612 -0.76784 -0.63611
vn 0.08897 -0.78431 -0.61395
vn 0.04319 -0.80559 -0.59090
vn 0.06009 -0.76934 -0.63601
vn 0.04811 -0.80781 -0.58748
vn 0.09017 -0.78708 -0.61022
vn 0.04265 -0.79577 -0.60410
vn 0.05429 -0.77737 -0.62669
vn 0.06700 -0.77785 -0.62487
vn 0.04728 -0.79770 -0.60120
vn 0.09968 -0.78720 -0.60859
vn 0.04664 -0.81155 -0.58242
vn 0.04335 -0.81285 -0.58086
vn 0.03918 -0.83243 -0.55274
vn 0.04405 -0.81142 -0.58281
vn 0.03888 -0.82654 -0.56154
vn 0.06637 -0.84377 -0.53259
vn -0.26987 -0.78821 -0.55308
vn 0.03292 -0.80223 -0.59610
vn 0.04671 -0.82207 -0.56747
vn 0.01637 -0.82593 -0.56354
vn 0.04253 -0.83345 -0.55096
vn 0.01597 -0.83285 -0.55327
vn 0.05781 -0.83765 -0.54313
vn 0.58169 -0.70473 -0.40620
vn 0.32576 -0.84749 -0.41910
vn 0.86316 0.03326 -0.50384
vn -0.48777 -0.73892 -0.46484
vn 0.92952 -0.08974 -0.35768
vn 0.97392 -0.06941 -0.21601
vn 0.96547 -0.17141 -0.19617
vn -0.73617 -0.03685 -0.67580
vn -0.75319 0.01996 -0.65750
vn -0.73282 0.03840 -0.67934
vn -0.74028 -0.07588 -0.66800
vn -0.76389 -0.00301 -0.64535
vn -0.75672 -0.07084 -0.64989
vn -0.73231 -0.08371 -0.67580
vn -0.72236 -0.00666 -0.69149
vn -0.70935 -0.07298 -0.70107
vn -0.72968 -0.10419 -0.67581
vn -0.66596 -0.08528 -0.74110
vn -0.75099 -0.14496 -0.64420
vn -0.73860 -0.16319 -0.65410
vn -0.70498 -0.03177 -0.70851
vn -0.66755 -0.10489 -0.73714
vn -0.71026 -0.11025 -0.69525
vn -0.73217 -0.18037 -0.65681
vn -0.70129 -0.20711 -0.68213
vn -0.65936 -0.17560 -0.73104
vn -0.77117 -0.07938 -0.63166
vn -0.77304 0.03760 -0.63324
vn -0.78705 -0.07343 -0.61250
vn -0.79340 0.02380 -0.60823
vn -0.78195 -0.15130 -0.60471
vn -0.83906 -0.04638 -0.54207
vn -0.76490 -0.20692 -0.61002
vn -0.74167 -0.21752 -0.63452
vn -0.84915 -0.15812 -0.50393
vn -0.83066 -0.18408 -0.52547
vn -0.76102 0.07306 -0.64461
vn -0.82612 -0.24402 -0.50792
vn -0.77181 -0.31737 -0.55098
vn -0.71832 -0.25866 -0.64584
vn -0.72038 -0.28413 -0.63271
vn -0.67589 -0.27491 -0.68381
vn -0.74360 -0.31012 -0.59236
vn -0.63194 -0.18247 -0.75323
vn -0.59444 -0.06137 -0.80179
vn -0.60048 -0.12078 -0.79047
vn -0.67353 -0.01115 -0.73907
vn -0.71782 0.09059 -0.69031
vn -0.73169 0.10097 -0.67411
vn -0.63952 0.07207 -0.76539
vn -0.56346 0.00151 -0.82614
vn -0.77416 0.13888 -0.61757
vn -0.79944 0.14661 -0.58258
vn -0.83043 0.08300 -0.55091
vn -0.90114 -0.00385 -0.43350
vn -0.74028 0.16219 -0.65245
vn -0.63527 0.19110 -0.74827
vn -0.70365 0.22716 -0.67326
vn -0.67917 0.22633 -0.69821
vn -0.52607 -0.07324 -0.84728
vn -0.62826 -0.31078 -0.71323
vn -0.59329 -0.24645 -0.76633
vn -0.55721 -0.17772 -0.81113
vn -0.72475 0.25336 -0.64073
vn -0.92268 -0.08181 -0.37680
vn -0.74361 -0.38443 -0.54704
vn -0.77616 0.26322 -0.57297
vn -0.79679 0.25570 -0.54749
vn -0.88572 0.11684 -0.44927
vn -0.86879 0.23029 -0.43838
vn -0.83090 0.28215 -0.47958
vn -0.68897 0.34138 -0.63936
vn -0.49194 0.11867 -0.86250
vn -0.69664 0.35911 -0.62108
vn -0.44589 -0.04814 -0.89379
vn -0.45526 -0.13108 -0.88065
vn -0.43884 0.01448 -0.89845
vn -0.65947 -0.34573 -0.66751
vn -0.70227 -0.34846 -0.62080
vn -0.87366 -0.29112 -0.38984
vn -0.92270 -0.16746 -0.34726
vn -0.64812 -0.40515 -0.64482
vn -0.72804 -0.38158 -0.56952
vn -0.50459 -0.33889 -0.79406
vn -0.96182 -0.03301 -0.27169
vn -0.54234 0.22235 -0.81020
vn -0.57943 0.40582 -0.70680
vn -0.58417 -0.38785 -0.71297
vn -0.61601 0.39491 -0.68160
vn -0.95317 0.17491 -0.24671
vn -0.99227 0.06478 -0.10582
vn -0.64596 0.40917 -0.64445
vn -0.81178 -0.41622 -0.40961
vn -0.98024 -0.08331 -0.17939
vn -0.36789 -0.27950 -0.88687
vn -0.67399 -0.42359 -0.60523
vn -0.69811 -0.42782 -0.57412
vn -0.61430 -0.43188 -0.66039
vn -0.74689 -0.41366 -0.52061
vn -0.78698 -0.44966 -0.42246
vn -0.91246 -0.33263 -0.23825
vn -0.76352 -0.45293 -0.46033
vn -0.65704 -0.45225 -0.60314
vn -0.62417 -0.46756 -0.62594
vn -0.70500 -0.45180 -0.54667
vn -0.66534 -0.43552 -0.60634
vn -0.72118 -0.41260 -0.55647
vn -0.74801 -0.29086 -0.59656
vn -0.77472 -0.41671 -0.47557
vn -0.87874 -0.21750 -0.42485
vn -0.81573 0.01330 -0.57829
vn -0.71610 -0.03503 -0.69712
vn -0.65429 -0.32081 -0.68482
vn -0.92929 0.18931 -0.31714
vn -0.61899 -0.08914 -0.78033
vn -0.54483 -0.39624 -0.73902
vn -0.58988 -0.47650 -0.65191
vn -0.50138 -0.54667 -0.67065
vn -0.64688 0.24936 -0.72067
vn -0.66835 0.28203 -0.68831
vn -0.71755 0.30923 -0.62410
vn -0.57125 0.22826 -0.78840
vn -0.53818 -0.45622 -0.70868
vn -0.55755 -0.49208 -0.66857
vn -0.44754 -0.43714 -0.78014
vn -0.46735 -0.20521 -0.85993
vn -0.47394 0.20458 -0.85646
vn -0.57619 -0.49359 -0.65144
vn -0.36932 -0.52473 -0.76698
vn -0.86367 -0.42878 -0.26499
vn -0.82081 -0.47238 -0.32112
vn -0.79290 0.34485 -0.50238
vn -0.47459 -0.53953 -0.69546
vn -0.38797 -0.62072 -0.68131
vn -0.37659 -0.50915 -0.77391
vn -0.97024 -0.21950 -0.10224
vn -0.99792 -0.05207 -0.03793
vn -0.86048 -0.45564 -0.22797
vn -0.85193 -0.49484 -0.17131
vn -0.94813 -0.29579 0.11641
vn -0.30602 -0.38433 -0.87100
vn -0.31474 -0.60529 -0.73114
vn -0.32459 0.00755 -0.94583
vn -0.28405 -0.29817 -0.91127
vn -0.22043 -0.50011 -0.83744
vn -0.28009 -0.12192 -0.95220
vn -0.29824 0.04760 -0.95330
vn -0.27229 -0.05058 -0.96088
vn -0.34404 0.13118 -0.92975
vn -0.33131 0.23581 -0.91358
vn -0.45657 0.39178 -0.79878
vn -0.83719 -0.54586 0.03396
vn -0.28454 0.31736 -0.90461
vn -0.15609 -0.26169 -0.95245
vn -0.84890 -0.50429 0.15832
vn -0.06550 -0.50161 -0.86261
vn -0.10873 -0.13665 -0.98463
vn -0.14292 -0.61597 -0.77470
vn -0.07499 -0.08409 -0.99363
vn -0.09900 -0.20220 -0.97433
vn -0.08203 -0.41874 -0.90440
vn -0.14703 0.05405 -0.98765
vn -0.91126 -0.39462 0.11779
vn -0.88137 -0.44512 0.15828
vn -0.99536 -0.05711 0.07748
vn -0.96038 0.09600 0.26163
vn -0.18145 -0.66344 -0.72590
vn 0.04370 -0.36364 -0.93051
vn -0.16409 0.17287 -0.97118
vn -0.57725 0.51455 -0.63405
vn -0.48700 0.51607 -0.70463
vn -0.82289 -0.50270 0.26485
vn -0.58415 0.57249 -0.57535
vn -0.63937 0.61438 -0.46232
vn -0.98534 0.08290 0.14910
vn -0.76926 0.49305 -0.40637
vn -0.87939 0.45539 -0.13891
vn -0.05592 0.12469 -0.99062
vn 0.05047 0.02917 -0.99830
vn 0.04337 -0.47750 -0.87756
vn 0.02811 -0.60620 -0.79481
vn -0.10178 0.29552 -0.94990
vn -0.93237 -0.02693 0.36050
vn -0.93392 -0.16607 0.31658
vn 0.08856 -0.66339 -0.74301
vn -0.70822 0.66607 -0.23402
vn 0.94435 0.04106 0.32638
vn 0.91468 0.20643 0.34749
vn 0.84445 0.12137 0.52171
vn 0.97471 0.07083 0.21194
vn 0.86184 0.05203 0.50450
vn 0.83688 0.18039 0.51680
vn 0.95566 0.00876 0.29434
vn 0.84832 0.02178 0.52904
vn 0.94704 0.03164 0.31954
vn 0.84843 0.06035 0.52586
vn 0.95778 0.11645 0.26288
vn 0.79552 0.19042 0.57523
vn 0.91046 0.31555 0.26739
vn 0.96632 0.23071 0.11405
vn 0.93563 0.25055 0.24862
vn 0.86996 0.20420 0.44886
vn 0.74149 0.17830 0.64683
vn 0.73721 0.08378 0.67045
vn 0.85896 0.27429 0.43237
vn 0.93507 0.30724 0.17680
vn 0.73747 0.14580 0.65946
vn 0.74991 0.23405 0.61876
vn 0.73069 0.03335 0.68189
vn 0.91195 0.32424 0.25143
vn 0.82560 0.26451 0.49842
vn 0.83875 0.27700 0.46880
vn 0.69139 0.20685 0.69224
vn 0.71386 0.22986 0.66149
vn 0.66378 0.13178 0.73623
vn 0.69956 0.05796 0.71222
vn 0.70003 0.02099 0.71380
vn 0.62504 0.14898 0.76624
vn 0.67895 0.18641 0.71013
vn 0.79925 0.18646 0.57135
vn 0.90899 0.25660 0.32846
vn 0.88807 0.20954 0.40916
vn 0.83333 0.18767 0.51995
vn 0.69734 0.12235 0.70622
vn 0.83099 0.14533 0.53697
vn 0.64995 0.06701 0.75702
vn 0.63878 0.13200 0.75798
vn 0.80912 0.11540 0.57621
vn 0.74630 0.23516 0.62269
vn 0.87139 0.23994 0.42792
vn 0.92165 0.15060 0.35761
vn 0.65046 0.14342 0.74588
vn 0.85198 0.41650 0.31727
vn 0.71939 0.46499 0.51601
vn 0.60491 0.10542 0.78928
vn 0.60179 0.30412 0.73848
vn 0.63963 0.17271 0.74903
vn 0.75344 0.25263 0.60705
vn 0.72769 0.19155 0.65862
vn 0.80099 0.30745 0.51371
vn 0.76614 0.18808 0.61453
vn 0.69684 0.11881 0.70731
vn 0.74845 0.14292 0.64761
vn 0.79507 0.17107 0.58189
vn 0.80244 0.13476 0.58132
vn 0.78913 0.18118 0.58689
vn 0.70443 0.29253 0.64669
vn 0.82227 0.14358 0.55068
vn 0.83325 0.14096 0.53462
vn 0.78403 0.26657 0.56057
vn 0.83287 0.20380 0.51458
vn 0.80336 0.29186 0.51906
vn 0.75887 0.34397 0.55300
vn 0.81999 0.22006 0.52838
vn 0.85546 0.16051 0.49237
vn 0.66869 0.15722 0.72672
vn 0.85016 0.24670 0.46515
vn 0.68517 0.18931 0.70335
vn 0.66610 0.25865 0.69957
vn 0.63469 0.12814 0.76207
vn 0.62213 0.27780 0.73197
vn 0.86560 0.22462 0.44752
vn 0.74343 0.43502 0.50800
vn 0.61084 0.16497 0.77438
vn 0.81593 0.34572 0.46340
vn 0.88483 0.18825 0.42620
vn 0.82539 0.37118 0.42539
vn 0.59895 0.11442 0.79257
vn 0.60208 0.04565 0.79713
vn 0.60585 0.04686 0.79420
vn 0.89009 0.23541 0.39028
vn 0.95158 0.14966 0.26851
vn 0.93050 0.21154 0.29904
vn 0.77011 0.46522 0.43647
vn 0.69990 0.47623 0.53230
vn 0.86643 0.35597 0.35012
vn 0.90525 0.22805 0.35850
vn 0.89026 0.30302 0.34004
vn 0.82026 0.39322 0.41539
vn 0.82510 0.44638 0.34633
vn 0.92734 0.19086 0.32189
vn 0.91377 0.31671 0.25441
vn 0.92955 0.24519 0.27537
vn 0.77349 0.49832 0.39165
vn 0.81481 0.46201 0.35018
vn 0.92427 0.32558 0.19928
vn 0.94550 0.24485 0.21464
vn 0.89026 0.37853 0.25326
vn 0.91946 0.37613 0.11453
vn 0.80864 0.50440 0.30279
vn 0.73936 0.55726 0.37790
vn 0.61100 0.56314 0.55637
vn 0.58218 0.45758 0.67207
vn 0.96126 0.19119 0.19854
vn 0.56463 0.15983 0.80972
vn 0.97593 0.19865 0.09003
vn 0.77129 0.59705 0.22057
vn 0.58479 0.11801 0.80255
vn 0.58549 0.21706 0.78108
vn 0.56917 0.40587 0.71506
vn 0.56583 0.45733 0.68606
vn 0.55050 0.03597 0.83406
vn 0.56708 0.00465 0.82365
vn 0.53198 0.16690 0.83014
vn 0.59835 0.47414 0.64589
vn 0.44511 0.09074 0.89087
vn 0.53062 0.01933 0.84739
vn 0.84668 0.49525 0.19458
vn 0.50098 0.15124 0.85214
vn 0.80726 0.56204 0.18013
vn 0.94059 0.29979 0.15941
vn 0.96659 0.25448 -0.03069
vn 0.94872 0.31568 0.01648
vn 0.52341 0.10495 0.84559
vn 0.54006 0.10883 0.83456
vn 0.68563 0.63538 0.35524
vn 0.53382 0.06414 0.84316
vn 0.50532 0.11330 0.85546
vn 0.51106 0.12130 0.85094
vn 0.49781 0.12862 0.85769
vn 0.99700 0.01894 0.07508
vn 0.99785 -0.02864 0.05896
vn 0.50196 0.07466 0.86166
vn 0.80805 0.58665 0.05380
vn 0.94917 0.31409 0.02055
vn 0.46645 0.05663 0.88274
vn 0.46509 0.37420 0.80229
vn 0.49294 0.18999 0.84907
vn 0.47335 0.11194 0.87373
vn 0.47293 0.09119 0.87637
vn 0.46652 0.05827 0.88259
vn 0.34433 -0.06054 0.93689
vn 0.43996 0.18891 0.87792
vn 0.55411 0.26589 0.78884
vn 0.69480 0.51586 0.50114
vn 0.55084 0.11988 0.82596
vn 0.82457 0.14360 0.54724
vn 0.37507 -0.10149 0.92142
vn 0.57761 0.73687 0.35128
vn 0.43619 0.14836 0.88754
vn 0.45410 0.02788 0.89051
vn 0.99659 -0.05728 0.05944
vn 0.98041 0.18797 0.05883
vn 0.96430 0.26278 0.03263
vn 0.92353 0.37680 -0.07151
vn 0.76514 0.62457 0.15647
vn 0.68914 0.66523 0.28732
vn 0.62499 0.66936 0.40169
vn 0.59964 0.64988 0.46700
vn 0.50211 0.60157 0.62129
vn 0.43989 0.58652 0.68007
vn 0.87153 0.47683 0.11430
vn 0.93864 0.34451 0.01641
vn 0.96696 0.25383 -0.02365
vn 0.96109 0.23574 0.14398
vn 0.96857 0.24791 -0.02008
vn 0.98162 0.18390 -0.05107
vn 0.86039 0.50825 0.03747
vn 0.66230 0.74328 0.09429
vn 0.76298 0.62448 0.16700
vn 0.68695 0.69806 0.20203
vn 0.97942 0.19803 -0.03897
vn 0.90789 0.41839 0.02635
vn 0.95444 0.29627 0.03554
vn 0.49381 0.63888 0.58990
vn 0.37311 0.17422 0.91128
vn 0.65676 0.72355 0.21247
vn 0.81190 0.56652 -0.14099
vn 0.93680 0.32340 -0.13350
vn 0.55493 0.80754 0.19983
vn 0.62206 0.74919 0.22748
vn 0.92666 0.35259 -0.13034
vn 0.69541 0.70742 0.12635
vn 0.70808 0.70312 0.06512
vn 0.98501 0.11707 -0.12667
vn 0.98628 -0.04579 -0.15861
vn 0.74837 0.66325 -0.00685
vn 0.98819 0.10462 0.11196
vn 0.70341 -0.28267 0.65216
vn 0.95948 -0.20207 0.19639
vn 0.78766 0.61525 -0.03258
vn 0.83548 0.50380 -0.21946
vn 0.35313 0.56299 0.74723
vn 0.77038 0.61853 -0.15467
vn 0.89892 0.37556 -0.22562
vn 0.96165 0.14034 -0.23565
vn 0.97599 0.10383 -0.19147
vn 0.66982 0.73933 -0.06881
vn 0.94549 0.21865 -0.24134
vn 0.98506 0.03345 -0.16894
vn 0.99120 -0.02883 -0.12921
vn 0.54668 0.69202 0.47143
vn 0.60448 0.64236 0.47114
vn 0.54686 0.72589 0.41716
vn 0.51530 0.64104 0.56880
vn 0.58898 0.59966 0.54177
vn 0.70258 0.41230 0.57999
vn 0.62513 0.44268 0.64284
vn 0.69872 0.22224 0.68000
vn 0.74674 0.19696 0.63529
vn 0.77894 0.17562 0.60200
vn 0.71520 0.45156 0.53346
vn 0.78378 0.04972 0.61904
vn 0.80331 -0.01487 0.59538
vn 0.82512 -0.00954 0.56487
vn 0.78867 0.32535 0.52168
vn 0.79367 0.11399 0.59757
vn 0.85273 0.10516 0.51166
vn 0.85457 0.26262 0.44804
vn 0.87267 0.02428 0.48771
vn 0.89778 0.12512 0.42230
vn 0.87413 0.27325 0.40155
vn 0.77613 0.48955 0.39745
vn 0.77953 0.53335 0.32844
vn 0.83312 0.45884 0.30884
vn 0.88795 0.24712 0.38791
vn 0.90297 0.06885 0.42416
vn 0.92209 0.11990 0.36794
vn 0.90007 0.04260 0.43366
vn 0.91554 0.23810 0.32418
vn 0.89635 0.00022 0.44335
vn 0.92860 0.05695 0.36668
vn 0.94144 0.07609 0.32849
vn 0.94420 0.13681 0.29960
vn 0.88516 0.36151 0.29292
vn 0.92592 0.28995 0.24206
vn 0.86548 -0.02722 0.50020
vn 0.89126 -0.02555 0.45277
vn 0.79478 0.54786 0.26111
vn 0.91538 -0.00221 0.40258
vn 0.93043 0.01827 0.36601
vn 0.73337 0.04067 0.67862
vn 0.84134 -0.07677 0.53502
vn 0.86450 -0.05579 0.49952
vn 0.82995 -0.04750 0.55581
vn 0.69039 0.07846 0.71917
vn 0.90619 -0.03560 0.42138
vn 0.95599 0.06119 0.28695
vn 0.76303 -0.02998 0.64567
vn 0.92015 -0.01972 0.39107
vn 0.93828 0.01595 0.34551
vn 0.93366 -0.02671 0.35716
vn 0.93824 0.00784 0.34590
vn 0.95871 0.03014 0.28280
vn 0.95966 0.00897 0.28101
vn 0.96811 -0.03070 0.24864
vn 0.88097 -0.06782 0.46829
vn 0.65021 0.20812 0.73069
vn 0.58774 0.46071 0.66506
vn 0.96864 0.12855 0.21263
vn 0.91634 -0.05554 0.39653
vn 0.89409 -0.07868 0.44092
vn 0.79288 -0.07850 0.60431
vn 0.77097 -0.07183 0.63281
vn 0.81790 -0.09603 0.56729
vn 0.96905 0.05301 0.24109
vn 0.64930 0.63563 0.41759
vn 0.71844 -0.01503 0.69543
vn 0.94220 -0.07108 0.32741
vn 0.84442 -0.10623 0.52504
vn 0.86291 -0.12248 0.49029
vn 0.59254 0.30277 0.74648
vn 0.91698 -0.14270 0.37255
vn 0.90852 -0.13720 0.39468
vn 0.92875 0.34571 0.13384
vn 0.73617 -0.06764 0.67340
vn 0.74562 -0.10139 0.65861
vn 0.97158 0.12379 0.20177
vn 0.64351 0.04797 0.76393
vn 0.85804 -0.18739 0.47818
vn 0.84789 -0.19885 0.49147
vn 0.81368 -0.13966 0.56429
vn 0.78785 -0.12862 0.60229
vn 0.76058 -0.12427 0.63724
vn 0.97643 -0.01306 0.21545
vn 0.97828 0.03311 0.20462
vn 0.98893 0.08694 0.12023
vn 0.80614 0.57561 0.13716
vn 0.90563 0.41317 0.09554
vn 0.97462 0.18839 0.12091
vn 0.90897 0.41167 -0.06557
vn 0.66631 -0.02536 0.74524
vn 0.61843 0.06803 0.78289
vn 0.54416 0.21317 0.81145
vn 0.58041 0.07128 0.81120
vn 0.82533 -0.17357 0.53731
vn 0.70134 -0.07350 0.70902
vn 0.97595 -0.04301 0.21370
vn 0.99006 0.01588 0.13974
vn 0.86298 -0.29459 0.41048
vn 0.70161 -0.10750 0.70440
vn 0.72973 -0.12201 0.67276
vn 0.78028 -0.14768 0.60774
vn 0.79673 -0.20538 0.56837
vn 0.77875 -0.20349 0.59341
vn 0.64151 0.69523 0.32422
vn 0.95160 -0.16955 0.25636
vn 0.75496 -0.15689 0.63673
vn 0.73762 -0.14730 0.65895
vn 0.66267 0.69508 0.27881
vn 0.69314 -0.13790 0.70749
vn 0.48402 0.46347 0.74224
vn 0.48885 0.58386 0.64818
vn 0.44418 0.67260 0.59188
vn 0.65645 -0.08916 0.74908
vn 0.65823 -0.13779 0.74010
vn 0.70857 -0.15987 0.68729
vn 0.98100 -0.11101 0.15910
vn 0.98278 -0.08426 0.16445
vn 0.94795 -0.23805 0.21149
vn 0.96406 -0.23607 0.12187
vn 0.61930 -0.04822 0.78367
vn 0.58555 -0.04220 0.80953
vn 0.71566 -0.19149 0.67169
vn 0.99850 -0.05142 0.01860
vn 0.89616 -0.32449 0.30266
vn 0.99638 0.08331 -0.01678
vn 0.80796 -0.28521 0.51562
vn 0.73703 -0.24206 0.63103
vn 0.69178 0.69093 0.20989
vn 0.69273 -0.18836 0.69617
vn 0.85650 -0.36875 0.36117
vn 0.61976 -0.10351 0.77793
vn 0.62524 -0.15043 0.76580
vn 0.58287 -0.10545 0.80569
vn 0.59032 -0.15085 0.79295
vn 0.53875 0.00424 0.84246
vn 0.75538 -0.35052 0.55365
vn 0.42301 0.43481 0.79499
vn 0.66193 -0.18178 0.72719
vn 0.49053 0.17900 0.85284
vn 0.74843 -0.32481 0.57823
vn 0.99662 0.05218 -0.06344
vn 0.97350 0.20759 -0.09592
vn 0.81059 -0.39644 0.43103
vn 0.69738 -0.29836 0.65164
vn 0.66965 -0.22727 0.70705
vn 0.62832 -0.22281 0.74536
vn 0.62356 -0.18834 0.75875
vn 0.66217 -0.38464 0.64311
vn 0.47606 0.05763 0.87752
vn 0.54255 -0.07687 0.83650
vn 0.54150 -0.13837 0.82924
vn 0.55362 -0.17157 0.81490
vn 0.39409 0.29534 0.87033
vn 0.50038 -0.05698 0.86393
vn 0.57685 -0.19514 0.79320
vn 0.58701 -0.22988 0.77626
vn 0.39533 0.11736 0.91101
vn 0.76716 -0.46488 0.44200
vn 0.70902 -0.50120 0.49607
vn 0.44388 -0.01487 0.89596
vn 0.51110 -0.12570 0.85028
vn 0.63724 -0.47242 0.60889
vn 0.61027 -0.37233 0.69924
vn 0.58545 -0.34373 0.73423
vn 0.47616 -0.11007 0.87244
vn 0.43194 -0.07965 0.89838
vn 0.54071 -0.31720 0.77911
vn 0.91748 -0.36989 0.14633
vn 0.52986 -0.23547 0.81474
vn 0.51417 -0.20280 0.83337
vn 0.65252 -0.53905 0.53259
vn 0.67128 0.73386 0.10409
vn 0.48326 -0.17047 0.85872
vn 0.37489 0.30535 0.87534
vn 0.50443 -0.34302 0.79239
vn 0.38633 0.62260 0.68053
vn 0.49079 -0.22845 0.84079
vn 0.41537 -0.00714 0.90963
vn 0.45136 0.10578 0.88605
vn 0.36123 0.22208 0.90564
vn 0.39088 0.00083 0.92044
vn 0.32296 0.40165 0.85696
vn 0.44285 -0.14198 0.88528
vn 0.33859 0.15747 0.92766
vn 0.34400 0.51630 0.78428
vn 0.30581 0.54616 0.77986
vn 0.61734 -0.60616 0.50146
vn 0.36008 0.40178 0.84197
vn 0.39030 -0.10662 0.91449
vn 0.40703 -0.12137 0.90531
vn 0.36380 -0.07705 0.92828
vn 0.46901 -0.33517 0.81712
vn 0.44859 -0.21499 0.86749
vn 0.41241 -0.17775 0.89349
vn 0.34143 0.00322 0.93990
vn 0.34573 0.14823 0.92655
vn 0.33027 -0.01308 0.94380
vn 0.30324 0.28362 0.90973
vn 0.56705 -0.57849 0.58635
vn 0.31138 0.07017 0.94769
vn 0.46472 -0.29276 0.83566
vn 0.44231 -0.18318 0.87796
vn 0.38954 -0.16631 0.90587
vn 0.41870 -0.22793 0.87906
vn 0.43549 -0.29901 0.84908
vn 0.31786 0.55744 0.76696
vn 0.32020 0.52108 0.79117
vn 0.19265 0.22530 0.95505
vn 0.48002 -0.50041 0.72053
vn 0.34088 0.63141 0.69651
vn 0.30380 0.62723 0.71714
vn 0.33611 -0.15248 0.92940
vn 0.23180 0.05618 0.97114
vn 0.31993 -0.11227 0.94077
vn 0.30289 -0.07274 0.95025
vn 0.27607 -0.05367 0.95964
vn 0.35748 -0.20990 0.91003
vn 0.37287 -0.26799 0.88834
vn 0.43528 -0.31068 0.84499
vn 0.44796 -0.39586 0.80164
vn 0.46043 -0.41972 0.78220
vn 0.20892 0.40995 0.88786
vn 0.23348 0.57286 0.78570
vn 0.26191 0.60699 0.75031
vn 0.90479 -0.26901 0.33014
vn 0.82514 -0.24743 0.50786
vn 0.36105 -0.36238 0.85926
vn 0.62285 -0.29764 0.72351
vn 0.91386 -0.37091 0.16518
vn 0.86098 -0.48579 0.15076
vn 0.96768 -0.25207 0.00728
vn 0.29748 -0.19213 0.93520
vn 0.56869 0.72266 0.39289
vn 0.56653 0.74615 0.34972
vn 0.39711 -0.46827 0.78932
vn 0.27469 -0.16086 0.94798
vn 0.24805 -0.12853 0.96018
vn 0.29685 -0.24674 0.92250
vn 0.31597 -0.31953 0.89334
vn 0.29580 0.64913 0.70081
vn 0.51985 -0.60142 0.60667
vn 0.41734 -0.58940 0.69169
vn 0.18967 -0.06426 0.97974
vn 0.89258 -0.45012 0.02652
vn 0.83020 -0.55451 0.05727
vn 0.75946 -0.63061 0.15985
vn 0.28020 0.62328 0.73008
vn 0.26120 0.66209 0.70244
vn 0.26234 0.66995 0.69452
vn 0.30362 0.45827 0.83535
vn 0.26985 0.60399 0.74992
vn 0.22957 0.63745 0.73549
vn 0.35432 -0.40199 0.84431
vn 0.39561 -0.55593 0.73105
vn 0.23951 -0.16442 0.95687
vn 0.41737 -0.60201 0.68072
vn 0.59725 0.75492 0.27091
vn 0.26460 0.66753 0.69598
vn 0.24872 -0.23484 0.93968
vn 0.16147 0.61215 0.77408
vn 0.10598 0.05295 0.99296
vn 0.78633 -0.56969 0.23904
vn 0.26137 -0.32806 0.90778
vn 0.39519 -0.62415 0.67399
vn 0.40670 -0.58917 0.69819
vn 0.23912 -0.26065 0.93535
vn 0.20927 -0.20480 0.95617
vn 0.20682 -0.14542 0.96751
vn 0.19227 -0.06622 0.97911
vn 0.18169 -0.08274 0.97987
vn 0.18440 0.01179 0.98278
vn 0.15374 0.17434 0.97261
vn 0.19172 0.18013 0.96478
vn 0.17248 0.07922 0.98182
vn 0.18392 0.44890 0.87445
vn 0.13184 0.26262 0.95585
vn 0.04999 0.43791 0.89763
vn 0.13201 -0.07723 0.98824
vn 0.10238 -0.05816 0.99304
vn 0.07336 -0.02851 0.99690
vn 0.15264 0.24255 0.95805
vn 0.05424 0.09687 0.99382
vn 0.00026 0.31308 0.94973
vn 0.13114 -0.14142 0.98122
vn 0.24464 -0.38973 0.88784
vn 0.14483 -0.19382 0.97029
vn 0.18093 -0.28257 0.94203
vn 0.15182 -0.28366 0.94683
vn 0.20820 -0.37193 0.90461
vn 0.24732 -0.47769 0.84300
vn 0.06102 -0.10742 0.99234
vn 0.06069 0.62872 0.77526
vn 0.07749 -0.16019 0.98404
vn 0.08738 -0.20213 0.97545
vn 0.15278 0.68622 0.71117
vn 0.12389 0.71994 0.68289
vn 0.32618 -0.62785 0.70670
vn 0.23934 -0.57984 0.77878
vn 0.19173 0.70206 0.68582
vn 0.11215 -0.29003 0.95042
vn 0.01993 -0.11686 0.99295
vn 0.03392 -0.17252 0.98442
vn 0.12638 -0.45976 0.87900
vn 0.07183 -0.36649 0.92764
vn 0.03693 -0.23989 0.97010
vn 0.20888 -0.56126 0.80085
vn 0.13706 -0.54071 0.82997
vn -0.03346 -0.02439 0.99914
vn -0.04180 -0.07908 0.99599
vn 0.22635 -0.62928 0.74349
vn 0.20522 0.69412 0.68999
vn -0.03875 -0.12335 0.99161
vn -0.02882 -0.16667 0.98559
vn -0.01461 -0.20922 0.97776
vn -0.00279 -0.27313 0.96197
vn -0.04777 0.02097 0.99864
vn -0.09762 -0.05821 0.99352
vn -0.05364 0.18450 0.98137
vn -0.08228 0.02165 0.99637
vn -0.05714 0.12088 0.99102
vn -0.09016 0.33257 0.93876
vn -0.14924 0.17035 0.97402
vn -0.07214 0.44941 0.89041
vn -0.03760 -0.35752 0.93315
vn 0.03421 -0.43287 0.90081
vn 0.18276 0.71467 0.67516
vn 0.17107 0.59172 0.78778
vn -0.10505 0.14190 0.98429
vn -0.04369 0.41048 0.91082
vn -0.02371 0.59180 0.80574
vn 0.14379 0.72605 0.67244
vn -0.11255 -0.14357 0.98322
vn -0.12674 -0.11947 0.98472
vn -0.09678 -0.18227 0.97847
vn -0.11470 -0.22322 0.96800
vn -0.15092 0.02498 0.98823
vn 0.13170 0.66745 0.73292
vn -0.10440 -0.27117 0.95685
vn 0.37241 -0.72988 0.57322
vn 0.71837 -0.62598 0.30346
vn 0.70906 -0.63132 0.31412
vn 0.48937 -0.72381 0.48642
vn 0.62424 -0.68515 0.37536
vn 0.51188 -0.73874 0.43846
vn -0.14902 -0.06574 0.98665
vn 0.18387 -0.74631 0.63970
vn -0.03957 0.63365 0.77261
vn -0.18726 -0.06363 0.98025
vn -0.17468 0.04105 0.98377
vn 0.05456 -0.61985 0.78282
vn -0.18070 -0.12056 0.97612
vn 0.66387 -0.39307 0.63622
vn 0.65712 -0.35581 0.66452
vn 0.87164 -0.38529 0.30297
vn 0.68725 -0.26676 0.67567
vn 0.89606 -0.27037 0.35211
vn 0.53713 -0.23106 0.81123
vn 0.72440 -0.38153 0.57417
vn 0.97348 -0.18902 0.12889
vn 0.95075 -0.17363 0.25676
vn 0.69799 -0.45397 0.55383
vn 0.75616 -0.19669 0.62413
vn 0.89053 -0.01555 0.45466
vn 0.99095 0.08039 0.10746
vn 0.92976 0.17344 0.32474
vn 0.78613 -0.05612 0.61551
vn 0.74903 0.16904 0.64061
vn 0.74646 0.23529 0.62245
vn 0.89423 0.29888 0.33320
vn 0.74344 0.30015 0.59767
vn 0.82375 0.41374 0.38764
vn 0.97735 0.20588 0.04901
vn 0.94444 0.32113 0.07003
vn 0.89727 0.43960 0.04080
vn 0.86384 0.49955 0.06505
vn 0.78334 0.47794 0.39743
vn 0.11262 -0.69755 0.70763
vn -0.04851 -0.51320 0.85690
vn -0.15738 -0.19312 0.96847
vn -0.18721 -0.16995 0.96751
vn -0.12425 -0.33136 0.93529
vn -0.13980 0.50926 0.84918
vn -0.09855 0.64580 0.75712
vn -0.18119 -0.22889 0.95644
vn -0.15056 -0.37639 0.91415
vn -0.10709 -0.55123 0.82745
vn 0.17530 -0.74710 0.64118
vn -0.20473 -0.35593 0.91181
vn -0.23439 -0.21692 0.94763
vn 0.74238 0.62212 0.24869
vn 0.09926 0.74128 0.66381
vn 0.63722 0.73542 0.23046
vn 0.65725 0.73932 0.14638
vn 0.96547 -0.17141 -0.19617
vn -0.17660 -0.53800 0.82424
vn 0.83576 0.54233 -0.08589
vn 0.78469 0.61327 -0.09032
vn 0.66949 0.71033 0.21731
vn 0.59455 0.80405 -0.00306
vn 0.61824 0.78282 0.07046
vn 0.69763 0.71645 -0.00346
vn 0.81472 0.54009 -0.21103
vn 0.64318 0.75545 -0.12500
vn 0.96396 -0.05432 -0.26043
vn 0.88735 0.29078 -0.35785
vn 0.52740 0.84734 -0.06210
vn 0.60288 0.79782 0.00406
vn 0.52076 0.85279 0.03943
vn 0.59917 0.79302 -0.11012
vn 0.92952 -0.08974 -0.35768
vn 0.97392 -0.06941 -0.21601
vn 0.90880 0.34070 -0.24085
vn 0.87394 0.43676 -0.21324
vn 0.93707 0.08614 -0.33834
vn 0.87477 0.30960 -0.37274
vn 0.89377 0.35513 -0.27396
vn 0.91260 0.27459 -0.30292
vn 0.54419 0.83601 -0.07038
vn 0.89692 0.35344 -0.26572
vn 0.80296 -0.49467 -0.33250
vn 0.91834 0.16901 -0.35790
vn 0.89289 0.23921 -0.38147
vn 0.88984 0.30437 -0.33991
vn 0.88647 0.24355 -0.39351
vn 0.45665 0.88656 -0.07402
vn 0.91909 0.13884 -0.36879
vn 0.93606 -0.00779 -0.35175
vn 0.86316 0.03326 -0.50384
vn 0.61383 0.21542 -0.75948
vn 0.63870 0.06275 -0.76689
vn 0.52144 0.25672 -0.81375
vn 0.52701 0.08838 -0.84525
vn 0.59005 0.05520 -0.80548
vn 0.65739 0.05663 -0.75142
vn 0.65831 0.02947 -0.75217
vn 0.64532 0.02590 -0.76348
vn 0.62392 0.03163 -0.78085
vn 0.56589 0.05201 -0.82284
vn 0.66227 0.00252 -0.74927
vn 0.60961 -0.02854 -0.79219
vn 0.54512 -0.05259 -0.83671
vn 0.65416 -0.03000 -0.75576
vn 0.69383 0.02885 -0.71956
vn 0.69075 0.11869 -0.71328
vn 0.66974 -0.03899 -0.74157
vn 0.69968 0.00165 -0.71446
vn 0.68427 -0.00692 -0.72919
vn 0.72029 0.10911 -0.68504
vn 0.63013 -0.10759 -0.76900
vn 0.69719 0.18846 -0.69167
vn 0.68773 0.24188 -0.68449
vn 0.69555 -0.03844 -0.71745
vn 0.66037 -0.11057 -0.74276
vn 0.72623 -0.01632 -0.68726
vn 0.66956 -0.11025 -0.73453
vn 0.73523 0.03716 -0.67680
vn 0.75748 0.01026 -0.65278
vn 0.74064 0.08694 -0.66626
vn 0.72397 -0.08026 -0.68514
vn 0.74334 -0.05662 -0.66651
vn 0.54810 -0.15363 -0.82218
vn 0.68268 -0.18902 -0.70585
vn 0.77885 -0.02318 -0.62678
vn 0.78820 0.04533 -0.61374
vn 0.76517 0.07815 -0.63906
vn 0.75067 0.13832 -0.64603
vn 0.78531 -0.10136 -0.61075
vn 0.73333 -0.18530 -0.65413
vn 0.77417 -0.14574 -0.61597
vn 0.80613 0.03373 -0.59077
vn 0.80505 -0.07494 -0.58846
vn 0.73157 0.20939 -0.64882
vn 0.77788 0.13413 -0.61393
vn 0.81339 0.10496 -0.57218
vn 0.46616 -0.01008 -0.88464
vn 0.58100 -0.20247 -0.78832
vn 0.64444 -0.21595 -0.73353
vn 0.65472 -0.24585 -0.71477
vn 0.47947 0.08922 -0.87301
vn 0.45755 0.15637 -0.87533
vn 0.41250 0.15302 -0.89801
vn 0.42594 0.07084 -0.90197
vn 0.74134 0.24431 -0.62509
vn 0.77141 0.20418 -0.60269
vn 0.81829 -0.12771 -0.56044
vn 0.80098 -0.02360 -0.59823
vn 0.86393 0.09004 -0.49550
vn 0.88085 0.11967 -0.45802
vn 0.84463 0.15168 -0.51342
vn 0.81695 0.20985 -0.53717
vn 0.84056 0.23383 -0.48866
vn 0.70260 0.32191 -0.63460
vn 0.87662 -0.06618 -0.47662
vn 0.80782 -0.20924 -0.55105
vn 0.74542 -0.26473 -0.61177
vn 0.79374 -0.25897 -0.55038
vn 0.55890 -0.31726 -0.76614
vn 0.89639 -0.17767 -0.40610
vn 0.67589 -0.30399 -0.67138
vn 0.83186 -0.24875 -0.49612
vn 0.71069 0.33553 -0.61834
vn 0.65881 0.41526 -0.62732
vn 0.93932 0.04647 -0.33988
vn 0.73002 0.36053 -0.58060
vn 0.78438 0.30907 -0.53780
vn 0.60576 -0.36551 -0.70672
vn 0.63509 -0.36460 -0.68097
vn 0.42984 -0.14711 -0.89084
vn 0.89608 -0.23678 -0.37548
vn 0.75795 0.39576 -0.51854
vn 0.89174 0.25128 -0.37638
vn 0.68823 -0.36826 -0.62508
vn 0.64739 -0.38242 -0.65928
vn 0.44581 -0.25292 -0.85865
vn 0.50531 -0.30886 -0.80577
vn 0.74331 -0.36668 -0.55949
vn 0.38525 0.28029 -0.87921
vn 0.86357 0.34588 -0.36689
vn 0.81280 -0.36285 -0.45573
vn 0.79546 -0.36453 -0.48411
vn 0.55930 0.44774 -0.69764
vn 0.82225 0.38239 -0.42153
vn 0.96835 0.14138 -0.20570
vn 0.97087 -0.12070 -0.20700
vn 0.22874 0.10365 -0.96795
vn 0.30732 0.37777 -0.87341
vn 0.28327 -0.01343 -0.95895
vn 0.21899 -0.11332 -0.96912
vn 0.20187 0.09334 -0.97496
vn 0.95449 0.20692 -0.21479
vn 0.62874 0.49904 -0.59636
vn 0.67775 0.44801 -0.58304
vn 0.69479 0.48235 -0.53348
vn 0.60793 -0.44849 -0.65519
vn 0.88262 -0.34062 -0.32398
vn 0.67174 -0.43917 -0.59657
vn 0.62969 -0.46800 -0.62006
vn 0.72520 -0.44575 -0.52477
vn 0.56624 -0.44462 -0.69403
vn 0.46996 -0.35004 -0.81032
vn 0.54585 -0.42781 -0.72043
vn 0.30397 -0.36741 -0.87898
vn 0.21705 -0.24681 -0.94444
vn 0.22112 -0.27216 -0.93650
vn 0.38893 -0.51831 -0.76163
vn 0.25471 -0.48780 -0.83497
vn 0.78092 -0.41604 -0.46592
vn 0.66938 -0.44728 -0.59319
vn 0.73991 -0.39125 -0.54723
vn 0.71572 -0.32965 -0.61569
vn 0.62280 -0.37672 -0.68571
vn 0.59270 -0.48035 -0.64650
vn 0.69717 -0.10848 -0.70865
vn 0.80136 -0.12804 -0.58432
vn 0.74913 0.18434 -0.63625
vn 0.62119 0.25362 -0.74148
vn 0.86157 0.11864 -0.49358
vn 0.82552 -0.33232 -0.45617
vn 0.62068 -0.11250 -0.77595
vn 0.62784 0.05548 -0.77637
vn 0.61898 -0.22656 -0.75202
vn 0.63231 -0.19764 -0.74908
vn 0.58364 0.12599 -0.80218
vn 0.56262 -0.23617 -0.79226
vn 0.91660 -0.18099 -0.35648
vn 0.58402 -0.39104 -0.71134
vn 0.44542 0.02055 -0.89509
vn 0.42122 -0.30337 -0.85472
vn 0.49216 -0.48368 -0.72376
vn 0.55404 0.34821 -0.75617
vn 0.91161 -0.34377 -0.22539
vn 0.56384 -0.48828 -0.66608
vn 0.52711 -0.52354 -0.66937
vn 0.47651 -0.57764 -0.66278
vn 0.55307 -0.51313 -0.65636
vn 0.82967 -0.44508 -0.33697
vn 0.98015 -0.01658 -0.19758
vn 0.85997 -0.44741 -0.24553
vn 0.84322 -0.48098 -0.24008
vn 0.27589 -0.50875 -0.81551
vn 0.76689 0.33104 -0.54981
vn 0.20622 -0.17542 -0.96265
vn 0.96767 -0.23432 -0.09329
vn 0.95217 -0.30050 -0.05534
vn 0.72804 0.47212 -0.49705
vn 0.85735 0.40013 -0.32380
vn 0.87177 -0.48820 -0.04093
vn 0.36332 -0.62039 -0.69506
vn 0.49919 0.44216 -0.74519
vn 0.40144 0.37205 -0.83692
vn 0.58885 0.58062 -0.56226
vn 0.29677 0.19731 -0.93434
vn 0.96768 -0.25207 0.00728
vn 0.90002 -0.43482 -0.02983
vn 0.99812 0.01342 -0.05974
vn 0.04370 -0.36364 -0.93051
vn 0.47884 0.57300 -0.66512
vn 0.86098 -0.48579 0.15076
vn 0.24968 -0.64638 -0.72100
vn 0.05047 0.02917 -0.99830
vn 0.39025 0.50980 -0.76668
vn 0.15144 0.31978 -0.93531
vn 0.11129 0.26628 -0.95745
vn 0.04337 -0.47750 -0.87756
vn 0.77449 0.47219 -0.42096
vn 0.91386 -0.37091 0.16518
vn -0.07499 -0.08409 -0.99363
vn -0.09900 -0.20220 -0.97433
vn 0.08856 -0.66339 -0.74301
vn 0.91489 0.35899 -0.18466
vn 0.98819 0.10462 0.11196
vn 0.68631 0.51352 -0.51506
vn -0.08203 -0.41874 -0.90440
vn 0.85580 0.45776 -0.24096
vn 0.95948 -0.20207 0.19639
vn 0.97348 -0.18902 0.12889
vn 0.78007 0.52730 -0.33683
vn 0.67783 0.57855 -0.45369
vn 0.97735 0.20588 0.04901
vn 0.94444 0.32113 0.07003
vn 0.99095 0.08039 0.10746
vn 0.02811 -0.60620 -0.79481
vn -0.15609 -0.26169 -0.95245
vn 0.83576 0.54233 -0.08589
vn -0.05592 0.12469 -0.99062
vn 0.57857 0.73914 -0.34486
vn 0.74837 0.66325 -0.00685
vn 0.89727 0.43960 0.04080
vn -0.14703 0.05405 -0.98765
vn 0.89606 -0.27037 0.35211
vn 0.87164 -0.38529 0.30297
vn 0.86384 0.49955 0.06505
vn -0.06550 -0.50161 -0.86261
vn 0.97475 -0.21406 -0.06352
vn 0.92197 -0.36298 -0.13495
vn 0.89015 -0.45554 0.01057
vn 0.93961 -0.16103 -0.30200
vn 0.85540 -0.46868 -0.22054
vn 0.87903 -0.33435 -0.33988
vn 0.89455 -0.34715 -0.28156
vn 0.95769 -0.18875 0.21725
vn 0.80029 -0.55607 0.22431
vn 0.99121 -0.00915 -0.13197
vn 0.98273 0.18492 -0.00615
vn 0.99529 0.05509 -0.07980
vn 0.87261 0.36212 0.32774
vn 0.83473 0.39714 -0.38144
vn 0.78621 -0.30966 -0.53478
vn 0.94159 0.30035 -0.15229
vn 0.68915 -0.53217 -0.49180
vn 0.56766 -0.82061 -0.06597
vn 0.76077 -0.24470 -0.60113
vn 0.52355 0.04854 -0.85061
vn 0.52541 -0.83488 0.16409
vn 0.71186 -0.38010 0.59058
vn 0.78453 -0.15324 0.60086
vn 0.49276 -0.64401 0.58518
vn 0.83765 -0.03930 0.54478
vn 0.48539 -0.80227 0.34751
vn 0.24110 -0.84176 -0.48302
vn 0.26713 0.16135 0.95006
vn 0.24835 -0.67578 0.69400
vn 0.78219 0.61903 0.07057
vn 0.75027 0.65488 -0.09069
vn 0.35319 -0.10865 -0.92922
vn -0.01251 -0.26443 -0.96432
vn -0.07041 0.76751 0.63716
vn -0.12012 0.98167 0.14796
vn -0.11530 0.87102 0.47753
vn -0.07551 0.84429 0.53054
vn -0.05145 0.96728 0.24843
vn 0.04838 0.86770 0.49473
vn 0.13125 0.94861 0.28795
vn 0.01526 0.99699 0.07597
vn -0.19727 0.97943 0.04242
vn 0.18699 0.82920 0.52675
vn 0.28404 0.91456 0.28794
vn -0.04165 0.66302 0.74744
vn 0.14006 0.99007 -0.01221
vn 0.25132 0.96721 0.03669
vn -0.12638 0.98067 -0.14936
vn -0.33505 0.88399 0.32603
vn -0.15858 0.97863 -0.13089
vn 0.39899 0.84160 0.36403
vn 0.03529 0.65669 0.75334
vn 0.31036 0.71418 0.62739
vn 0.08408 0.61895 0.78092
vn 0.12789 0.54811 0.82657
vn -0.22461 0.66062 0.71633
vn -0.08888 0.53756 0.83853
vn 0.51007 0.74131 0.43621
vn 0.41256 0.90832 0.06889
vn 0.32168 0.54531 0.77405
vn 0.20105 0.39133 0.89802
vn -0.12939 0.49739 0.85783
vn 0.53722 0.61056 0.58190
vn -0.37206 0.70407 0.60485
vn 0.54233 0.82979 0.13165
vn 0.25309 0.38632 0.88696
vn -0.03510 0.41313 0.90999
vn -0.07562 0.40511 0.91114
vn 0.66949 0.71033 0.21731
vn 0.34093 0.35846 0.86906
vn 0.74238 0.62212 0.24869
vn 0.64609 0.52539 0.55366
vn 0.50786 0.32727 0.79685
vn -0.23459 0.46690 0.85263
vn -0.39311 0.64148 0.65876
vn -0.19886 0.39871 0.89526
vn -0.28751 0.45193 0.84445
vn -0.44040 0.54719 0.71178
vn 0.55345 0.29505 0.77887
vn 0.78334 0.47794 0.39743
vn 0.82375 0.41374 0.38764
vn 0.74344 0.30015 0.59767
vn 0.08174 -0.00777 0.99662
vn 0.11506 0.07308 0.99067
vn 0.06776 0.08316 0.99423
vn 0.03205 0.02519 0.99917
vn 0.12880 0.00866 0.99163
vn 0.08190 0.10819 0.99075
vn 0.14618 0.08711 0.98541
vn 0.10469 0.09784 0.98968
vn 0.12091 0.09100 0.98848
vn 0.07471 0.09986 0.99219
vn 0.03308 0.10625 0.99379
vn 0.02643 0.11703 0.99278
vn 0.09319 0.07991 0.99244
vn 0.04703 0.08285 0.99545
vn 0.13076 0.08224 0.98800
vn 0.14476 0.07738 0.98644
vn -0.02021 0.08471 0.99620
vn 0.17356 0.07449 0.98200
vn 0.19203 0.05318 0.97995
vn 0.12648 0.07641 0.98902
vn 0.14326 0.09021 0.98557
vn 0.18404 0.11239 0.97647
vn 0.09875 0.07458 0.99231
vn 0.22038 0.12738 0.96706
vn 0.08946 0.07214 0.99337
vn 0.08834 0.07252 0.99345
vn 0.05600 0.07284 0.99577
vn 0.18644 0.03748 0.98175
vn 0.02845 0.03275 0.99906
vn 0.04170 0.05843 0.99742
vn 0.04258 0.06748 0.99681
vn 0.17811 0.08459 0.98037
vn 0.18900 0.11465 0.97526
vn 0.02806 0.07031 0.99713
vn 0.01128 0.07915 0.99680
vn 0.19378 0.07394 0.97825
vn 0.20795 0.05243 0.97673
vn 0.19685 -0.02223 0.98018
vn 0.23783 0.18599 0.95333
vn -0.00412 0.08330 0.99652
vn -0.01779 0.07976 0.99666
vn -0.06507 0.06341 0.99586
vn -0.02975 0.10511 0.99402
vn -0.01368 0.06925 0.99751
vn -0.00102 0.05507 0.99848
vn -0.00920 0.05114 0.99865
vn 0.08257 -0.00296 0.99658
vn 0.18143 0.00442 0.98339
vn 0.18467 -0.00692 0.98278
vn -0.01078 -0.00635 0.99992
vn 0.10630 0.00500 0.99432
vn 0.13124 0.01164 0.99128
vn 0.05404 0.03561 0.99790
vn 0.04680 0.02165 0.99867
vn 0.12095 0.03422 0.99207
vn 0.10130 0.03227 0.99433
vn 0.04750 -0.01486 0.99876
vn 0.04067 0.02130 0.99895
vn 0.07309 0.00439 0.99732
vn 0.12918 0.00996 0.99157
vn 0.02359 -0.02300 0.99946
vn 0.20478 0.02700 0.97844
vn 0.11433 -0.02734 0.99307
vn 0.07093 -0.04035 0.99666
vn 0.19307 -0.00537 0.98117
vn -0.01135 0.03591 0.99929
vn -0.01994 0.02244 0.99955
vn -0.01283 -0.00186 0.99992
vn 0.22032 0.00530 0.97541
vn 0.21243 -0.01675 0.97703
vn 0.17993 0.05588 0.98209
vn 0.13447 -0.03759 0.99020
vn 0.06090 -0.01103 0.99808
vn 0.11901 -0.00799 0.99286
vn 0.09857 0.00180 0.99513
vn 0.11377 0.00946 0.99346
vn 0.11945 0.03018 0.99238
vn 0.10447 0.04449 0.99353
vn 0.11913 0.08904 0.98888
vn 0.05252 0.02834 0.99822
vn 0.06293 0.00068 0.99802
vn 0.08994 0.10083 0.99083
vn 0.04079 0.09174 0.99495
vn 0.13953 0.03872 0.98946
vn 0.14478 0.10392 0.98399
vn 0.01673 0.01737 0.99971
vn 0.16759 -0.00027 0.98586
vn 0.19131 0.06378 0.97945
vn -0.00331 0.06856 0.99764
vn -0.01021 0.01737 0.99980
vn -0.04667 0.00530 0.99890
vn -0.00579 0.00548 0.99997
vn 0.12458 0.15582 0.97990
vn 0.06412 0.16849 0.98362
vn 0.19034 0.14827 0.97046
vn -0.00879 0.15420 0.98800
vn 0.10153 -0.05773 0.99316
vn 0.06389 -0.06429 0.99588
vn 0.15157 -0.03891 0.98768
vn 0.17839 -0.05148 0.98261
vn 0.02868 -0.08075 0.99632
vn 0.21750 -0.00109 0.97606
vn 0.22003 0.01546 0.97537
vn -0.04648 0.07927 0.99577
vn -0.03810 0.05094 0.99797
vn -0.04634 0.01429 0.99882
vn -0.04471 -0.01597 0.99887
vn -0.02070 -0.09216 0.99553
vn -0.07223 0.02912 0.99696
vn -0.07441 0.08088 0.99394
vn -0.08263 0.09111 0.99241
vn -0.05478 0.06853 0.99614
vn -0.07800 0.04548 0.99592
vn -0.04829 0.07720 0.99585
vn -0.04704 0.00661 0.99887
vn -0.05854 0.00414 0.99828
vn -0.05712 -0.00023 0.99837
vn -0.05892 -0.00479 0.99825
vn -0.06045 0.02257 0.99792
vn -0.06542 0.01603 0.99773
vn -0.09075 0.01218 0.99580
vn -0.07011 0.07812 0.99448
vn -0.06500 0.03775 0.99717
vn -0.08421 0.05367 0.99500
vn -0.08341 0.06986 0.99406
vn -0.09702 0.11494 0.98862
vn -0.06718 0.00047 0.99774
vn -0.10263 -0.00536 0.99470
vn -0.11695 -0.00414 0.99313
vn -0.09482 -0.00400 0.99549
vn -0.10938 0.01992 0.99380
vn -0.06250 -0.00221 0.99804
vn -0.09611 -0.00226 0.99537
vn -0.11981 0.02011 0.99259
vn -0.10187 -0.05768 0.99312
vn -0.12242 0.07720 0.98947
vn -0.12655 0.06141 0.99006
vn -0.14271 0.04456 0.98876
vn -0.13750 0.08694 0.98668
vn -0.13808 0.07598 0.98750
vn -0.14737 0.01938 0.98889
vn -0.12895 0.04294 0.99072
vn 0.06942 -0.07981 0.99439
vn 0.08483 -0.03784 0.99568
vn 0.07536 -0.04163 0.99629
vn 0.12023 -0.05292 0.99133
vn 0.05474 0.00290 0.99850
vn 0.04376 -0.00741 0.99901
vn 0.10345 -0.02852 0.99423
vn 0.05838 -0.00429 0.99829
vn 0.07892 -0.01392 0.99678
vn 0.03237 0.01890 0.99930
vn 0.00980 0.00959 0.99991
vn 0.02564 -0.01785 0.99951
vn 0.03607 -0.02322 0.99908
vn 0.06205 0.02428 0.99778
vn -0.00419 0.02910 0.99957
vn 0.00201 0.02950 0.99956
vn -0.01000 0.00594 0.99993
vn 0.05141 0.06202 0.99675
vn 0.07769 -0.07160 0.99440
vn 0.03782 -0.01145 0.99922
vn 0.01412 -0.01636 0.99977
vn 0.01641 -0.03659 0.99920
vn -0.04124 -0.04202 0.99827
vn 0.06292 -0.03643 0.99735
vn -0.01349 -0.01108 0.99985
vn -0.01973 -0.00278 0.99980
vn -0.05312 -0.01738 0.99844
vn 0.01406 0.06614 0.99771
vn -0.06055 -0.00687 0.99814
vn 0.04531 -0.07047 0.99648
vn 0.01027 -0.07166 0.99738
vn -0.00004 -0.11374 0.99351
vn 0.10118 -0.02890 0.99445
vn 0.12100 -0.03071 0.99218
vn 0.08471 -0.06283 0.99442
vn 0.11807 0.02621 0.99266
vn 0.11360 0.08260 0.99009
vn 0.10715 0.09459 0.98973
vn 0.00308 0.05795 0.99831
vn -0.02556 -0.03170 0.99917
vn 0.10518 0.00452 0.99444
vn 0.14393 0.06565 0.98741
vn 0.09641 -0.05772 0.99367
vn 0.06099 -0.05107 0.99683
vn 0.02369 -0.04774 0.99858
vn -0.03796 -0.03850 0.99854
vn -0.00520 -0.05502 0.99847
vn -0.03930 -0.04014 0.99842
vn 0.04133 -0.05353 0.99771
vn 0.05219 -0.05218 0.99727
vn 0.02119 -0.06876 0.99741
vn 0.09285 -0.04533 0.99465
vn 0.03434 -0.07079 0.99690
vn 0.07258 -0.04076 0.99653
vn 0.03454 -0.02370 0.99912
vn -0.02104 -0.02739 0.99940
vn -0.01788 0.03265 0.99931
vn 0.01745 0.01785 0.99969
vn 0.06977 -0.00677 0.99754
vn 0.10007 -0.02191 0.99474
vn 0.03491 0.03330 0.99884
vn 0.07831 0.01874 0.99675
vn 0.03218 0.06110 0.99761
vn 0.09848 0.03698 0.99445
vn 0.12826 -0.00337 0.99173
vn 0.14405 -0.03160 0.98907
vn 0.05402 0.05417 0.99707
vn 0.06983 0.03563 0.99692
vn -0.00801 0.02582 0.99963
vn -0.01613 0.04183 0.99899
vn 0.10714 0.04677 0.99314
vn 0.12230 0.02959 0.99205
vn -0.02351 0.10113 0.99459
vn -0.00480 0.07688 0.99703
vn 0.08093 0.04043 0.99590
vn -0.00266 0.01180 0.99993
vn -0.00913 -0.02312 0.99969
vn 0.10273 0.04240 0.99381
vn 0.06267 -0.00683 0.99801
vn -0.02377 0.07546 0.99687
vn -0.03081 0.06906 0.99714
vn -0.03416 0.06984 0.99697
vn 0.16043 0.02282 0.98678
vn 0.17299 0.05862 0.98318
vn 0.10121 -0.07926 0.99170
vn 0.10491 -0.05232 0.99310
vn 0.15995 0.05152 0.98578
vn 0.14288 -0.06132 0.98784
vn 0.12156 -0.05627 0.99099
vn 0.12323 -0.08433 0.98879
vn 0.16878 -0.00337 0.98565
vn -0.11647 0.05354 0.99175
vn -0.07641 0.08609 0.99335
vn 0.13963 -0.06224 0.98825
vn 0.16852 -0.10596 0.97999
vn 0.14243 0.07249 0.98715
vn 0.07617 0.02894 0.99667
vn 0.13946 0.05752 0.98856
vn -0.06175 -0.07449 0.99531
vn 0.10148 -0.01283 0.99476
vn 0.14961 0.02105 0.98852
vn 0.17421 0.07730 0.98167
vn 0.00034 0.07696 0.99703
vn 0.05609 -0.13055 0.98985
vn 0.07530 -0.17295 0.98205
vn -0.00084 -0.11708 0.99312
vn 0.11850 -0.15004 0.98155
vn -0.02576 -0.20419 0.97859
vn 0.18926 0.01368 0.98183
vn 0.19573 0.05246 0.97925
vn -0.08261 0.10014 0.99154
vn 0.17065 0.09621 0.98062
vn 0.17845 0.09428 0.97942
vn 0.19997 0.08729 0.97591
vn 0.18291 0.09079 0.97893
vn 0.02454 -0.10716 0.99394
vn -0.02142 -0.07569 0.99690
vn -0.01533 -0.11867 0.99281
vn 0.00077 -0.09594 0.99539
vn 0.23354 -0.02596 0.97200
vn 0.23521 -0.11559 0.96505
vn 0.19966 -0.12633 0.97169
vn -0.07468 0.12632 0.98917
vn -0.02480 -0.10070 0.99461
vn -0.07658 -0.01267 0.99698
vn -0.04122 -0.13544 0.98993
vn -0.00128 -0.01506 0.99989
vn -0.07619 -0.03474 0.99649
vn -0.09166 -0.03316 0.99524
vn 0.02389 -0.25480 0.96670
vn -0.03674 -0.23690 0.97084
vn 0.22116 0.06016 0.97338
vn 0.22883 0.05379 0.97198
vn 0.25082 0.02474 0.96772
vn -0.17269 -0.03919 0.98420
vn -0.17657 -0.09957 0.97924
vn 0.11064 -0.21557 0.97020
vn -0.04280 -0.13087 0.99048
vn 0.22415 0.08759 0.97061
vn 0.24618 0.07029 0.96667
vn -0.09328 0.06577 0.99346
vn -0.19610 0.01632 0.98045
vn -0.11937 -0.17967 0.97646
vn -0.18745 0.02499 0.98196
vn -0.09781 -0.06772 0.99290
vn -0.10253 -0.11519 0.98804
vn -0.11139 0.13736 0.98424
vn -0.10462 0.12043 0.98719
vn -0.10070 0.10812 0.98902
vn 0.18579 -0.23606 0.95381
vn -0.02420 -0.21343 0.97666
vn 0.23508 0.04950 0.97071
vn 0.26281 0.11234 0.95829
vn 0.22542 0.12672 0.96599
vn -0.05763 -0.10727 0.99256
vn -0.10449 -0.07253 0.99188
vn 0.37507 -0.10149 0.92142
vn 0.25204 0.01186 0.96764
vn 0.26247 0.02558 0.96460
vn 0.27278 0.05942 0.96024
vn -0.07546 -0.15811 0.98453
vn 0.27345 0.02312 0.96161
vn 0.32247 0.00882 0.94654
vn 0.36442 -0.02574 0.93088
vn 0.29668 -0.00984 0.95493
vn 0.31845 0.00283 0.94793
vn 0.03698 -0.23126 0.97219
vn 0.29295 -0.02646 0.95576
vn 0.26223 0.05217 0.96360
vn 0.28009 0.03606 0.95930
vn 0.33314 -0.04525 0.94179
vn 0.29649 0.03396 0.95443
vn -0.21125 0.06674 0.97515
vn -0.07155 0.19114 0.97895
vn -0.13149 -0.05091 0.99001
vn -0.14928 -0.06828 0.98643
vn -0.13486 -0.05465 0.98936
vn -0.18448 0.14603 0.97193
vn -0.03713 -0.11944 0.99215
vn -0.06282 -0.08489 0.99441
vn -0.06022 -0.14894 0.98701
vn -0.05515 -0.01704 0.99833
vn -0.07073 0.06281 0.99552
vn -0.05795 -0.06982 0.99587
vn -0.08023 0.03576 0.99613
vn -0.08503 0.11985 0.98914
vn -0.05921 0.14919 0.98703
vn -0.03613 0.30749 0.95087
vn -0.14212 -0.00929 0.98981
vn -0.14414 -0.00671 0.98954
vn -0.17649 -0.00547 0.98429
vn -0.10206 0.15823 0.98211
vn -0.16430 0.06099 0.98452
vn -0.21363 0.13581 0.96743
vn -0.11571 0.19073 0.97480
vn 0.10858 0.19287 0.97520
vn 0.08317 0.19463 0.97734
vn 0.13244 0.18783 0.97323
vn 0.07249 0.21554 0.97380
vn 0.03993 0.20183 0.97861
vn 0.01621 0.21530 0.97641
vn 0.00498 0.19895 0.98000
vn 0.15696 0.18164 0.97076
vn 0.19642 0.19845 0.96023
vn 0.13553 0.23228 0.96316
vn -0.03748 0.21739 0.97537
vn 0.26605 0.08228 0.96044
vn 0.25555 0.10638 0.96092
vn -0.12603 0.23397 0.96404
vn -0.10840 0.18228 0.97725
vn -0.09379 0.21252 0.97264
vn 0.33530 -0.18489 0.92379
vn 0.34647 -0.17601 0.92140
vn 0.25594 -0.17478 0.95076
vn 0.25213 0.01055 0.96764
vn 0.29414 -0.03999 0.95493
vn -0.06870 -0.03217 0.99712
vn -0.02580 0.03946 0.99889
vn -0.03219 -0.02847 0.99908
vn 0.05089 0.10103 0.99358
vn 0.07801 0.17804 0.98093
vn -0.04344 0.15975 0.98620
vn -0.02986 0.04145 0.99869
vn -0.05142 0.03539 0.99805
vn 0.09217 0.17513 0.98022
vn -0.09723 -0.04272 0.99434
vn 0.04176 0.28394 0.95793
vn -0.10450 -0.02764 0.99414
vn -0.08607 -0.01830 0.99612
vn 0.00125 0.03107 0.99952
vn -0.06653 -0.01553 0.99766
vn 0.00825 0.12073 0.99265
vn 0.06789 0.04685 0.99659
vn 0.13647 0.13796 0.98099
vn 0.03520 0.00738 0.99935
vn 0.16955 0.10661 0.97974
vn 0.12998 0.02022 0.99131
vn -0.00271 -0.08947 0.99599
vn 0.06848 -0.17374 0.98241
vn -0.08967 -0.06369 0.99393
vn 0.18180 -0.21736 0.95901
vn 0.19656 -0.03649 0.97981
vn -0.08116 -0.11941 0.98952
vn 0.22149 0.12830 0.96669
vn 0.25961 0.13868 0.95571
vn -0.10939 -0.10246 0.98870
vn -0.12475 -0.13020 0.98361
vn -0.14267 -0.07008 0.98729
vn -0.09654 -0.11929 0.98815
vn -0.12713 -0.06694 0.98962
vn -0.13058 -0.05370 0.98998
vn -0.17456 -0.00780 0.98462
vn -0.16780 0.00152 0.98582
vn -0.14140 -0.05516 0.98842
vn -0.10644 -0.11792 0.98730
vn -0.15528 -0.07017 0.98538
vn -0.18745 0.03940 0.98148
vn -0.17130 -0.04478 0.98420
vn -0.06242 -0.17890 0.98189
vn -0.20389 0.00310 0.97899
vn -0.20287 -0.01238 0.97913
vn -0.15824 0.03134 0.98690
vn -0.12877 -0.17773 0.97562
vn -0.14126 -0.07172 0.98737
vn -0.12912 -0.12522 0.98369
vn -0.15448 -0.09651 0.98327
vn -0.16951 -0.14411 0.97494
vn -0.18040 0.05000 0.98232
vn -0.18136 0.06228 0.98144
vn -0.18962 0.07978 0.97861
vn -0.19038 0.07930 0.97850
vn -0.18189 0.13172 0.97446
vn -0.04858 -0.28854 0.95624
vn -0.15734 -0.07742 0.98451
vn -0.18080 -0.09731 0.97869
vn -0.21963 0.03528 0.97494
vn 0.01252 -0.23311 0.97237
vn -0.06693 -0.24822 0.96639
vn -0.31479 0.15697 0.93609
vn -0.21648 0.08347 0.97271
vn -0.14642 0.20324 0.96812
vn -0.21871 0.20477 0.95406
vn 0.39170 0.14085 0.90925
vn 0.43103 0.13537 0.89212
vn -0.09436 0.25900 0.96126
vn -0.07426 0.24396 0.96694
vn -0.20540 -0.03037 0.97821
vn -0.21848 -0.05282 0.97441
vn -0.14398 0.24427 0.95896
vn -0.25536 0.00799 0.96681
vn -0.23902 0.03600 0.97035
vn -0.29825 0.29922 0.90638
vn -0.19877 -0.07912 0.97685
vn -0.26765 -0.18011 0.94653
vn -0.22836 0.08087 0.97021
vn -0.19913 0.27525 0.94052
vn -0.09112 0.25716 0.96206
vn -0.25569 0.21949 0.94151
vn -0.38774 0.24273 0.88924
vn -0.25221 -0.01904 0.96749
vn -0.24493 -0.02368 0.96925
vn -0.23985 -0.03129 0.97031
vn -0.24356 0.04789 0.96870
vn -0.24384 0.06583 0.96758
vn -0.24940 0.07855 0.96521
vn 0.03952 -0.31258 0.94907
vn -0.02318 0.28674 0.95773
vn 0.02773 0.28748 0.95739
vn 0.09042 0.29783 0.95033
vn 0.13153 0.31577 0.93967
vn -0.14187 -0.26692 0.95322
vn -0.26898 0.04821 0.96194
vn -0.22269 -0.25661 0.94051
vn -0.28988 -0.02019 0.95685
vn -0.30660 -0.00486 0.95183
vn -0.34124 -0.27174 0.89984
vn -0.41457 -0.03338 0.90940
vn -0.32762 -0.12141 0.93698
vn -0.36576 -0.15709 0.91736
vn -0.22699 0.13614 0.96433
vn -0.10324 0.30650 0.94626
vn -0.09782 0.31161 0.94516
vn -0.16130 0.34328 0.92528
vn 0.24742 -0.07717 0.96583
vn 0.28062 0.04550 0.95874
vn 0.21611 -0.13063 0.96759
vn 0.27623 -0.08304 0.95750
vn 0.41570 -0.28712 0.86300
vn 0.29087 0.02386 0.95646
vn 0.29967 0.03746 0.95331
vn 0.23602 0.16570 0.95752
vn 0.23881 0.19801 0.95067
vn 0.44254 -0.22476 0.86812
vn 0.30791 -0.32361 0.89469
vn 0.18124 0.23679 0.95451
vn 0.28845 0.11143 0.95099
vn 0.29221 0.14313 0.94558
vn 0.20338 0.26865 0.94152
vn 0.21727 0.29034 0.93193
vn 0.29296 0.04706 0.95497
vn 0.29123 0.05445 0.95510
vn 0.33950 0.20099 0.91888
vn 0.34731 -0.03750 0.93700
vn -0.17394 0.27277 0.94622
vn 0.30522 0.07072 0.94965
vn 0.30371 0.10053 0.94744
vn -0.30017 0.01831 0.95371
vn 0.32275 0.08189 0.94293
vn -0.29524 -0.04663 0.95428
vn -0.29664 0.04051 0.95413
vn -0.30845 0.06024 0.94933
vn -0.30342 0.08490 0.94907
vn -0.30314 0.07514 0.94998
vn -0.21887 0.19152 0.95677
vn 0.28905 0.17910 0.94041
vn 0.17490 0.28480 0.94250
vn -0.26294 0.06860 0.96237
vn -0.27345 0.12923 0.95317
vn 0.14046 -0.38406 0.91256
vn 0.24140 -0.21256 0.94686
vn 0.33962 0.08371 0.93683
vn 0.20991 0.28965 0.93383
vn 0.32741 0.03346 0.94429
vn 0.34360 0.03326 0.93853
vn 0.34848 0.05244 0.93585
vn 0.32186 0.03364 0.94619
vn 0.33550 0.05595 0.94038
vn 0.32929 0.03182 0.94369
vn 0.33303 0.14233 0.93211
vn 0.50915 0.16338 0.84503
vn 0.15106 -0.40717 0.90077
vn 0.23213 0.22384 0.94658
vn 0.26127 0.28488 0.92227
vn -0.20531 0.24341 0.94795
vn 0.37839 0.09823 0.92042
vn -0.25424 0.34791 0.90239
vn -0.13766 -0.39162 0.90977
vn -0.16457 -0.44222 0.88168
vn -0.08096 0.33028 0.94041
vn 0.34215 0.08593 0.93571
vn 0.38903 0.07910 0.91782
vn 0.43996 0.18891 0.87792
vn 0.53031 0.01456 0.84768
vn -0.35858 -0.38188 0.85182
vn -0.12749 0.36620 0.92176
vn -0.29855 0.06384 0.95226
vn -0.32303 0.02878 0.94595
vn 0.48128 0.24941 0.84033
vn 0.35000 0.03880 0.93595
vn -0.36319 -0.06022 0.92977
vn -0.38839 -0.04364 0.92046
vn -0.36221 0.07635 0.92896
vn -0.32127 -0.01053 0.94693
vn -0.28690 0.01086 0.95790
vn -0.27281 -0.06855 0.95962
vn -0.36488 -0.09922 0.92575
vn -0.35383 -0.02597 0.93495
vn -0.26908 0.19903 0.94233
vn -0.25780 0.24518 0.93457
vn 0.44231 -0.18318 0.87796
vn 0.00483 0.37820 0.92571
vn -0.06150 0.48154 0.87426
vn 0.36725 0.03743 0.92937
vn 0.38460 0.04125 0.92216
vn 0.38882 0.06071 0.91931
vn 0.41144 -0.06064 0.90942
vn 0.53713 -0.23106 0.81123
vn -0.35315 0.02553 0.93522
vn 0.38935 0.03745 0.92033
vn 0.35057 0.24249 0.90460
vn 0.36466 0.07126 0.92841
vn 0.38454 0.07706 0.91988
vn 0.02638 -0.42826 0.90327
vn 0.04852 0.46668 0.88309
vn 0.51661 -0.03153 0.85564
vn 0.08687 0.36690 0.92620
vn 0.07355 0.58775 0.80569
vn 0.12690 0.46633 0.87546
vn 0.39042 0.10692 0.91441
vn 0.39277 0.10795 0.91328
vn -0.56552 0.00482 0.82472
vn 0.32837 0.21262 0.92031
vn -0.24500 0.27324 0.93022
vn 0.37311 0.17422 0.91128
vn 0.05827 0.17450 0.98293
vn 0.44511 0.09074 0.89087
vn -0.05313 -0.02769 0.99820
vn 0.34433 -0.06054 0.93689
vn -0.30592 -0.35457 0.88357
vn -0.61821 0.40497 0.67366
vn 0.40207 -0.03305 0.91501
vn -0.18397 -0.52628 0.83017
vn 0.10151 -0.60051 0.79315
vn 0.38101 0.06567 0.92224
vn 0.40900 0.04521 0.91142
vn 0.37764 0.16383 0.91134
vn 0.37613 0.24054 0.89480
vn 0.42107 0.09382 0.90216
vn 0.43317 0.07722 0.89800
vn 0.42377 0.07845 0.90236
vn 0.18011 0.41257 0.89294
vn 0.41442 0.45729 0.78685
vn 0.55084 0.11988 0.82596
vn 0.43175 0.03750 0.90121
vn 0.43619 0.14836 0.88754
vn 0.62285 -0.29764 0.72351
vn 0.21182 0.45093 0.86706
vn -0.39756 -0.03794 0.91679
vn -0.25458 -0.31210 0.91530
vn -0.21705 0.33972 0.91514
vn -0.22328 0.28804 0.93123
vn -0.32511 -0.41027 0.85205
vn -0.36178 0.10022 0.92686
vn -0.32720 0.21422 0.92035
vn -0.35806 0.04896 0.93241
vn 0.41809 0.16190 0.89386
vn 0.41525 0.25278 0.87388
vn 0.49600 -0.13878 0.85716
vn 0.56907 -0.09473 0.81682
vn 0.44941 0.08296 0.88946
vn 0.44543 0.02332 0.89501
vn 0.46645 0.05663 0.88274
vn 0.45410 0.02788 0.89051
vn 0.46652 0.05827 0.88259
vn 0.47293 0.09119 0.87637
vn 0.47335 0.11194 0.87373
vn -0.41902 0.01366 0.90787
vn -0.42846 -0.02318 0.90326
vn -0.41938 -0.19535 0.88654
vn -0.36361 0.04824 0.93030
vn -0.37127 0.07608 0.92540
vn -0.36293 0.07863 0.92849
vn -0.37269 0.04780 0.92672
vn -0.39356 -0.10249 0.91357
vn -0.40511 0.00297 0.91426
vn -0.40467 -0.01205 0.91438
vn -0.36585 0.04597 0.92954
vn -0.31081 0.27196 0.91073
vn 0.30362 0.45827 0.83535
vn -0.52417 0.19105 0.82991
vn -0.40661 0.04350 0.91256
vn -0.27107 0.29109 0.91749
vn -0.29511 0.27489 0.91507
vn 0.53062 0.01933 0.84739
vn 0.46151 -0.28580 0.83984
vn 0.72440 -0.38153 0.57417
vn -0.31259 0.38895 0.86661
vn 0.49781 0.12862 0.85769
vn 0.51106 0.12130 0.85094
vn 0.50532 0.11330 0.85546
vn 0.50098 0.15124 0.85214
vn 0.49294 0.18999 0.84907
vn -0.38404 0.10323 0.91753
vn -0.38039 0.05840 0.92298
vn -0.60342 0.09682 0.79153
vn -0.61636 -0.05439 0.78559
vn -0.56234 -0.09912 0.82094
vn -0.39475 0.03134 0.91825
vn -0.39477 0.03187 0.91823
vn -0.44100 0.04065 0.89659
vn -0.42434 0.05082 0.90407
vn -0.62716 -0.18704 0.75610
vn 0.35296 0.34093 0.87131
vn 0.36008 0.40178 0.84197
vn -0.40089 -0.35668 0.84384
vn 0.34246 -0.52741 0.77753
vn 0.52341 0.10495 0.84559
vn -0.44659 0.02281 0.89445
vn -0.34320 0.27095 0.89934
vn -0.10582 0.50320 0.85766
vn -0.13124 0.52903 0.83839
vn 0.55050 0.03597 0.83406
vn 0.56708 0.00465 0.82365
vn 0.55411 0.26589 0.78884
vn 0.36869 0.36473 0.85501
vn -0.42133 0.07613 0.90371
vn -0.40686 0.17743 0.89609
vn -0.53812 0.32633 0.77713
vn -0.42816 0.02791 0.90327
vn -0.45037 0.00233 0.89284
vn -0.46054 0.39650 0.79416
vn -0.35027 0.27484 0.89542
vn -0.00089 0.54738 0.83688
vn 0.21140 -0.47761 0.85276
vn 0.41837 -0.43687 0.79631
vn -0.43421 0.08745 0.89655
vn -0.44837 0.19810 0.87162
vn -0.39299 0.28705 0.87359
vn 0.66387 -0.39307 0.63622
vn 0.68725 -0.26676 0.67567
vn 0.65712 -0.35581 0.66452
vn -0.19611 0.50389 0.84121
vn -0.53554 -0.12524 0.83517
vn 0.54006 0.10883 0.83456
vn 0.46509 0.37420 0.80229
vn -0.44280 -0.11601 0.88908
vn -0.45563 -0.04937 0.88880
vn -0.24945 0.69825 0.67099
vn -0.40287 0.23969 0.88331
vn -0.42470 0.29186 0.85700
vn -0.50042 0.05105 0.86427
vn -0.46861 -0.22278 0.85486
vn -0.53919 -0.18014 0.82269
vn -0.80937 -0.08098 0.58169
vn -0.65481 -0.01009 0.75573
vn -0.63049 0.09625 0.77021
vn -0.47092 0.01010 0.88212
vn -0.46978 0.04348 0.88171
vn -0.41594 0.16276 0.89471
vn -0.41183 0.32141 0.85270
vn -0.48990 0.05422 0.87009
vn -0.41892 0.26750 0.86773
vn -0.49597 -0.02155 0.86807
vn -0.49244 0.00756 0.87032
vn -0.51590 0.00910 0.85660
vn -0.46516 0.54107 0.70062
vn -0.48194 0.40588 0.77653
vn -0.71692 -0.06462 0.69415
vn -0.49990 0.12106 0.85758
vn -0.42010 0.17533 0.89038
vn -0.52508 -0.04407 0.84991
vn -0.55386 -0.03444 0.83190
vn -0.30426 0.43364 0.84817
vn -0.60839 0.29319 0.73750
vn -0.68851 -0.34654 0.63707
vn -0.50711 -0.15703 0.84746
vn -0.55987 -0.08740 0.82396
vn -0.52276 -0.03889 0.85159
vn -0.55347 0.01087 0.83280
vn -0.51094 -0.00310 0.85961
vn -0.47064 0.06654 0.87981
vn -0.46704 0.17102 0.86754
vn -0.24357 0.35850 0.90119
vn -0.49774 0.17843 0.84877
vn -0.25165 0.49005 0.83458
vn 0.26713 0.16135 0.95006
vn -0.34149 0.04369 0.93887
vn -0.34311 -0.03976 0.93845
vn 0.15500 -0.16250 0.97446
vn -0.51182 -0.05562 0.85729
vn -0.09016 -0.39151 0.91575
vn 0.28486 0.71631 0.63699
vn -0.60305 -0.12180 0.78835
vn -0.48400 0.23860 0.84191
vn -0.55287 0.02391 0.83292
vn -0.59486 0.16248 0.78724
vn -0.66820 0.02879 0.74343
vn -0.38226 -0.47918 0.79010
vn -0.46195 -0.18011 0.86842
vn -0.18044 -0.41228 0.89301
vn -0.31337 -0.45093 0.83574
vn -0.59270 -0.40092 0.69855
vn -0.61434 -0.47942 0.62669
vn -0.39015 0.48444 0.78301
vn -0.57873 0.11007 0.80806
vn -0.59872 -0.03774 0.80007
vn -0.69350 0.07106 0.71694
vn -0.59790 -0.08070 0.79750
vn -0.56933 -0.10727 0.81508
vn -0.62114 -0.14933 0.76934
vn -0.74081 -0.22176 0.63405
vn 0.17107 0.59172 0.78778
vn -0.66552 -0.08405 0.74163
vn -0.66439 -0.06472 0.74458
vn -0.29577 0.58138 0.75797
vn 0.32020 0.52108 0.79117
vn -0.64218 0.01248 0.76645
vn -0.68723 -0.04564 0.72500
vn -0.68675 0.28730 0.66771
vn -0.72208 -0.04319 0.69046
vn -0.81121 -0.22214 0.54092
vn 0.22957 0.63745 0.73549
vn -0.64924 -0.19544 0.73504
vn -0.66533 -0.29504 0.68577
vn -0.39441 0.73669 0.54929
vn -0.67400 0.17739 0.71711
vn 0.24835 -0.67578 0.69400
vn 0.08023 0.64046 0.76379
vn 0.13170 0.66745 0.73292
vn 0.02164 0.67594 0.73664
vn 0.75616 -0.19669 0.62413
vn -0.71173 0.07010 0.69895
vn 0.74903 0.16904 0.64061
vn -0.67617 0.45704 0.57785
vn -0.11590 0.64755 0.75316
vn -0.06586 0.65894 0.74931
vn -0.01676 0.67238 0.74002
vn -0.62000 0.54966 0.55989
vn 0.74646 0.23529 0.62245
vn -0.14114 0.65636 0.74113
vn -0.20080 0.65407 0.72930
vn 0.76416 -0.22245 0.60545
vn -0.06372 0.78327 0.61841
vn -0.75758 0.02563 0.65224
vn -0.80697 0.00713 0.59055
vn -0.74398 -0.13775 0.65385
vn -0.74915 -0.22903 0.62154
vn -0.77708 0.17208 0.60542
vn -0.73858 -0.24697 0.62730
vn -0.63828 -0.52668 0.56143
vn -0.64711 -0.42503 0.63294
vn -0.65976 -0.56258 0.49822
vn -0.78796 -0.12600 0.60270
vn -0.77725 0.18036 0.60278
vn 0.89053 -0.01555 0.45466
vn 0.73570 -0.12672 0.66535
vn 0.77776 0.00433 0.62854
vn 0.78613 -0.05612 0.61551
vn 0.78453 -0.15324 0.60086
vn 0.71186 -0.38010 0.59058
vn 0.49276 -0.64401 0.58518
vn -0.83953 0.18643 0.51032
vn -0.82220 0.29578 0.48631
vn -0.87370 0.00971 0.48637
vn 0.44069 -0.74255 0.50440
vn -0.81248 0.38324 0.43933
vn -0.07725 -0.92133 0.38103
vn -0.86163 -0.04280 0.50573
vn 0.69799 -0.45397 0.55383
vn -0.12807 0.71836 0.68378
vn -0.16295 0.71424 0.68067
vn -0.08877 0.72656 0.68134
vn -0.23829 0.66856 0.70445
vn -0.04562 0.74131 0.66960
vn -0.00557 0.73470 0.67837
vn 0.09926 0.74128 0.66381
vn 0.06597 0.75387 0.65370
vn -0.16968 0.65527 0.73609
vn -0.12600 0.68602 0.71659
vn -0.13980 0.50926 0.84918
vn -0.09855 0.64580 0.75712
vn -0.04983 0.73700 0.67405
vn -0.03957 0.63365 0.77261
vn -0.02371 0.59180 0.80574
vn 0.02404 0.75907 0.65057
vn 0.06069 0.62872 0.77526
vn 0.03014 0.76133 0.64766
vn 0.14379 0.72605 0.67244
vn 0.15278 0.68622 0.71117
vn 0.12389 0.71994 0.68289
vn 0.84788 0.32405 0.41963
vn 0.97250 -0.21967 -0.07743
vn 0.90769 -0.40947 -0.09178
vn 0.92260 -0.38575 0.00158
vn 0.97833 -0.20647 0.01575
vn 0.92778 -0.34818 -0.13417
vn 0.96487 -0.19436 -0.17679
vn 0.82080 -0.53646 -0.19622
vn 0.89955 -0.35886 -0.24906
vn 0.96930 -0.23422 0.07483
vn 0.90795 -0.40481 0.10845
vn 0.99637 -0.03683 0.07669
vn 0.99911 -0.03559 -0.02246
vn 0.98720 -0.09945 -0.12470
vn 0.99664 0.04912 -0.06552
vn 0.98527 0.06104 -0.15974
vn 0.96273 -0.01103 -0.27023
vn 0.98226 -0.15456 0.10615
vn 0.95848 -0.23878 0.15587
vn 0.98916 -0.02321 0.14502
vn 0.85645 -0.39596 0.33123
vn 0.91468 -0.11964 0.38608
vn 0.88446 -0.21878 -0.41216
vn 0.90578 0.42370 -0.00594
vn 0.95141 0.28592 0.11427
vn 0.84788 0.32405 0.41963
vn 0.96743 0.13833 -0.21202
vn 0.80509 0.36691 -0.46605
vn 0.82751 -0.39047 -0.40344
vn 0.88974 0.45302 -0.05608
vn 0.83775 0.53144 -0.12550
vn 0.82082 -0.09682 -0.56293
vn 0.79318 -0.60592 -0.06098
vn 0.74591 -0.66483 0.04017
vn 0.74711 -0.64351 0.16649
vn 0.75180 -0.51318 -0.41407
vn 0.76416 -0.22245 0.60545
vn 0.41570 -0.28712 0.86300
vn 0.63580 -0.25015 -0.73020
vn 0.69281 -0.16644 -0.70165
vn 0.73570 -0.12672 0.66535
vn 0.77776 0.00433 0.62854
vn 0.56247 -0.39419 -0.72680
vn 0.54353 -0.03026 -0.83884
vn 0.50915 0.16338 0.84503
vn 0.69833 0.71072 0.08492
vn 0.70939 0.70283 0.05285
vn 0.44069 -0.74255 0.50440
vn -0.97962 -0.04740 -0.19520
vn -0.98582 -0.14526 -0.08401
vn -0.95712 -0.26367 -0.12002
vn -0.97934 -0.20193 -0.01126
vn -0.99785 -0.06313 0.01768
vn -0.95566 -0.29256 -0.03356
vn -0.89296 -0.44813 0.04234
vn -0.82853 -0.54309 -0.13635
vn -0.96600 -0.23705 0.10317
vn -0.98355 -0.13866 0.11576
vn -0.99625 -0.01381 -0.08546
vn -0.97649 0.03161 0.21323
vn -0.88900 -0.34184 -0.30468
vn -0.90474 -0.00833 -0.42589
vn -0.97066 0.24028 0.00981
vn -0.97465 0.19748 -0.10513
vn -0.88004 0.40358 -0.25032
vn -0.92647 -0.21632 0.30800
vn -0.95161 -0.11125 0.28646
vn -0.82561 -0.47096 0.31076
vn -0.81248 0.38324 0.43933
vn -0.75852 -0.61525 -0.21475
vn -0.80098 -0.25488 -0.54172
vn -0.78958 0.39515 -0.46950
vn -0.73588 -0.47383 -0.48370
vn -0.68585 -0.62329 -0.37565
vn -0.76764 -0.08509 -0.63520
vn -0.80678 0.12837 -0.57673
vn -0.68291 0.37525 -0.62675
vn -0.54789 -0.35058 -0.75955
vn -0.84223 0.53449 -0.07057
vn -0.79747 0.59537 -0.09788
vn -0.63949 0.06155 -0.76634
vn -0.58282 -0.22727 -0.78017
vn -0.59849 -0.57807 -0.55466
vn -0.54114 -0.09988 -0.83498
vn -0.60500 -0.79598 0.01989
vn -0.78391 -0.60785 0.12651
vn -0.50213 -0.85790 -0.10895
vn -0.64141 -0.71075 0.28885
vn -0.44141 -0.86300 -0.24573
vn -0.52447 -0.69605 -0.49035
vn -0.86163 -0.04280 0.50573
vn -0.86664 0.05878 0.49545
vn -0.37240 -0.44568 -0.81406
vn -0.61434 -0.47942 0.62669
vn -0.78796 -0.12600 0.60270
vn -0.73858 -0.24697 0.62730
vn -0.69744 0.71137 0.08682
vn -0.53944 0.30050 -0.78658
vn -0.60342 0.09682 0.79153
vn -0.52060 0.79481 -0.31185
vn -0.44789 0.88418 -0.13274
vn -0.11179 0.91749 -0.38173
vn -0.12827 0.92613 -0.35473
vn -0.17983 0.91307 -0.36601
vn -0.19614 0.89354 -0.40386
vn -0.24836 0.86848 -0.42903
vn -0.17658 0.86416 -0.47122
vn -0.07771 0.91887 -0.38683
vn -0.05824 0.94986 -0.30720
vn -0.07357 0.94936 -0.30547
vn -0.18768 0.85484 -0.48377
vn -0.06951 0.84811 -0.52525
vn -0.28442 0.86083 -0.42200
vn -0.28410 0.85159 -0.44056
vn -0.31536 0.81389 -0.48798
vn -0.07919 0.79097 -0.60671
vn 0.02408 0.83872 -0.54403
vn 0.04775 0.93647 -0.34748
vn -0.01498 0.93414 -0.35660
vn 0.02302 0.95796 -0.28598
vn 0.03965 0.87234 -0.48730
vn 0.08866 0.93168 -0.35229
vn 0.13385 0.86982 -0.47486
vn 0.19380 0.91025 -0.36591
vn 0.22002 0.85728 -0.46547
vn 0.24882 0.86516 -0.43542
vn 0.26495 0.83444 -0.48323
vn -0.32873 0.77245 -0.54337
vn 0.09265 0.80007 -0.59271
vn 0.01500 0.77089 -0.63680
vn 0.21774 0.80545 -0.55122
vn -0.19962 0.73139 -0.65209
vn -0.16580 0.83660 -0.52212
vn -0.27697 0.83886 -0.46861
vn -0.27215 0.88788 -0.37095
vn -0.20532 0.93698 -0.28268
vn -0.12831 0.86134 -0.49155
vn -0.07695 0.78865 -0.61001
vn -0.15858 0.97863 -0.13089
vn -0.12638 0.98067 -0.14936
vn -0.03683 0.92523 -0.37760
vn -0.01520 0.76906 -0.63899
vn 0.05422 0.76140 -0.64601
vn 0.09144 0.90172 -0.42254
vn 0.24218 0.72121 -0.64901
vn 0.09883 0.66065 -0.74416
vn -0.39692 0.81963 -0.41310
vn -0.42253 0.86525 -0.26985
vn -0.30779 0.94077 -0.14220
vn -0.39620 0.76228 -0.51181
vn -0.40755 0.79311 -0.45263
vn -0.42257 0.76745 -0.48212
vn 0.10975 0.75175 -0.65026
vn -0.49959 0.73180 -0.46355
vn 0.01526 0.99699 0.07597
vn -0.37123 0.63645 -0.67610
vn 0.33853 0.81173 -0.47591
vn 0.23993 0.79032 -0.56376
vn 0.21572 0.89592 -0.38833
vn -0.05003 0.65424 -0.75463
vn 0.14006 0.99007 -0.01221
vn -0.50098 0.70290 -0.50492
vn 0.36862 0.75104 -0.54778
vn 0.35308 0.79752 -0.48919
vn 0.40139 0.79217 -0.45973
vn 0.32295 0.90941 -0.26207
vn 0.34312 0.76914 -0.53916
vn -0.12012 0.98167 0.14796
vn -0.19727 0.97943 0.04242
vn 0.38688 0.86170 -0.32834
vn -0.50433 0.86095 -0.06649
vn 0.43451 0.73139 -0.52562
vn 0.25132 0.96721 0.03669
vn -0.26615 0.59368 -0.75941
vn -0.56002 0.78016 -0.27879
vn -0.45942 0.64279 -0.61299
vn -0.22585 0.61998 -0.75141
vn 0.44518 0.68308 -0.57897
vn -0.01791 0.66805 -0.74390
vn -0.14145 0.68845 -0.71136
vn 0.19454 0.65180 -0.73301
vn 0.06999 0.71710 -0.69345
vn -0.01779 0.71683 -0.69702
vn 0.17298 0.75357 -0.63421
vn 0.14955 0.68286 -0.71507
vn 0.24051 0.74044 -0.62762
vn -0.00199 0.53676 -0.84373
vn -0.15798 0.66743 -0.72772
vn -0.26269 0.70862 -0.65486
vn -0.34114 0.64312 -0.68558
vn 0.32670 0.66514 -0.67145
vn 0.28510 0.77404 -0.56531
vn 0.32299 0.77734 -0.53984
vn 0.33894 0.70070 -0.62781
vn -0.38673 0.60821 -0.69319
vn 0.20532 0.48976 -0.84734
vn -0.47187 0.58472 -0.65988
vn -0.42412 0.58331 -0.69273
vn 0.42105 0.71768 -0.55466
vn 0.44196 0.72346 -0.53036
vn 0.40242 0.71660 -0.56969
vn 0.40157 0.58470 -0.70489
vn 0.33742 0.59542 -0.72912
vn 0.42616 0.61893 -0.65978
vn -0.20794 0.46412 -0.86102
vn 0.39025 0.50980 -0.76668
vn 0.44171 0.64506 -0.62353
vn 0.47776 0.67134 -0.56661
vn -0.46477 0.59817 -0.65282
vn 0.52078 0.73304 -0.43753
vn -0.51963 0.63393 -0.57281
vn -0.57115 0.66193 -0.48542
vn 0.50764 0.58196 -0.63531
vn 0.50466 0.84522 -0.17586
vn 0.46858 0.63235 -0.61689
vn -0.45657 0.39178 -0.79878
vn 0.49071 0.63468 -0.59698
vn 0.54989 0.60855 -0.57209
vn 0.53300 0.64876 -0.54316
vn 0.57384 0.77826 -0.25498
vn 0.54975 0.66668 -0.50330
vn 0.54879 0.61252 -0.56891
vn 0.52452 0.61887 -0.58470
vn 0.53781 0.62190 -0.56921
vn 0.53089 0.59946 -0.59899
vn 0.41256 0.90832 0.06889
vn 0.59594 0.58646 -0.54857
vn 0.55930 0.44774 -0.69764
vn 0.15144 0.31978 -0.93531
vn 0.61422 0.56242 -0.55355
vn 0.61373 0.53202 -0.58334
vn 0.67783 0.57855 -0.45369
vn 0.67955 0.64608 -0.34755
vn 0.62874 0.49904 -0.59636
vn 0.68631 0.51352 -0.51506
vn 0.38525 0.28029 -0.87921
vn -0.10178 0.29552 -0.94990
vn 0.65881 0.41526 -0.62732
vn 0.67247 0.73273 -0.10435
vn 0.67775 0.44801 -0.58304
vn 0.69479 0.48235 -0.53348
vn 0.54233 0.82979 0.13165
vn 0.11129 0.26628 -0.95745
vn 0.78007 0.52730 -0.33683
vn 0.78469 0.61327 -0.09032
vn -0.33131 0.23581 -0.91358
vn -0.16409 0.17287 -0.97118
vn 0.66949 0.71033 0.21731
vn -0.05592 0.12469 -0.99062
vn 0.83576 0.54233 -0.08589
vn -0.67617 0.45704 0.57785
vn -0.62000 0.54966 0.55989
vn -0.80666 0.57653 0.13009
vn -0.82465 0.44866 0.34446
vn -0.75109 0.63178 0.19161
vn -0.68363 0.71973 0.12103
vn -0.60182 0.71600 0.35378
vn -0.46516 0.54107 0.70062
vn -0.44040 0.54719 0.71178
vn -0.39311 0.64148 0.65876
vn -0.55911 0.77887 0.28419
vn -0.37206 0.70407 0.60485
vn -0.42894 0.88527 0.17974
vn -0.33505 0.88399 0.32603
vn -0.62364 0.77963 -0.05702
vn -0.50433 0.86095 -0.06649
vn -0.85808 0.50783 -0.07613
vn -0.68322 0.69021 -0.23837
vn -0.92024 0.38956 0.03733
vn -0.76054 0.61533 -0.20722
vn -0.82220 0.29578 0.48631
vn -0.48194 0.40588 0.77653
vn -0.46054 0.39650 0.79416
vn -0.96068 0.24642 0.12797
vn -0.60839 0.29319 0.73750
vn -0.83953 0.18643 0.51032
vn -0.79114 0.54767 -0.27233
vn -0.98534 0.08290 0.14910
vn -0.92976 0.29861 -0.21537
vn -0.86204 0.40301 -0.30736
vn -0.62583 0.68578 -0.37153
vn -0.56002 0.78016 -0.27879
vn -0.42253 0.86525 -0.26985
vn -0.67316 0.62037 -0.40250
vn -0.73450 0.54796 -0.40030
vn -0.80318 0.42682 -0.41561
vn -0.63779 0.61201 -0.46763
vn -0.95317 0.17491 -0.24671
vn -0.99227 0.06478 -0.10582
vn -0.76442 0.41711 -0.49161
vn -0.49959 0.73180 -0.46355
vn -0.83090 0.28215 -0.47958
vn -0.86879 0.23029 -0.43838
vn -0.66518 0.53466 -0.52122
vn -0.70884 0.44786 -0.54495
vn -0.79679 0.25570 -0.54749
vn -0.57115 0.66193 -0.48542
vn -0.61295 0.58312 -0.53316
vn -0.58305 0.60588 -0.54127
vn -0.51963 0.63393 -0.57281
vn -0.63826 0.47079 -0.60909
vn -0.57187 0.56165 -0.59793
vn -0.61035 0.51198 -0.60444
vn -0.77616 0.26322 -0.57297
vn -0.69664 0.35911 -0.62108
vn -0.50924 0.58267 -0.63338
vn -0.52530 0.56951 -0.63223
vn -0.55427 0.52941 -0.64227
vn -0.64596 0.40917 -0.64445
vn -0.68897 0.34138 -0.63936
vn -0.45942 0.64279 -0.61299
vn -0.72475 0.25336 -0.64073
vn -0.61601 0.39491 -0.68160
vn -0.46477 0.59817 -0.65282
vn -0.47187 0.58472 -0.65988
vn -0.57943 0.40582 -0.70680
vn -0.42412 0.58331 -0.69273
vn -0.37123 0.63645 -0.67610
vn -0.38673 0.60821 -0.69319
vn -0.45657 0.39178 -0.79878
vn -0.30779 0.94077 -0.14220
vn -0.19727 0.97943 0.04242
vn -0.29288 0.94763 -0.12733
vn -0.07544 0.99605 -0.04678
vn -0.37579 0.92609 -0.03369
vn 0.09889 0.99192 -0.07950
vn -0.15892 0.98535 0.06191
vn -0.53438 0.83485 0.13214
vn -0.10916 0.97437 -0.19671
vn -0.31871 0.92633 -0.20086
vn -0.41546 0.80193 -0.42931
vn 0.15838 0.97571 -0.15136
vn 0.35904 0.93290 0.02792
vn 0.33970 0.88941 0.30586
vn -0.18238 0.88477 0.42887
vn 0.09945 0.93492 -0.34063
vn -0.05515 0.86396 -0.50052
vn 0.22802 0.92779 -0.29532
vn 0.44428 0.89174 -0.08611
vn 0.48504 0.83813 -0.24956
vn 0.54428 0.83657 -0.06259
vn 0.26878 0.78203 -0.56230
vn -0.57659 0.77769 -0.25047
vn -0.71613 0.68888 -0.11226
vn -0.24945 0.69825 0.67099
vn -0.08222 0.55988 -0.82448
vn 0.11561 0.73160 -0.67186
vn 0.49907 0.62203 -0.60333
vn 0.69833 0.71072 0.08492
vn 0.70939 0.70283 0.05285
vn 0.84788 0.32405 0.41963
vn 0.83775 0.53144 -0.12550
vn 0.80509 0.36691 -0.46605
vn 0.90578 0.42370 -0.00594
vn 0.88974 0.45302 -0.05608
vn 0.07355 0.58775 0.80569
vn 0.41442 0.45729 0.78685
vn -0.93528 -0.30120 -0.18584
vn -0.93755 -0.34285 -0.05878
vn -0.83226 -0.53308 -0.15225
vn -0.75649 -0.65400 -0.00298
vn -0.84634 -0.42372 -0.32276
vn -0.59729 -0.76089 -0.25355
vn -0.92769 -0.35805 0.10582
vn -0.60736 -0.78862 -0.09591
vn -0.97862 -0.18168 0.09638
vn -0.78792 -0.54242 0.29148
vn -0.91403 -0.28485 0.28881
vn -0.99317 -0.06141 -0.09923
vn -0.95843 -0.11539 -0.26096
vn -0.88683 -0.11392 -0.44782
vn -0.80937 -0.08098 0.58169
vn -0.98994 0.10721 0.09237
vn -0.71280 -0.32512 -0.62146
vn -0.54019 -0.63732 -0.54956
vn -0.93521 0.12230 -0.33231
vn -0.81703 0.27684 -0.50580
vn -0.94678 0.23397 -0.22106
vn -0.95555 0.29208 -0.04012
vn -0.61821 0.40497 0.67366
vn -0.56194 -0.01445 -0.82705
vn -0.30592 -0.35457 0.88357
vn -0.84881 0.52657 0.04747
vn -0.83562 0.47019 -0.28401
vn -0.31821 0.35005 -0.88102
vn -0.71613 0.68888 -0.11226
vn -0.30230 -0.18228 -0.93562
vn -0.07147 -0.22865 -0.97088
vn -0.72364 0.59653 -0.34713
vn -0.56663 0.59495 -0.57006
vn -0.57659 0.77769 -0.25047
vn -0.41546 0.80193 -0.42931
vn -0.53438 0.83485 0.13214
vn -0.24945 0.69825 0.67099
vn -0.73868 -0.40402 -0.53956
vn -0.85391 -0.13049 -0.50379
vn -0.68663 -0.14736 -0.71192
vn -0.56809 -0.48771 -0.66288
vn -0.46941 -0.29010 -0.83396
vn -0.43265 -0.16046 -0.88717
vn -0.52226 -0.09766 -0.84718
vn -0.75049 -0.00808 -0.66084
vn -0.88107 -0.02423 -0.47236
vn -0.54270 -0.01472 -0.83980
vn -0.55405 0.04946 -0.83101
vn -0.82076 0.07268 -0.56664
vn -0.68050 0.19659 -0.70589
vn -0.90545 0.01870 -0.42404
vn -0.93117 0.05028 -0.36110
vn -0.93028 -0.21099 -0.30009
vn -0.87508 0.25663 -0.41034
vn -0.95076 0.12863 -0.28199
vn -0.97369 -0.00670 -0.22778
vn -0.97811 0.03873 -0.20446
vn -0.54946 0.43182 -0.71528
vn -0.75581 0.50468 -0.41720
vn -0.98596 0.08687 -0.14259
vn -0.97363 0.17462 -0.14682
vn -0.88029 0.42557 -0.20971
vn -0.93811 0.33270 -0.09623
vn -0.98340 -0.10745 -0.14619
vn -0.99205 0.02797 -0.12268
vn -0.99141 0.07042 -0.11022
vn -0.99659 0.01813 -0.08047
vn -0.98691 -0.12123 -0.10636
vn -0.99545 0.05282 -0.07926
vn -0.99401 0.07941 -0.07512
vn -0.98940 0.12860 -0.06744
vn -0.99480 0.08943 -0.04873
vn -0.99675 0.07048 -0.03899
vn -0.99746 0.05004 -0.05063
vn -0.99962 0.01385 -0.02370
vn -0.99157 -0.12184 -0.04402
vn -0.99047 0.13380 -0.03265
vn -0.99766 -0.05866 0.03508
vn -0.99839 0.05629 -0.00651
vn -0.96686 0.25397 -0.02604
vn -0.97404 0.22583 -0.01585
vn -0.98667 0.16272 0.00094
vn -0.99566 0.09052 0.02147
vn -0.99781 0.05614 0.03487
vn -0.99504 0.09948 0.00180
vn -0.99740 -0.00349 0.07196
vn -0.99127 0.12590 0.03914
vn -0.99287 0.10535 0.05576
vn -0.98632 0.14858 0.07143
vn -0.97708 0.19570 0.08380
vn -0.96963 0.24042 0.04495
vn -0.95156 0.30635 0.02617
vn -0.99217 0.07765 0.09787
vn -0.99428 0.05797 0.08976
vn -0.98788 0.11024 0.10925
vn -0.98395 0.13962 0.11111
vn -0.99209 0.00465 0.12540
vn -0.98614 0.06322 0.15342
vn -0.98159 0.09088 0.16801
vn -0.98611 -0.10229 0.13083
vn -0.97914 -0.18586 0.08206
vn -0.98129 0.02722 0.19062
vn -0.98175 -0.05456 0.18219
vn -0.96549 -0.18112 0.18717
vn -0.91389 -0.40440 -0.03548
vn -0.90832 -0.39793 -0.12884
vn -0.91598 0.40103 0.01245
vn -0.83476 -0.46261 -0.29859
vn -0.86255 0.50121 -0.06928
vn -0.96253 -0.04044 0.26815
vn -0.94011 -0.21307 0.26609
vn -0.90818 -0.37557 0.18481
vn -0.84779 -0.52279 0.08908
vn -0.91972 -0.22905 0.31883
vn -0.95973 -0.00657 0.28085
vn -0.94678 -0.05865 0.31650
vn -0.89271 -0.23971 0.38160
vn -0.85578 -0.44423 0.26516
vn -0.92480 -0.00531 0.38042
vn -0.86494 -0.07776 0.49582
vn -0.81224 -0.47347 0.34072
vn -0.67052 -0.69911 -0.24827
vn -0.66096 0.70381 -0.26035
vn -0.75816 0.63563 -0.14551
vn -0.87681 -0.22678 0.42399
vn -0.77264 -0.52990 0.34962
vn -0.77859 -0.47802 0.40656
vn -0.89323 -0.17714 0.41324
vn -0.81441 -0.30690 0.49249
vn -0.70173 -0.69421 0.16017
vn -0.69749 -0.71568 -0.03622
vn -0.67781 -0.69204 0.24831
vn -0.57303 -0.77143 0.27664
vn -0.59239 0.73906 -0.32073
vn -0.74819 0.61411 -0.25115
vn -0.48627 0.71685 -0.49966
vn -0.48777 -0.73892 -0.46484
vn -0.55790 0.61055 -0.56212
vn -0.92152 0.29055 -0.25764
vn -0.74137 0.20975 -0.63747
vn -0.89178 0.05809 -0.44873
vn -0.68086 0.03328 -0.73166
vn -0.92901 0.02634 -0.36911
vn -0.64679 0.06886 -0.75955
vn -0.88855 0.16058 -0.42976
vn -0.96502 0.09713 0.24351
vn -0.94065 0.11514 0.31926
vn -0.92524 0.22771 0.30343
vn -0.94102 0.13888 0.30852
vn -0.95586 0.16322 0.24432
vn -0.96400 0.15761 0.21416
vn -0.91075 0.17623 0.37347
vn -0.92898 0.11017 0.35335
vn -0.91068 0.22376 0.34726
vn -0.91627 0.11090 0.38490
vn -0.91153 0.14406 0.38516
vn -0.88451 0.26895 0.38118
vn -0.88989 0.18067 0.41887
vn -0.89934 0.16567 0.40465
vn -0.90411 0.31327 0.29060
vn -0.88649 0.18012 0.42626
vn -0.88463 0.21939 0.41145
vn -0.87581 0.19118 0.44319
vn -0.87631 0.21658 0.43031
vn -0.85659 0.23768 0.45799
vn -0.86970 0.29951 0.39233
vn -0.86096 0.31049 0.40291
vn -0.85213 0.23483 0.46768
vn -0.84416 0.29490 0.44769
vn -0.86429 0.31232 0.39429
vn -0.82276 0.35731 0.44203
vn -0.84619 0.38735 0.36596
vn -0.85154 0.40644 0.33118
vn -0.82646 0.25635 0.50125
vn -0.80466 0.30318 0.51049
vn -0.79509 0.35791 0.48963
vn -0.79546 0.30496 0.52368
vn -0.83125 0.44731 0.33006
vn -0.81907 0.45573 0.34846
vn -0.78861 0.27602 0.54946
vn -0.93032 0.32137 0.17669
vn -0.94047 0.30958 0.14029
vn -0.85512 0.47577 0.20595
vn -0.80249 0.46207 0.37750
vn -0.78155 0.42869 0.45321
vn -0.78659 0.50273 0.35853
vn -0.76336 0.32010 0.56108
vn -0.77181 0.54362 0.32983
vn -0.77592 0.27377 0.56832
vn -0.75358 0.34569 0.55912
vn -0.73058 0.44789 0.51541
vn -0.70582 0.36887 0.60477
vn -0.73246 0.28853 0.61664
vn -0.73478 0.45035 0.50723
vn -0.75974 0.42724 0.49017
vn -0.73694 0.35738 0.57375
vn -0.75128 0.51814 0.40879
vn -0.98495 0.11931 0.12507
vn -0.68143 0.28021 0.67612
vn -0.80956 0.51641 0.27918
vn -0.84910 0.47238 0.23641
vn -0.70007 0.43206 0.56853
vn -0.72440 0.48548 0.48944
vn -0.66923 0.36994 0.64442
vn -0.66640 0.52276 0.53162
vn -0.71453 0.56745 0.40920
vn -0.74772 0.58194 0.31980
vn -0.72912 0.40039 0.55504
vn -0.73213 0.55192 0.39921
vn -0.70077 0.54764 0.45719
vn -0.84071 0.52114 0.14704
vn -0.75257 0.52163 0.40193
vn -0.72458 0.60347 0.33288
vn -0.65498 0.29178 0.69704
vn -0.60354 0.40261 0.68822
vn -0.72413 0.64349 0.24810
vn -0.74806 0.52061 0.41154
vn -0.84666 0.32702 0.41980
vn -0.80075 0.23489 0.55102
vn -0.88101 0.08044 0.46621
vn -0.93424 0.09920 0.34258
vn -0.79791 0.08529 0.59671
vn -0.95124 0.18414 0.24745
vn -0.82593 0.46458 0.31939
vn -0.72512 0.63012 0.27775
vn -0.70057 0.65191 0.29020
vn -0.69299 0.21331 0.68867
vn -0.62069 0.36766 0.69251
vn -0.73540 0.60147 0.31212
vn -0.82613 0.53216 0.18521
vn -0.70576 0.61129 0.35808
vn -0.73968 0.61231 0.27920
vn -0.59201 0.51054 0.62360
vn -0.68586 0.01065 0.72766
vn -0.68963 0.58677 0.42440
vn -0.68203 0.54261 0.49032
vn -0.72888 0.46283 0.50450
vn -0.67814 0.62214 0.39124
vn -0.72779 0.40590 0.55278
vn -0.65409 0.51363 0.55529
vn -0.58394 0.55321 0.59411
vn -0.78284 0.26840 0.56136
vn -0.80255 0.27740 0.52817
vn -0.73545 0.46064 0.49692
vn -0.75626 0.49606 0.42661
vn -0.79214 0.45951 0.40170
vn -0.84861 0.32744 0.41550
vn -0.83568 0.44826 0.31734
vn -0.86295 0.20410 0.46224
vn -0.90234 0.22426 0.36809
vn -0.90160 0.28702 0.32362
vn -0.84676 0.46068 0.26601
vn -0.91551 0.26035 0.30670
vn -0.90929 0.33688 0.24434
vn -0.76453 0.21377 0.60811
vn -0.71198 0.35164 0.60780
vn -0.84102 0.15572 0.51811
vn -0.72516 0.61152 0.31651
vn -0.75658 0.59133 0.27913
vn -0.77283 0.58537 0.24511
vn -0.67931 0.66037 0.32008
vn -0.69735 0.65714 0.28613
vn -0.88546 0.42842 0.18004
vn -0.61692 0.47176 0.62996
vn -0.69479 0.66490 0.27418
vn -0.80810 0.14303 0.57141
vn -0.78744 0.10590 0.60723
vn -0.81250 0.54645 0.20305
vn -0.81635 0.11415 0.56616
vn -0.77672 0.58838 0.22476
vn -0.94823 0.29705 0.11239
vn -0.84713 0.51263 0.13994
vn -0.92517 0.12988 0.35665
vn -0.93974 0.29034 0.18054
vn -0.94703 0.17748 0.26765
vn -0.96165 0.18803 0.19968
vn -0.66676 0.29448 0.68462
vn -0.89839 0.10332 0.42687
vn -0.74020 0.14779 0.65594
vn -0.66813 0.15579 0.72755
vn -0.75236 0.06577 0.65546
vn -0.95115 0.12279 0.28327
vn -0.94217 0.31275 0.12040
vn -0.90181 0.42273 0.08961
vn -0.92816 0.08536 0.36227
vn -0.85571 0.07010 0.51269
vn -0.81894 0.57369 0.01507
vn -0.58360 0.34141 0.73679
vn -0.72376 0.67528 0.14198
vn -0.90718 0.05126 0.41761
vn -0.87288 0.02269 0.48741
vn -0.90752 0.02125 0.41946
vn -0.61466 0.31216 0.72440
vn -0.83930 0.54341 0.01691
vn -0.98724 0.15746 0.02365
vn -0.60495 0.78510 0.13288
vn -0.85228 0.51874 0.06732
vn -0.97236 0.19059 0.13491
vn -0.65457 0.73522 0.17605
vn -0.57956 0.80009 0.15483
vn -0.97085 0.13481 0.19820
vn -0.96691 0.10320 0.23330
vn -0.64849 0.75775 0.07268
vn -0.94788 0.06244 0.31246
vn -0.96923 0.06560 0.23726
vn -0.92262 0.38475 0.02723
vn -0.84453 0.53451 0.03272
vn -0.97402 0.20957 0.08587
vn -0.99022 0.13750 -0.02345
vn -0.94603 0.32145 -0.04122
vn -0.97742 0.13069 0.16601
vn -0.82749 0.02831 0.56077
vn -0.79338 0.03420 0.60776
vn -0.89103 -0.03131 0.45286
vn -0.98854 0.12588 0.08333
vn -0.99700 0.07740 0.00137
vn -0.84543 0.53401 -0.00879
vn -0.83993 -0.03196 0.54175
vn -0.83721 -0.10460 0.53678
vn -0.78788 -0.00170 0.61583
vn -0.99385 -0.07496 0.08152
vn -0.75616 0.01823 0.65413
vn -0.75614 -0.00760 0.65437
vn -0.60496 0.26640 0.75037
vn -0.54462 0.47306 0.69253
vn -0.53312 0.56318 0.63136
vn -0.56810 0.26648 0.77862
vn -0.50417 0.52767 0.68366
vn -0.54833 0.35304 0.75808
vn -0.80421 -0.03865 0.59309
vn -0.82538 -0.08968 0.55742
vn -0.92674 -0.14757 0.34550
vn -0.54200 0.34211 0.76760
vn -0.96671 -0.18687 0.17478
vn -0.66582 0.02886 0.74555
vn -0.70026 0.00951 0.71382
vn -0.71300 -0.02518 0.70072
vn -0.76278 -0.03837 0.64552
vn -0.75920 -0.06974 0.64711
vn -0.47022 0.58796 0.65818
vn -0.51187 0.45989 0.72560
vn -0.56215 0.27884 0.77861
vn -0.59288 0.12246 0.79592
vn -0.56267 0.25443 0.78655
vn -0.49999 0.31665 0.80606
vn -0.57282 0.11139 0.81208
vn -0.55496 0.24008 0.79648
vn -0.79094 -0.15693 0.59143
vn -0.78163 -0.11009 0.61395
vn -0.53749 0.24315 0.80746
vn -0.52998 0.25464 0.80888
vn -0.65351 0.75679 -0.01392
vn -0.70064 -0.06626 0.71043
vn -0.47894 0.30775 0.82213
vn -0.47562 0.27889 0.83427
vn -0.72197 -0.10312 0.68420
vn -0.98591 0.13206 -0.10266
vn -0.79897 0.59725 -0.07025
vn -0.85342 0.51722 -0.06447
vn -0.98202 0.07186 -0.17455
vn -0.94101 0.28026 -0.18965
vn -0.73952 -0.17886 0.64893
vn -0.73809 0.63148 -0.23761
vn -0.70229 -0.10535 0.70405
vn -0.55347 0.01087 0.83280
vn -0.48400 0.23860 0.84191
vn -0.49400 0.33787 0.80113
vn -0.44562 0.49850 0.74359
vn -0.42318 0.61183 0.66827
vn -0.40118 0.61910 0.67511
vn -0.65160 -0.04835 0.75702
vn -0.66052 -0.08361 0.74614
vn -0.43947 0.50906 0.74008
vn -0.45622 0.38457 0.80248
vn -0.51069 0.18372 0.83990
vn -0.54776 0.09683 0.83102
vn -0.60326 0.10768 0.79025
vn -0.59184 0.03507 0.80529
vn -0.70382 -0.15018 0.69432
vn -0.68116 -0.13457 0.71966
vn -0.49134 0.24912 0.83458
vn -0.46787 0.35641 0.80874
vn -0.61275 -0.01639 0.79011
vn -0.44837 0.19810 0.87162
vn -0.49990 0.12106 0.85758
vn -0.39015 0.48444 0.78301
vn -0.38080 0.61407 0.69131
vn -0.42470 0.29186 0.85700
vn -0.39299 0.28705 0.87359
vn -0.41892 0.26750 0.86773
vn -0.59872 -0.03774 0.80007
vn -0.55386 -0.03444 0.83190
vn -0.79168 -0.28697 0.53933
vn -0.48990 0.05422 0.87009
vn -0.56293 -0.01475 0.82638
vn -0.42057 0.22761 0.87825
vn -0.64326 -0.11358 0.75718
vn -0.35598 0.59352 0.72181
vn -0.58030 -0.07861 0.81060
vn -0.54959 -0.08305 0.83130
vn -0.74215 -0.38017 0.55198
vn -0.72262 -0.30267 0.62146
vn -0.62114 -0.14933 0.76934
vn -0.60520 -0.06963 0.79302
vn -0.36752 0.43649 0.82122
vn -0.32148 0.58914 0.74133
vn -0.59371 -0.10884 0.79728
vn -0.32482 0.62961 0.70575
vn -0.29577 0.58138 0.75797
vn -0.62192 -0.19380 0.75872
vn -0.64278 -0.23986 0.72753
vn -0.59496 -0.19251 0.78036
vn -0.66878 -0.30517 0.67794
vn -0.48207 0.01079 0.87606
vn -0.42962 0.07280 0.90007
vn -0.96827 -0.23562 -0.08323
vn -0.87217 -0.42020 0.25050
vn -0.48600 -0.05840 0.87201
vn -0.33121 0.42844 0.84068
vn -0.37252 0.21121 0.90367
vn -0.32255 0.21438 0.92196
vn -0.37101 0.18289 0.91044
vn -0.24932 0.57382 0.78011
vn -0.23829 0.66856 0.70445
vn -0.56131 -0.18561 0.80652
vn -0.52641 -0.12017 0.84170
vn -0.52972 -0.16511 0.83195
vn -0.50093 -0.12192 0.85686
vn -0.32154 0.58974 0.74082
vn -0.72287 0.65275 -0.22666
vn -0.48717 0.87193 -0.04904
vn -0.40723 -0.01494 0.91320
vn -0.44336 -0.08465 0.89234
vn -0.35774 0.03973 0.93297
vn -0.20095 0.41365 0.88798
vn -0.24989 0.22381 0.94205
vn -0.30723 0.04263 0.95068
vn -0.45710 -0.19374 0.86805
vn -0.43832 -0.30320 0.84614
vn -0.53005 -0.32018 0.78520
vn -0.55800 -0.32718 0.76262
vn -0.45282 -0.13888 0.88072
vn -0.58097 -0.40541 0.70578
vn -0.38952 -0.06108 0.91899
vn -0.31808 -0.01946 0.94786
vn -0.41431 -0.11668 0.90262
vn -0.66533 -0.29504 0.68577
vn -0.76905 -0.48718 0.41380
vn -0.89478 0.38626 -0.22398
vn -0.33109 -0.06112 0.94162
vn -0.36400 -0.12935 0.92237
vn -0.22893 0.09144 0.96914
vn -0.40462 -0.19226 0.89405
vn -0.38919 -0.15640 0.90778
vn -0.61288 -0.54405 0.57305
vn -0.62678 -0.56351 0.53815
vn -0.51872 0.85494 0.00021
vn -0.16968 0.65527 0.73609
vn -0.56371 -0.52712 0.63591
vn -0.40052 -0.28261 0.87162
vn -0.29121 -0.09841 0.95158
vn -0.43409 -0.36017 0.82574
vn -0.54658 -0.48111 0.68540
vn -0.24944 -0.02266 0.96813
vn -0.24366 -0.06882 0.96742
vn -0.35477 -0.20355 0.91253
vn -0.90262 -0.42347 0.07718
vn -0.48108 -0.46153 0.74535
vn -0.44902 -0.57438 0.68445
vn -0.31402 -0.16933 0.93419
vn -0.27540 -0.14003 0.95108
vn -0.13980 0.50926 0.84918
vn -0.17507 0.24044 0.95475
vn -0.09016 0.33257 0.93876
vn -0.74646 -0.37394 0.55043
vn -0.64924 -0.19544 0.73504
vn -0.74915 -0.22903 0.62154
vn -0.83057 -0.41093 0.37588
vn -0.82684 -0.24578 0.50589
vn -0.74398 -0.13775 0.65385
vn -0.79241 -0.02088 0.60963
vn -0.68723 -0.04564 0.72500
vn -0.64218 0.01248 0.76645
vn -0.71173 0.07010 0.69895
vn -0.81359 0.16962 0.55614
vn -0.67400 0.17739 0.71711
vn -0.77708 0.17208 0.60542
vn -0.93863 0.23492 0.25256
vn -0.86049 0.14303 0.48898
vn -0.88557 0.15164 0.43906
vn -0.69350 0.07106 0.71694
vn -0.89038 0.09960 0.44419
vn -0.75758 0.02563 0.65224
vn -0.80697 0.00713 0.59055
vn -0.96744 0.10703 0.22934
vn -0.90664 0.08085 0.41410
vn -0.88978 -0.06733 0.45139
vn -0.96765 0.17990 0.17687
vn -0.96656 0.18730 0.17517
vn -0.97171 0.19646 0.13110
vn -0.96829 0.13073 0.21287
vn -0.98465 0.15669 0.07689
vn -0.98200 -0.08256 0.16988
vn -0.90093 0.03898 0.43222
vn -0.82737 0.01578 0.56144
vn -0.95806 0.10132 0.26804
vn -0.96586 0.12355 0.22769
vn -0.86386 0.00925 0.50365
vn -0.66439 -0.06472 0.74458
vn -0.66552 -0.08405 0.74163
vn -0.96021 0.20076 0.19416
vn -0.72208 -0.04319 0.69046
vn -0.87103 0.09608 0.48174
vn -0.86759 0.25449 0.42723
vn -0.77725 0.18036 0.60278
vn -0.77041 0.36826 0.52043
vn -0.60305 -0.12180 0.78835
vn -0.51182 -0.05562 0.85729
vn -0.59486 0.16248 0.78724
vn -0.68675 0.28730 0.66771
vn -0.91391 0.38832 0.11821
vn -0.80775 0.56767 0.15905
vn -0.89064 -0.28055 0.35784
vn -0.75420 0.58242 0.30326
vn -0.83607 0.47395 0.27634
vn -0.65481 -0.01009 0.75573
vn -0.96038 0.09600 0.26163
vn -0.74081 -0.22176 0.63405
vn -0.94813 -0.29579 0.11641
vn -0.64711 -0.42503 0.63294
vn -0.98435 0.17404 0.02749
vn -0.99430 0.10126 -0.03343
vn -0.95696 0.28769 -0.03839
vn -0.96942 0.23957 -0.05320
vn -0.93397 -0.35256 0.05832
vn -0.85940 -0.46277 0.21742
vn -0.97956 0.15519 -0.12799
vn -0.95572 0.23912 -0.17150
vn -0.91096 0.24802 -0.32960
vn -0.96178 0.21868 -0.16482
vn -0.95418 0.20051 -0.22213
vn -0.95099 0.25573 -0.17381
vn -0.88173 0.41995 -0.21492
vn -0.79287 -0.53194 0.29731
vn -0.97262 -0.17649 -0.15120
vn -0.63828 -0.52668 0.56143
vn -0.87939 0.45539 -0.13891
vn -0.77010 0.61143 -0.18194
vn -0.61018 -0.65830 0.44082
vn -0.80383 -0.57766 0.14200
vn -0.35484 -0.31169 0.88144
vn -0.66559 0.74343 -0.06560
vn -0.80246 -0.58402 0.12239
vn -0.84890 -0.50429 0.15832
vn -0.83719 -0.54586 0.03396
vn -0.92478 0.08302 -0.37134
vn -0.88873 0.23904 -0.39119
vn -0.30090 -0.19759 0.93296
vn -0.31417 -0.28206 0.90650
vn -0.35774 -0.46509 0.80976
vn -0.43924 -0.73051 0.52290
vn -0.23439 -0.21692 0.94763
vn -0.24592 -0.18642 0.95120
vn -0.23209 -0.13726 0.96296
vn -0.29396 -0.43048 0.85339
vn -0.42692 -0.68671 0.58836
vn -0.17468 0.04105 0.98377
vn -0.58169 -0.74244 0.33231
vn -0.30690 -0.54488 0.78033
vn -0.18726 -0.06363 0.98025
vn -0.37974 -0.62007 0.68652
vn -0.18119 -0.22889 0.95644
vn -0.18070 -0.12056 0.97612
vn -0.18721 -0.16995 0.96751
vn -0.84274 -0.53832 -0.00299
vn -0.89288 -0.42368 -0.15253
vn -0.14924 0.17035 0.97402
vn -0.15092 0.02498 0.98823
vn -0.20473 -0.35593 0.91181
vn -0.44240 -0.76014 0.47589
vn -0.62886 0.77262 -0.08718
vn -0.93784 -0.07353 -0.33918
vn -0.14902 -0.06574 0.98665
vn -0.65976 -0.56258 0.49822
vn -0.82289 -0.50270 0.26485
vn -0.59270 -0.40092 0.69855
vn -0.68851 -0.34654 0.63707
vn -0.88137 -0.44512 0.15828
vn -0.81121 -0.22214 0.54092
vn -0.91126 -0.39462 0.11779
vn -0.93392 -0.16607 0.31658
vn -0.93237 -0.02693 0.36050
vn -0.71692 -0.06462 0.69415
vn -0.56552 0.00482 0.82472
vn -0.87370 0.00971 0.48637
vn -0.99536 -0.05711 0.07748
vn -0.98534 0.08290 0.14910
vn -0.83953 0.18643 0.51032
vn -0.81936 -0.57194 -0.03923
vn -0.78328 -0.61699 -0.07614
vn -0.87601 0.30235 -0.37576
vn -0.81553 0.36207 -0.45146
vn -0.70822 0.66607 -0.23402
vn -0.86412 -0.43627 -0.25093
vn -0.30933 -0.68384 0.66082
vn -0.17660 -0.53800 0.82424
vn -0.19868 -0.67642 0.70921
vn -0.87649 -0.23325 -0.42114
vn -0.85325 -0.02468 -0.52092
vn -0.53446 0.83024 -0.15828
vn -0.82771 0.23843 -0.50798
vn -0.81262 0.35980 -0.45846
vn -0.83808 0.28315 -0.46630
vn -0.84042 -0.48979 -0.23196
vn -0.59356 0.74982 -0.29232
vn -0.15056 -0.37639 0.91415
vn -0.81445 0.28262 -0.50675
vn -0.65332 0.49295 -0.57460
vn -0.80014 0.19676 -0.56662
vn -0.51676 0.82796 -0.21783
vn -0.79139 -0.56844 -0.22488
vn -0.85906 -0.24830 -0.44763
vn -0.82324 -0.42026 -0.38164
vn -0.72455 0.45020 -0.52186
vn -0.83474 -0.26408 -0.48319
vn -0.83761 0.02786 -0.54555
vn -0.41681 0.90317 -0.10272
vn -0.39518 0.90842 -0.13640
vn -0.78291 -0.45749 -0.42160
vn -0.78141 -0.14191 -0.60767
vn -0.76788 -0.30605 -0.56276
vn 0.02265 0.99972 -0.00698
vn 0.44414 0.89523 0.03602
vn 0.17264 0.96127 0.21485
vn 0.38604 0.91831 -0.08767
vn 0.05652 0.98922 -0.13506
vn 0.28069 0.93780 -0.20432
vn 0.03953 0.97974 -0.19633
vn -0.23489 0.96514 0.11542
vn 0.06305 0.87170 -0.48596
vn 0.37733 0.69250 -0.61488
vn 0.59392 0.77383 -0.22012
vn 0.60400 0.77625 0.18060
vn -0.18772 0.96550 -0.18046
vn -0.12466 0.95987 -0.25120
vn -0.44789 0.88418 -0.13274
vn -0.21057 0.82365 -0.52656
vn -0.46948 0.88262 -0.02378
vn 0.28486 0.71631 0.63699
vn -0.32729 0.88231 -0.33824
vn -0.52060 0.79481 -0.31185
vn -0.39441 0.73669 0.54929
vn -0.06372 0.78327 0.61841
vn -0.69744 0.71137 0.08682
vn 0.75027 0.65488 -0.09069
vn 0.78219 0.61903 0.07057
vn -0.54012 0.71117 -0.45002
vn -0.46732 0.50569 -0.72518
vn -0.81248 0.38324 0.43933
vn 0.83473 0.39714 -0.38144
vn 0.87261 0.36212 0.32774
vn 0.26713 0.16135 0.95006
vn -0.79747 0.59537 -0.09788
vn -0.84223 0.53449 -0.07057
vn -0.44141 -0.86300 -0.24573
vn -0.04670 -0.93863 -0.34174
vn -0.33304 -0.80742 -0.48699
vn 0.01107 -0.99639 -0.08419
vn -0.50213 -0.85790 -0.10895
vn 0.00665 -0.99872 0.05022
vn -0.60500 -0.79598 0.01989
vn -0.07725 -0.92133 0.38103
vn -0.64141 -0.71075 0.28885
vn -0.52447 -0.69605 -0.49035
vn 0.56766 -0.82061 -0.06597
vn 0.24110 -0.84176 -0.48302
vn 0.52541 -0.83488 0.16409
vn 0.48539 -0.80227 0.34751
vn 0.24835 -0.67578 0.69400
vn -0.03558 -0.69365 -0.71943
vn -0.24901 -0.60928 -0.75284
vn -0.01251 -0.26443 -0.96432
vn -0.37240 -0.44568 -0.81406
vn -0.61434 -0.47942 0.62669
vn -0.00459 -0.91754 -0.39761
vn 0.31953 -0.87990 -0.35169
vn 0.40897 -0.45285 -0.79226
vn 0.01291 -0.53699 -0.84349
vn -0.33179 -0.84776 -0.41378
vn -0.08307 -0.98759 -0.13330
vn -0.59729 -0.76089 -0.25355
vn -0.60736 -0.78862 -0.09591
vn -0.54019 -0.63732 -0.54956
vn -0.32871 -0.94249 -0.06048
vn -0.75649 -0.65400 -0.00298
vn -0.28746 -0.95559 0.06490
vn -0.59617 -0.78760 0.15581
vn -0.18992 -0.90087 0.39034
vn -0.50877 -0.70923 0.48800
vn -0.78792 -0.54242 0.29148
vn -0.07147 -0.22865 -0.97088
vn -0.30592 -0.35457 0.88357
vn -0.18397 -0.52628 0.83017
vn 0.10151 -0.60051 0.79315
vn 0.28084 -0.95976 -0.00048
vn 0.34758 -0.92814 0.13319
vn 0.08280 -0.99657 -0.00116
vn 0.44069 -0.74255 0.50440
vn 0.46769 -0.88386 0.00776
vn 0.54763 -0.82392 -0.14579
vn 0.65416 -0.75612 -0.01868
vn 0.54182 -0.75371 -0.37196
vn 0.74591 -0.66483 0.04017
vn 0.74711 -0.64351 0.16649
vn 0.67527 -0.65026 -0.34808
vn 0.79318 -0.60592 -0.06098
vn 0.82080 -0.53646 -0.19622
vn 0.85645 -0.39596 0.33123
vn 0.75180 -0.51318 -0.41407
vn 0.56247 -0.39419 -0.72680
vn -0.71279 -0.25080 -0.65501
vn -0.78291 -0.45749 -0.42160
vn -0.70544 -0.25804 -0.66013
vn -0.76788 -0.30605 -0.56276
vn 0.97350 0.20759 -0.09592
vn 0.81472 0.54009 -0.21103
vn 0.90897 0.41167 -0.06557
vn 0.00808 -0.98877 -0.14923
vn -0.01239 -0.98587 -0.16708
vn 0.00312 -0.98536 -0.17047
vn 0.03319 -0.99144 -0.12625
vn 0.04887 -0.99044 -0.12898
vn 0.07541 -0.99128 -0.10805
vn 0.08820 -0.93640 -0.33966
vn 0.13569 -0.98945 -0.05081
vn 0.02960 -0.93550 -0.35207
vn 0.18398 -0.96667 -0.17802
vn 0.04455 -0.85573 -0.51551
vn 0.16221 -0.98667 -0.01312
vn 0.15179 -0.98833 0.01308
vn 0.15724 -0.98685 0.03744
vn 0.14520 -0.98791 0.05429
vn 0.36807 -0.92458 0.09841
vn 0.09510 -0.99439 0.04639
vn 0.12670 -0.98969 0.06672
vn 0.12510 -0.99002 0.06484
vn 0.12540 -0.98959 0.07056
vn 0.33090 -0.93174 0.14955
vn 0.27083 -0.94523 0.18220
vn 0.40822 -0.87922 0.24563
vn 0.31660 -0.90108 0.29634
vn 0.23758 -0.95155 0.19521
vn 0.26234 -0.92787 0.26502
vn 0.11111 -0.98732 0.11337
vn 0.11211 -0.98762 0.10975
vn 0.11765 -0.98895 0.09016
vn 0.10878 -0.98746 0.11440
vn 0.25062 -0.93224 0.26098
vn 0.10525 -0.98761 0.11643
vn 0.39605 -0.83876 0.37365
vn 0.10242 -0.98771 0.11809
vn 0.19008 -0.95022 0.24690
vn 0.26431 -0.90488 0.33367
vn 0.24594 -0.89971 0.36060
vn 0.20506 -0.93722 0.28207
vn 0.30938 -0.82269 0.47693
vn 0.26881 -0.90185 0.33825
vn 0.16891 -0.95080 0.25972
vn 0.20973 -0.92435 0.31874
vn 0.34226 -0.80279 0.48825
vn 0.08389 -0.98868 0.12441
vn 0.08223 -0.98925 0.12092
vn 0.08821 -0.98985 0.11142
vn 0.08012 -0.99074 0.10963
vn 0.07205 -0.99061 0.11617
vn 0.07999 -0.98956 0.11991
vn 0.15145 -0.95171 0.26706
vn 0.23684 -0.89118 0.38693
vn 0.16613 -0.92379 0.34497
vn 0.26953 -0.80753 0.52463
vn 0.37006 -0.72755 0.57768
vn 0.27506 -0.81264 0.51377
vn 0.40670 -0.58917 0.69819
vn 0.11054 -0.96669 0.23083
vn 0.16767 -0.90938 0.38069
vn 0.26262 -0.81111 0.52261
vn 0.14791 -0.90676 0.39485
vn 0.11054 -0.95178 0.28616
vn 0.09880 -0.95910 0.26528
vn 0.04778 -0.99192 0.11754
vn 0.04004 -0.99253 0.11521
vn 0.03639 -0.99217 0.11949
vn 0.04699 -0.99207 0.11654
vn 0.09186 -0.96271 0.25446
vn 0.12017 -0.95586 0.26813
vn 0.06047 -0.99155 0.11477
vn 0.19582 -0.80904 0.55418
vn 0.18387 -0.74631 0.63970
vn 0.23934 -0.57984 0.77878
vn 0.17302 -0.84043 0.51356
vn 0.22635 -0.62928 0.74349
vn 0.17530 -0.74710 0.64118
vn 0.08707 -0.98873 0.12181
vn 0.38412 -0.79565 0.46839
vn 0.12704 -0.86663 0.48250
vn 0.09958 -0.94196 0.32062
vn 0.07591 -0.94865 0.30708
vn 0.10534 -0.87157 0.47881
vn 0.02310 -0.94296 0.33211
vn 0.06492 -0.83725 0.54295
vn 0.03288 -0.80840 0.58772
vn 0.00499 -0.90624 0.42274
vn -0.02447 -0.71830 0.69531
vn 0.00514 -0.96467 0.26342
vn -0.05663 -0.81713 0.57366
vn -0.09093 -0.90583 0.41377
vn -0.13183 -0.75981 0.63664
vn -0.03399 -0.95996 0.27808
vn 0.05456 -0.61985 0.78282
vn -0.04851 -0.51320 0.85690
vn 0.46048 -0.81412 0.35378
vn 0.62424 -0.68515 0.37536
vn 0.04397 -0.97049 0.23709
vn 0.08332 -0.99084 0.10631
vn 0.06586 -0.98847 0.13636
vn 0.11262 -0.69755 0.70763
vn 0.32618 -0.62785 0.70670
vn 0.11263 -0.99085 0.07434
vn 0.52371 -0.81888 0.23486
vn 0.13738 -0.92757 0.34746
vn 0.03202 -0.99244 0.11852
vn 0.51188 -0.73874 0.43846
vn -0.05263 -0.96598 0.25321
vn -0.01048 -0.99237 0.12285
vn -0.01141 -0.98687 0.16112
vn -0.02959 -0.99198 0.12290
vn -0.02716 -0.99379 0.10787
vn -0.05055 -0.99081 0.12549
vn -0.08296 -0.95828 0.27352
vn -0.06177 -0.99060 0.12202
vn -0.17813 -0.93366 0.31073
vn -0.17021 -0.91121 0.37512
vn -0.30026 -0.81277 0.49925
vn -0.06505 -0.99196 0.10853
vn -0.21209 -0.83564 0.50668
vn -0.30933 -0.68384 0.66082
vn -0.20397 -0.78508 0.58485
vn -0.30690 -0.54488 0.78033
vn -0.19868 -0.67642 0.70921
vn -0.37974 -0.62007 0.68652
vn -0.44902 -0.57438 0.68445
vn -0.30479 -0.82180 0.48140
vn -0.42692 -0.68671 0.58836
vn -0.43924 -0.73051 0.52290
vn -0.26348 -0.90034 0.34635
vn -0.28947 -0.89494 0.33955
vn -0.44240 -0.76014 0.47589
vn -0.42707 -0.80348 0.41477
vn -0.61288 -0.54405 0.57305
vn -0.62678 -0.56351 0.53815
vn -0.13880 -0.97577 0.16914
vn -0.16244 -0.97258 0.16642
vn -0.13408 -0.97173 0.19433
vn -0.61018 -0.65830 0.44082
vn -0.43249 -0.84472 0.31528
vn -0.11668 -0.98348 0.13842
vn -0.58169 -0.74244 0.33231
vn -0.35624 -0.90870 0.21762
vn -0.17040 -0.97808 0.11968
vn -0.12126 -0.98933 0.08071
vn -0.57303 -0.77143 0.27664
vn -0.20438 -0.97153 0.11984
vn -0.29520 -0.94516 0.13977
vn -0.30369 -0.94462 0.12434
vn -0.67781 -0.69204 0.24831
vn -0.31158 -0.94569 0.09271
vn -0.31450 -0.94556 0.08373
vn -0.70173 -0.69421 0.16017
vn -0.32387 -0.94502 0.04534
vn -0.77264 -0.52990 0.34962
vn -0.31405 -0.89665 0.31208
vn -0.12371 -0.98093 0.14988
vn -0.19961 -0.92253 0.33028
vn -0.32370 -0.94557 0.03333
vn -0.69749 -0.71568 -0.03622
vn -0.31464 -0.94916 -0.00946
vn -0.29894 -0.95322 -0.04475
vn -0.45677 -0.87362 -0.16778
vn -0.67052 -0.69911 -0.24827
vn -0.31189 -0.86456 -0.39402
vn -0.48777 -0.73892 -0.46484
vn -0.21296 -0.94092 -0.26328
vn -0.06482 -0.93420 -0.35083
vn -0.09998 -0.87830 -0.46755
vn -0.83476 -0.46261 -0.29859
vn -0.12400 -0.98916 -0.07868
vn -0.05229 -0.98639 -0.15589
vn -0.02079 -0.98561 -0.16774
vn -0.21539 -0.96964 0.11578
vn 0.37241 -0.72988 0.57322
vn 0.51985 -0.60142 0.60667
vn 0.56705 -0.57849 0.58635
vn 0.48937 -0.72381 0.48642
vn 0.41734 -0.58940 0.69169
vn 0.00063 -0.99163 0.12913
vn 0.27836 -0.95308 0.11899
vn -0.16989 -0.97844 0.11744
vn 0.01322 -0.99265 0.12028
vn 0.01409 -0.99252 0.12130
vn 0.02760 -0.99228 0.12092
vn 0.04666 -0.99191 0.11806
vn -0.11908 -0.98081 0.15436
vn 0.39519 -0.62415 0.67399
vn 0.70906 -0.63132 0.31412
vn 0.35649 -0.85679 0.37259
vn 0.41737 -0.60201 0.68072
vn 0.04733 -0.99347 0.10381
vn 0.04773 -0.99239 0.11354
vn 0.39647 -0.91632 0.05624
vn 0.11050 -0.88248 -0.45718
vn -0.09468 -0.98576 0.13893
vn -0.10709 -0.55123 0.82745
vn 0.01759 -0.91256 -0.40857
vn 0.49822 -0.84619 0.18906
vn -0.12642 -0.98991 -0.06394
vn -0.09145 -0.98545 0.14327
vn 0.61734 -0.60616 0.50146
vn 0.10612 -0.71891 -0.68695
vn 0.20591 -0.74794 -0.63103
vn 0.32576 -0.84749 -0.41910
vn -0.16839 -0.97791 0.12385
vn 0.36153 -0.79797 0.48223
vn 0.04811 -0.80781 -0.58748
vn 0.58273 -0.79532 0.16699
vn 0.39561 -0.55593 0.73105
vn -0.09971 -0.91658 0.38721
vn -0.26987 -0.78821 -0.55308
vn -0.03567 -0.77969 -0.62515
vn 0.01594 -0.85025 -0.52613
vn 0.02980 -0.91692 -0.39797
vn 0.03920 -0.84656 -0.53084
vn 0.03405 -0.89104 -0.45265
vn 0.04802 -0.79635 -0.60293
vn 0.02478 -0.85970 -0.51020
vn 0.01287 -0.92748 -0.37366
vn 0.01458 -0.91296 -0.40780
vn 0.01763 -0.94781 -0.31834
vn 0.03367 -0.91720 -0.39699
vn -0.00013 -0.98665 -0.16284
vn 0.00931 -0.98928 -0.14571
vn 0.00906 -0.98937 -0.14512
vn 0.00681 -0.98776 -0.15582
vn 0.03499 -0.75283 -0.65728
vn 0.02920 -0.81282 -0.58178
vn 0.05960 -0.83078 -0.55341
vn 0.04379 -0.77715 -0.62778
vn 0.04331 -0.84874 -0.52703
vn 0.04209 -0.90332 -0.42691
vn 0.04097 -0.83131 -0.55429
vn 0.03166 -0.77887 -0.62638
vn 0.03267 -0.83616 -0.54752
vn 0.03695 -0.79471 -0.60586
vn 0.02911 -0.88013 -0.47385
vn 0.01593 -0.92700 -0.37472
vn 0.00637 -0.91273 -0.40852
vn 0.00311 -0.98288 -0.18424
vn 0.00349 -0.98264 -0.18547
vn 0.00184 -0.98266 -0.18543
vn 0.01311 -0.93345 -0.35846
vn 0.01377 -0.90505 -0.42508
vn 0.03174 -0.88786 -0.45902
vn 0.00038 -0.98862 -0.15043
vn 0.00388 -0.98424 -0.17677
vn 0.00947 -0.98428 -0.17638
vn 0.02464 -0.89289 -0.44960
vn 0.03449 -0.84420 -0.53491
vn 0.01602 -0.88853 -0.45854
vn 0.01637 -0.82593 -0.56354
vn 0.04265 -0.79577 -0.60410
vn 0.04728 -0.79770 -0.60120
vn -0.00588 -0.88735 -0.46106
vn 0.00468 -0.93717 -0.34884
vn 0.00866 -0.90509 -0.42513
vn 0.01730 -0.92309 -0.38420
vn 0.03391 -0.86876 -0.49407
vn 0.03891 -0.88232 -0.46904
vn 0.01646 -0.97656 -0.21462
vn 0.01480 -0.97651 -0.21498
vn 0.01816 -0.97584 -0.21771
vn 0.01659 -0.97602 -0.21705
vn 0.02791 -0.87030 -0.49172
vn 0.01286 -0.97500 -0.22183
vn 0.03073 -0.92393 -0.38131
vn 0.03877 -0.88136 -0.47084
vn 0.03142 -0.91424 -0.40394
vn 0.03918 -0.83243 -0.55274
vn 0.03575 -0.88126 -0.47128
vn 0.03888 -0.82654 -0.56154
vn 0.05305 -0.88395 -0.46456
vn 0.04405 -0.81142 -0.58281
vn 0.04253 -0.83345 -0.55096
vn 0.02677 -0.90390 -0.42690
vn 0.01597 -0.83285 -0.55327
vn 0.01636 -0.97798 -0.20805
vn 0.02488 -0.97933 -0.20072
vn 0.01721 -0.89274 -0.45025
vn 0.02968 -0.92867 -0.36971
vn 0.04930 -0.90935 -0.41311
vn 0.02446 -0.98400 -0.17647
vn 0.01145 -0.98364 -0.17976
vn 0.00944 -0.98325 -0.18201
vn 0.01011 -0.98338 -0.18128
vn 0.03371 -0.90676 -0.42030
vn 0.05014 -0.86721 -0.49541
vn 0.00424 -0.98217 -0.18796
vn 0.02253 -0.98126 -0.19136
vn 0.02527 -0.98340 -0.17968
vn 0.04503 -0.91802 -0.39397
vn 0.03620 -0.97747 -0.20793
vn 0.04335 -0.81285 -0.58086
vn 0.01584 -0.98556 -0.16857
vn 0.01677 -0.98439 -0.17522
vn 0.04319 -0.80559 -0.59090
vn 0.04671 -0.82207 -0.56747
vn 0.03292 -0.80223 -0.59610
vn 0.01490 -0.84961 -0.52721
vn 0.01825 -0.94131 -0.33705
vn 0.02110 -0.86923 -0.49396
vn 0.01059 -0.98800 -0.15411
vn 0.00698 -0.98770 -0.15619
vn 0.00202 -0.98754 -0.15735
vn 0.01232 -0.98603 -0.16613
vn 0.00774 -0.98851 -0.15098
vn 0.00135 -0.98894 -0.14830
vn 0.00092 -0.98602 -0.16660
vn 0.02224 -0.93130 -0.36358
vn 0.04664 -0.81155 -0.58242
vn 0.01643 -0.93769 -0.34709
vn 0.01447 -0.98730 -0.15818
vn 0.00681 -0.98423 -0.17676
vn -0.00231 -0.98727 -0.15906
vn 0.01028 -0.98807 -0.15364
vn 0.02630 -0.95333 -0.30079
vn 0.02862 -0.98503 -0.16997
vn 0.00079 -0.99081 -0.13526
vn 0.04424 -0.72457 -0.68777
vn 0.00343 -0.98561 -0.16903
vn 0.01551 -0.98300 -0.18296
vn 0.03408 -0.78531 -0.61817
vn 0.05781 -0.83765 -0.54313
vn 0.04760 -0.87788 -0.47651
vn 0.01466 -0.98356 -0.17998
vn 0.02771 -0.94363 -0.32983
vn 0.75946 -0.63061 0.15985
vn 0.51330 -0.85553 0.06776
vn 0.60777 -0.78447 -0.12337
vn 0.83020 -0.55451 0.05727
vn 0.58169 -0.70473 -0.40620
vn 0.89258 -0.45012 0.02652
vn 0.80296 -0.49467 -0.33250
vn 0.78633 -0.56969 0.23904
vn -0.17660 -0.53800 0.82424
vn 0.02030 -0.98527 -0.16977
vn 0.04119 -0.77741 -0.62764
vn 0.25630 -0.94879 -0.18467
vn 0.71837 -0.62598 0.30346
vn -0.00255 -0.91221 -0.40971
vn 0.00155 -0.99119 -0.13244
vn 0.01211 -0.98311 -0.18259
vn 0.00834 -0.98841 -0.15156
vn 0.00808 -0.98877 -0.14923
vn -0.31464 -0.94916 -0.00946
vn -0.29894 -0.95322 -0.04475
vn -0.12642 -0.98991 -0.06394
vn 0.00202 -0.98754 -0.15735
vn -0.32370 -0.94557 0.03333
vn -0.32387 -0.94502 0.04534
vn -0.31450 -0.94556 0.08373
vn -0.31158 -0.94569 0.09271
vn -0.30369 -0.94462 0.12434
vn -0.29520 -0.94516 0.13977
vn -0.20438 -0.97153 0.11984
vn -0.21539 -0.96964 0.11578
vn -0.12126 -0.98933 0.08071
vn -0.17040 -0.97808 0.11968
vn -0.16989 -0.97844 0.11744
vn -0.16839 -0.97791 0.12385
vn -0.13408 -0.97173 0.19433
vn 0.01232 -0.98603 -0.16613
vn -0.13880 -0.97577 0.16914
vn -0.16244 -0.97258 0.16642
vn -0.11668 -0.98348 0.13842
vn -0.12371 -0.98093 0.14988
vn -0.11908 -0.98081 0.15436
vn -0.09468 -0.98576 0.13893
vn -0.09145 -0.98545 0.14327
vn -0.06505 -0.99196 0.10853
vn -0.06177 -0.99060 0.12202
vn 0.00038 -0.98862 -0.15043
vn 0.00135 -0.98894 -0.14830
vn 0.00092 -0.98602 -0.16660
vn 0.00343 -0.98561 -0.16903
vn 0.00468 -0.93717 -0.34884
vn 0.00698 -0.98770 -0.15619
vn 0.01145 -0.98364 -0.17976
vn 0.02224 -0.93130 -0.36358
vn 0.01466 -0.98356 -0.17998
vn -0.05055 -0.99081 0.12549
vn -0.02716 -0.99379 0.10787
vn -0.02959 -0.99198 0.12290
vn -0.01141 -0.98687 0.16112
vn -0.01048 -0.99237 0.12285
vn 0.00063 -0.99163 0.12913
vn 0.01322 -0.99265 0.12028
vn 0.01409 -0.99252 0.12130
vn 0.02760 -0.99228 0.12092
vn 0.03202 -0.99244 0.11852
vn 0.03639 -0.99217 0.11949
vn 0.04004 -0.99253 0.11521
vn 0.04397 -0.97049 0.23709
vn 0.09186 -0.96271 0.25446
vn 0.04778 -0.99192 0.11754
vn 0.04699 -0.99207 0.11654
vn 0.09958 -0.94196 0.32062
vn 0.13738 -0.92757 0.34746
vn 0.04666 -0.99191 0.11806
vn 0.04773 -0.99239 0.11354
vn 0.04733 -0.99347 0.10381
vn 0.06047 -0.99155 0.11477
vn 0.07999 -0.98956 0.11991
vn 0.07205 -0.99061 0.11617
vn 0.06586 -0.98847 0.13636
vn 0.08223 -0.98925 0.12092
vn 0.08821 -0.98985 0.11142
vn 0.08012 -0.99074 0.10963
vn 0.08389 -0.98868 0.12441
vn 0.08707 -0.98873 0.12181
vn 0.08332 -0.99084 0.10631
vn 0.10242 -0.98771 0.11809
vn 0.10525 -0.98761 0.11643
vn 0.10878 -0.98746 0.11440
vn 0.11111 -0.98732 0.11337
vn 0.11211 -0.98762 0.10975
vn 0.11765 -0.98895 0.09016
vn 0.11263 -0.99085 0.07434
vn 0.00774 -0.98851 -0.15098
vn 0.00834 -0.98841 -0.15156
vn 0.00906 -0.98937 -0.14512
vn 0.00931 -0.98928 -0.14571
vn -0.00013 -0.98665 -0.16284
vn 0.00681 -0.98776 -0.15582
vn 0.01447 -0.98730 -0.15818
vn 0.00681 -0.98423 -0.17676
vn -0.00231 -0.98727 -0.15906
vn 0.01028 -0.98807 -0.15364
vn 0.02862 -0.98503 -0.16997
vn 0.00079 -0.99081 -0.13526
vn 0.00155 -0.99119 -0.13244
vn -0.06482 -0.93420 -0.35083
vn 0.02630 -0.95333 -0.30079
vn -0.00255 -0.91221 -0.40971
vn 0.00944 -0.98325 -0.18201
vn 0.00424 -0.98217 -0.18796
vn 0.02527 -0.98340 -0.17968
vn 0.02677 -0.90390 -0.42690
vn 0.02253 -0.98126 -0.19136
vn 0.02488 -0.97933 -0.20072
vn 0.00092 -0.98602 -0.16660
vn 0.03371 -0.90676 -0.42030
vn 0.01759 -0.91256 -0.40857
vn 0.01466 -0.98356 -0.17998
vn 0.06637 -0.84377 -0.53259
vn 0.04930 -0.90935 -0.41311
vn 0.05781 -0.83765 -0.54313
vn 0.08231 -0.79507 -0.60090
vn 0.04811 -0.80781 -0.58748
vn 0.04209 -0.90332 -0.42691
vn 0.02771 -0.94363 -0.32983
vn 0.03367 -0.91720 -0.39699
vn 0.04760 -0.87788 -0.47651
vn 0.32576 -0.84749 -0.41910
vn 0.60777 -0.78447 -0.12337
vn 0.25630 -0.94879 -0.18467
vn 0.58169 -0.70473 -0.40620
vn -0.09971 -0.91658 0.38721
vn -0.13183 -0.75981 0.63664
vn -0.20397 -0.78508 0.58485
vn -0.19868 -0.67642 0.70921
vn -0.17660 -0.53800 0.82424
vn 0.03267 -0.83616 -0.54752
vn 0.03449 -0.84420 -0.53491
vn 0.02110 -0.86923 -0.49396
vn 0.04664 -0.81155 -0.58242
vn 0.03292 -0.80223 -0.59610
vn 0.01490 -0.84961 -0.52721
vn 0.01637 -0.82593 -0.56354
vn 0.48937 -0.72381 0.48642
vn 0.35649 -0.85679 0.37259
vn 0.39605 -0.83876 0.37365
vn 0.61734 -0.60616 0.50146
usemtl wood
f 3830/3830/3830 3822/3822/3822 3845/3845/3845
f 3820/3820/3820 3845/3845/3845 3822/3822/3822
f 3820/3820/3820 3849/3849/3849 3845/3845/3845
f 3845/3845/3845 3849/3849/3849 3857/3857/3857
f 3828/3828/3828 3830/3830/3830 3838/3838/3838
f 3823/3823/3823 3830/3830/3830 3828/3828/3828
f 3838/3838/3838 3830/3830/3830 3841/3841/3841
f 3818/3818/3818 3819/3819/3819 3823/3823/3823
f 3819/3819/3819 3830/3830/3830 3823/3823/3823
f 3841/3841/3841 3830/3830/3830 3844/3844/3844
f 3811/3811/3811 3820/3820/3820 3819/3819/3819
f 3819/3819/3819 3822/3822/3822 3830/3830/3830
f 3811/3811/3811 3812/3812/3812 3820/3820/3820
f 3819/3819/3819 3820/3820/3820 3822/3822/3822
f 3830/3830/3830 3845/3845/3845 3844/3844/3844
f 3812/3812/3812 3808/3808/3808 3850/3850/3850
f 3812/3812/3812 3850/3850/3850 3820/3820/3820
f 3797/3797/3797 3852/3852/3852 3808/3808/3808
f 3808/3808/3808 3852/3852/3852 3850/3850/3850
f 3844/3844/3844 3845/3845/3845 3856/3856/3856
f 3850/3850/3850 3849/3849/3849 3820/3820/3820
f 3856/3856/3856 3845/3845/3845 3857/3857/3857
f 3852/3852/3852 3866/3866/3866 3850/3850/3850
f 3849/3849/3849 3850/3850/3850 3875/3875/3875
f 3849/3849/3849 3875/3875/3875 3857/3857/3857
f 3866/3866/3866 3875/3875/3875 3850/3850/3850
f 3829/3829/3829 3832/3832/3832 3831/3831/3831
f 3839/3839/3839 3840/3840/3840 3832/3832/3832
f 3829/3829/3829 3827/3827/3827 3832/3832/3832
f 3832/3832/3832 3837/3837/3837 3839/3839/3839
f 3829/3829/3829 3816/3816/3816 3817/3817/3817
f 3827/3827/3827 3837/3837/3837 3832/3832/3832
f 3839/3839/3839 3837/3837/3837 3843/3843/3843
f 3837/3837/3837 3827/3827/3827 3838/3838/3838
f 3827/3827/3827 3828/3828/3828 3838/3838/3838
f 3829/3829/3829 3817/3817/3817 3827/3827/3827
f 3841/3841/3841 3837/3837/3837 3838/3838/3838
f 3837/3837/3837 3841/3841/3841 3842/3842/3842
f 3827/3827/3827 3823/3823/3823 3828/3828/3828
f 3817/3817/3817 3823/3823/3823 3827/3827/3827
f 3814/3814/3814 3813/3813/3813 3817/3817/3817
f 3817/3817/3817 3818/3818/3818 3823/3823/3823
f 3813/3813/3813 3811/3811/3811 3817/3817/3817
f 3817/3817/3817 3811/3811/3811 3818/3818/3818
f 3809/3809/3809 3811/3811/3811 3813/3813/3813
f 3811/3811/3811 3819/3819/3819 3818/3818/3818
f 3841/3841/3841 3848/3848/3848 3847/3847/3847
f 3809/3809/3809 3800/3800/3800 3808/3808/3808
f 3809/3809/3809 3808/3808/3808 3811/3811/3811
f 3800/3800/3800 3797/3797/3797 3808/3808/3808
f 3808/3808/3808 3812/3812/3812 3811/3811/3811
f 3841/3841/3841 3844/3844/3844 3848/3848/3848
f 3797/3797/3797 3782/3782/3782 3852/3852/3852
f 3856/3856/3856 3848/3848/3848 3844/3844/3844
f 3782/3782/3782 3881/3881/3881 3852/3852/3852
f 4633/4633/4633 4639/4639/4639 4635/4635/4635
f 3874/3874/3874 3857/3857/3857 3875/3875/3875
f 3857/3857/3857 3874/3874/3874 3856/3856/3856
f 3825/3825/3825 3826/3826/3826 3836/3836/3836
f 3825/3825/3825 3815/3815/3815 3826/3826/3826
f 3826/3826/3826 3833/3833/3833 3834/3834/3834
f 3815/3815/3815 3821/3821/3821 3826/3826/3826
f 3821/3821/3821 3829/3829/3829 3826/3826/3826
f 3826/3826/3826 3829/3829/3829 3831/3831/3831
f 3826/3826/3826 3831/3831/3831 3833/3833/3833
f 3831/3831/3831 3840/3840/3840 3833/3833/3833
f 3840/3840/3840 3839/3839/3839 4055/4055/4055
f 3831/3831/3831 3832/3832/3832 3840/3840/3840
f 3815/3815/3815 3816/3816/3816 3821/3821/3821
f 3839/3839/3839 3843/3843/3843 4055/4055/4055
f 3815/3815/3815 3814/3814/3814 3816/3816/3816
f 3816/3816/3816 3829/3829/3829 3821/3821/3821
f 3796/3796/3796 3801/3801/3801 3804/3804/3804
f 3804/3804/3804 3810/3810/3810 3815/3815/3815
f 3815/3815/3815 3810/3810/3810 3814/3814/3814
f 3837/3837/3837 3842/3842/3842 3843/3843/3843
f 3814/3814/3814 3817/3817/3817 3816/3816/3816
f 3804/3804/3804 3801/3801/3801 3810/3810/3810
f 3810/3810/3810 3813/3813/3813 3814/3814/3814
f 3841/3841/3841 3846/3846/3846 3842/3842/3842
f 3842/3842/3842 3846/3846/3846 4049/4049/4049
f 3847/3847/3847 3846/3846/3846 3841/3841/3841
f 3801/3801/3801 3809/3809/3809 3810/3810/3810
f 3810/3810/3810 3809/3809/3809 3813/3813/3813
f 3846/3846/3846 3847/3847/3847 3854/3854/3854
f 3790/3790/3790 3800/3800/3800 3801/3801/3801
f 3800/3800/3800 3809/3809/3809 3801/3801/3801
f 3790/3790/3790 3783/3783/3783 3800/3800/3800
f 3783/3783/3783 3797/3797/3797 3800/3800/3800
f 3783/3783/3783 3782/3782/3782 3797/3797/3797
f 3847/3847/3847 3855/3855/3855 3854/3854/3854
f 3847/3847/3847 3848/3848/3848 3855/3855/3855
f 3848/3848/3848 3856/3856/3856 3862/3862/3862
f 3848/3848/3848 3862/3862/3862 3855/3855/3855
f 4635/4635/4635 4634/4634/4634 4633/4633/4633
f 3856/3856/3856 3874/3874/3874 3862/3862/3862
f 4634/4634/4634 4632/4632/4632 4633/4633/4633
f 4633/4633/4633 4632/4632/4632 4629/4629/4629
f 3807/3807/3807 3805/3805/3805 3824/3824/3824
f 3851/3851/3851 3824/3824/3824 3825/3825/3825
f 3851/3851/3851 3825/3825/3825 3836/3836/3836
f 3836/3836/3836 3835/3835/3835 4027/4027/4027
f 3836/3836/3836 4027/4027/4027 4028/4028/4028
f 3836/3836/3836 3826/3826/3826 3835/3835/3835
f 3824/3824/3824 3805/3805/3805 3815/3815/3815
f 3815/3815/3815 3825/3825/3825 3824/3824/3824
f 3835/3835/3835 3834/3834/3834 4027/4027/4027
f 3799/3799/3799 3804/3804/3804 3805/3805/3805
f 3805/3805/3805 3804/3804/3804 3815/3815/3815
f 3834/3834/3834 3835/3835/3835 3826/3826/3826
f 3834/3834/3834 4042/4042/4042 4027/4027/4027
f 3834/3834/3834 3833/3833/3833 4042/4042/4042
f 3799/3799/3799 3796/3796/3796 3804/3804/3804
f 3833/3833/3833 3840/3840/3840 4042/4042/4042
f 4042/4042/4042 3840/3840/3840 4045/4045/4045
f 3840/3840/3840 4055/4055/4055 4045/4045/4045
f 3789/3789/3789 3795/3795/3795 3796/3796/3796
f 3784/3784/3784 3790/3790/3790 3789/3789/3789
f 3795/3795/3795 3801/3801/3801 3796/3796/3796
f 3843/3843/3843 4049/4049/4049 4046/4046/4046
f 3789/3789/3789 3790/3790/3790 3795/3795/3795
f 4049/4049/4049 3843/3843/3843 3842/3842/3842
f 4049/4049/4049 3854/3854/3854 3859/3859/3859
f 4049/4049/4049 3846/3846/3846 3854/3854/3854
f 3795/3795/3795 3790/3790/3790 3801/3801/3801
f 3854/3854/3854 3858/3858/3858 3859/3859/3859
f 3784/3784/3784 3783/3783/3783 3790/3790/3790
f 3782/3782/3782 3783/3783/3783 3784/3784/3784
f 3855/3855/3855 3858/3858/3858 3854/3854/3854
f 3782/3782/3782 3784/3784/3784 3785/3785/3785
f 3858/3858/3858 3855/3855/3855 3862/3862/3862
f 3785/3785/3785 3881/3881/3881 3782/3782/3782
f 3876/3876/3876 3862/3862/3862 3874/3874/3874
f 3806/3806/3806 3807/3807/3807 3853/3853/3853
f 3807/3807/3807 3824/3824/3824 3853/3853/3853
f 3853/3853/3853 3824/3824/3824 3851/3851/3851
f 3853/3853/3853 3851/3851/3851 4061/4061/4061
f 3851/3851/3851 3836/3836/3836 4028/4028/4028
f 3803/3803/3803 3798/3798/3798 3806/3806/3806
f 3805/3805/3805 3806/3806/3806 3798/3798/3798
f 3806/3806/3806 3805/3805/3805 3807/3807/3807
f 4027/4027/4027 4042/4042/4042 4018/4018/4018
f 3798/3798/3798 3799/3799/3799 3805/3805/3805
f 3794/3794/3794 3793/3793/3793 3798/3798/3798
f 3798/3798/3798 3793/3793/3793 3799/3799/3799
f 3793/3793/3793 3796/3796/3796 3799/3799/3799
f 4042/4042/4042 4045/4045/4045 4020/4020/4020
f 3793/3793/3793 3789/3789/3789 3796/3796/3796
f 3792/3792/3792 3789/3789/3789 3793/3793/3793
f 4045/4045/4045 4046/4046/4046 4026/4026/4026
f 4045/4045/4045 4055/4055/4055 4046/4046/4046
f 4046/4046/4046 4055/4055/4055 3843/3843/3843
f 4046/4046/4046 4048/4048/4048 4026/4026/4026
f 4046/4046/4046 4049/4049/4049 4048/4048/4048
f 4049/4049/4049 3859/3859/3859 4048/4048/4048
f 3788/3788/3788 3784/3784/3784 3789/3789/3789
f 3859/3859/3859 3860/3860/3860 4048/4048/4048
f 3787/3787/3787 3784/3784/3784 3788/3788/3788
f 3860/3860/3860 3861/3861/3861 3863/3863/3863
f 3859/3859/3859 3858/3858/3858 3860/3860/3860
f 3858/3858/3858 3861/3861/3861 3860/3860/3860
f 3862/3862/3862 3865/3865/3865 3858/3858/3858
f 1452/1452/1452 1462/1462/1462 1432/1432/1432
f 3862/3862/3862 3876/3876/3876 3865/3865/3865
f 3806/3806/3806 3853/3853/3853 3867/3867/3867
f 3853/3853/3853 4061/4061/4061 3868/3868/3868
f 3803/3803/3803 3806/3806/3806 3867/3867/3867
f 4061/4061/4061 3851/3851/3851 4041/4041/4041
f 4041/4041/4041 4028/4028/4028 4016/4016/4016
f 4041/4041/4041 3851/3851/3851 4028/4028/4028
f 4016/4016/4016 4028/4028/4028 4007/4007/4007
f 3802/3802/3802 3798/3798/3798 3803/3803/3803
f 4007/4007/4007 4028/4028/4028 4027/4027/4027
f 4027/4027/4027 4018/4018/4018 4007/4007/4007
f 3802/3802/3802 3794/3794/3794 3798/3798/3798
f 4042/4042/4042 4020/4020/4020 4018/4018/4018
f 3998/3998/3998 4018/4018/4018 4019/4019/4019
f 4018/4018/4018 4020/4020/4020 4019/4019/4019
f 3793/3793/3793 3794/3794/3794 3792/3792/3792
f 4019/4019/4019 4020/4020/4020 4045/4045/4045
f 4019/4019/4019 4045/4045/4045 4026/4026/4026
f 3792/3792/3792 3791/3791/3791 3789/3789/3789
f 4048/4048/4048 4029/4029/4029 4026/4026/4026
f 3791/3791/3791 3788/3788/3788 3789/3789/3789
f 3860/3860/3860 3863/3863/3863 4048/4048/4048
f 3861/3861/3861 3864/3864/3864 3863/3863/3863
f 3786/3786/3786 3784/3784/3784 3787/3787/3787
f 3784/3784/3784 3786/3786/3786 3785/3785/3785
f 1432/1432/1432 1345/1345/1345 1364/1364/1364
f 3861/3861/3861 3858/3858/3858 3865/3865/3865
f 4681/4681/4681 4638/4638/4638 4635/4635/4635
f 4051/4051/4051 4061/4061/4061 4041/4041/4041
f 3880/3880/3880 3803/3803/3803 3867/3867/3867
f 673/673/673 763/763/763 819/819/819
f 763/763/763 1083/1083/1083 819/819/819
f 4018/4018/4018 3998/3998/3998 4007/4007/4007
f 4007/4007/4007 3998/3998/3998 3996/3996/3996
f 1014/1014/1014 763/763/763 698/698/698
f 3997/3997/3997 3996/3996/3996 3998/3998/3998
f 4019/4019/4019 3997/3997/3997 3998/3998/3998
f 1022/1022/1022 1014/1014/1014 698/698/698
f 3997/3997/3997 4019/4019/4019 4017/4017/4017
f 4017/4017/4017 4019/4019/4019 4026/4026/4026
f 4026/4026/4026 4029/4029/4029 4017/4017/4017
f 1340/1340/1340 1349/1349/1349 1390/1390/1390
f 4029/4029/4029 4048/4048/4048 4036/4036/4036
f 4048/4048/4048 3863/3863/3863 4036/4036/4036
f 3863/3863/3863 3864/3864/3864 4036/4036/4036
f 1364/1364/1364 1452/1452/1452 1432/1432/1432
f 3861/3861/3861 3865/3865/3865 3869/3869/3869
f 3876/3876/3876 3877/3877/3877 3865/3865/3865
f 4634/4634/4634 4636/4636/4636 4632/4632/4632
f 4061/4061/4061 4102/4102/4102 3868/3868/3868
f 3867/3867/3867 3853/3853/3853 3868/3868/3868
f 4041/4041/4041 3955/3955/3955 4051/4051/4051
f 4016/4016/4016 3955/3955/3955 4041/4041/4041
f 4012/4012/4012 4016/4016/4016 4007/4007/4007
f 4012/4012/4012 4007/4007/4007 3996/3996/3996
f 3995/3995/3995 3997/3997/3997 4017/4017/4017
f 4029/4029/4029 4036/4036/4036 4017/4017/4017
f 3869/3869/3869 4036/4036/4036 3864/3864/3864
f 3869/3869/3869 3864/3864/3864 3861/3861/3861
f 4638/4638/4638 4634/4634/4634 4635/4635/4635
f 3878/3878/3878 3867/3867/3867 3868/3868/3868
f 4102/4102/4102 4061/4061/4061 4051/4051/4051
f 1137/1137/1137 791/791/791 819/819/819
f 3955/3955/3955 4016/4016/4016 4012/4012/4012
f 640/640/640 763/763/763 673/673/673
f 3996/3996/3996 3997/3997/3997 3995/3995/3995
f 3995/3995/3995 4017/4017/4017 3994/3994/3994
f 3994/3994/3994 4017/4017/4017 4022/4022/4022
f 1342/1342/1342 1390/1390/1390 1022/1022/1022
f 4017/4017/4017 4034/4034/4034 4022/4022/4022
f 4036/4036/4036 4034/4034/4034 4017/4017/4017
f 1349/1349/1349 1340/1340/1340 1320/1320/1320
f 1344/1344/1344 1349/1349/1349 1320/1320/1320
f 4036/4036/4036 3869/3869/3869 4058/4058/4058
f 1317/1317/1317 1345/1345/1345 1344/1344/1344
f 1318/1318/1318 1345/1345/1345 1317/1317/1317
f 3865/3865/3865 3870/3870/3870 3869/3869/3869
f 3865/3865/3865 3877/3877/3877 3870/3870/3870
f 4103/4103/4103 4102/4102/4102 4051/4051/4051
f 4012/4012/4012 3996/3996/3996 4004/4004/4004
f 3996/3996/3996 3995/3995/3995 3992/3992/3992
f 748/748/748 1022/1022/1022 698/698/698
f 1022/1022/1022 748/748/748 1342/1342/1342
f 1341/1341/1341 1390/1390/1390 1342/1342/1342
f 4036/4036/4036 4058/4058/4058 4034/4034/4034
f 1341/1341/1341 1340/1340/1340 1390/1390/1390
f 1317/1317/1317 1344/1344/1344 1320/1320/1320
f 4058/4058/4058 3872/3872/3872 4063/4063/4063
f 4058/4058/4058 3869/3869/3869 3872/3872/3872
f 1318/1318/1318 1364/1364/1364 1345/1345/1345
f 3871/3871/3871 3869/3869/3869 3870/3870/3870
f 4638/4638/4638 4637/4637/4637 4634/4634/4634
f 4634/4634/4634 4637/4637/4637 4636/4636/4636
f 3868/3868/3868 3879/3879/3879 3878/3878/3878
f 4051/4051/4051 4050/4050/4050 4103/4103/4103
f 1137/1137/1137 1136/1136/1136 791/791/791
f 3879/3879/3879 3868/3868/3868 4102/4102/4102
f 4050/4050/4050 4051/4051/4051 3955/3955/3955
f 4014/4014/4014 3955/3955/3955 4012/4012/4012
f 4004/4004/4004 3996/3996/3996 4003/4003/4003
f 3996/3996/3996 3992/3992/3992 4003/4003/4003
f 640/640/640 698/698/698 763/763/763
f 3994/3994/3994 3992/3992/3992 3995/3995/3995
f 3991/3991/3991 3992/3992/3992 3994/3994/3994
f 4034/4034/4034 4058/4058/4058 4035/4035/4035
f 1313/1313/1313 1318/1318/1318 1317/1317/1317
f 3869/3869/3869 3871/3871/3871 3872/3872/3872
f 3873/3873/3873 3872/3872/3872 3871/3871/3871
f 4012/4012/4012 4004/4004/4004 4014/4014/4014
f 673/673/673 819/819/819 791/791/791
f 454/454/454 748/748/748 698/698/698
f 748/748/748 1343/1343/1343 1342/1342/1342
f 4022/4022/4022 4034/4034/4034 4035/4035/4035
f 4058/4058/4058 4062/4062/4062 4035/4035/4035
f 4063/4063/4063 3872/3872/3872 3873/3873/3873
f 1313/1313/1313 1325/1325/1325 1318/1318/1318
f 1325/1325/1325 1364/1364/1364 1318/1318/1318
f 4312/4312/4312 3871/3871/3871 3870/3870/3870
f 4638/4638/4638 4811/4811/4811 4637/4637/4637
f 4615/4615/4615 4611/4611/4611 4624/4624/4624
f 4031/4031/4031 4054/4054/4054 3926/3926/3926
f 4101/4101/4101 4059/4059/4059 4054/4054/4054
f 4054/4054/4054 4059/4059/4059 3926/3926/3926
f 4101/4101/4101 4060/4060/4060 4059/4059/4059
f 3879/3879/3879 4102/4102/4102 4103/4103/4103
f 791/791/791 1136/1136/1136 811/811/811
f 652/652/652 673/673/673 791/791/791
f 3990/3990/3990 3992/3992/3992 3991/3991/3991
f 3994/3994/3994 3993/3993/3993 3991/3991/3991
f 4022/4022/4022 3993/3993/3993 3994/3994/3994
f 4022/4022/4022 4030/4030/4030 4001/4001/4001
f 4022/4022/4022 4035/4035/4035 4030/4030/4030
f 1336/1336/1336 1341/1341/1341 1342/1342/1342
f 1320/1320/1320 1340/1340/1340 1324/1324/1324
f 4062/4062/4062 4058/4058/4058 4063/4063/4063
f 1307/1307/1307 1313/1313/1313 1317/1317/1317
f 4145/4145/4145 4063/4063/4063 3873/3873/3873
f 1364/1364/1364 1409/1409/1409 1452/1452/1452
f 4682/4682/4682 4638/4638/4638 4681/4681/4681
f 4107/4107/4107 4054/4054/4054 4031/4031/4031
f 4107/4107/4107 4193/4193/4193 4054/4054/4054
f 3926/3926/3926 4059/4059/4059 3895/3895/3895
f 4193/4193/4193 4101/4101/4101 4054/4054/4054
f 3889/3889/3889 3887/3887/3887 4193/4193/4193
f 3887/3887/3887 4101/4101/4101 4193/4193/4193
f 4059/4059/4059 3890/3890/3890 3895/3895/3895
f 3887/3887/3887 4104/4104/4104 4101/4101/4101
f 4104/4104/4104 4060/4060/4060 4101/4101/4101
f 4060/4060/4060 3942/3942/3942 4059/4059/4059
f 4059/4059/4059 3942/3942/3942 3890/3890/3890
f 3942/3942/3942 4060/4060/4060 4053/4053/4053
f 3879/3879/3879 4103/4103/4103 3883/3883/3883
f 4050/4050/4050 3955/3955/3955 3925/3925/3925
f 3945/3945/3945 3955/3955/3955 4014/4014/4014
f 3976/3976/3976 4014/4014/4014 4004/4004/4004
f 4003/4003/4003 3976/3976/3976 4004/4004/4004
f 454/454/454 698/698/698 640/640/640
f 4001/4001/4001 3993/3993/3993 4022/4022/4022
f 748/748/748 453/453/453 1343/1343/1343
f 4030/4030/4030 4035/4035/4035 4056/4056/4056
f 1336/1336/1336 1340/1340/1340 1341/1341/1341
f 4035/4035/4035 4062/4062/4062 4056/4056/4056
f 4063/4063/4063 4092/4092/4092 4062/4062/4062
f 4145/4145/4145 4092/4092/4092 4063/4063/4063
f 1409/1409/1409 1364/1364/1364 1325/1325/1325
f 4145/4145/4145 3873/3873/3873 3871/3871/3871
f 4031/4031/4031 3926/3926/3926 3927/3927/3927
f 4362/4362/4362 3889/3889/3889 4193/4193/4193
f 839/839/839 836/836/836 1099/1099/1099
f 3888/3888/3888 3887/3887/3887 3889/3889/3889
f 3887/3887/3887 3885/3885/3885 4104/4104/4104
f 3890/3890/3890 3942/3942/3942 3894/3894/3894
f 4060/4060/4060 4104/4104/4104 4053/4053/4053
f 4104/4104/4104 3883/3883/3883 4053/4053/4053
f 4053/4053/4053 3883/3883/3883 4050/4050/4050
f 4050/4050/4050 4052/4052/4052 4053/4053/4053
f 3883/3883/3883 4103/4103/4103 4050/4050/4050
f 3879/3879/3879 3883/3883/3883 3882/3882/3882
f 3882/3882/3882 3878/3878/3878 3879/3879/3879
f 3925/3925/3925 3955/3955/3955 3945/3945/3945
f 4014/4014/4014 3944/3944/3944 3945/3945/3945
f 3976/3976/3976 3944/3944/3944 4014/4014/4014
f 4003/4003/4003 4002/4002/4002 4006/4006/4006
f 4003/4003/4003 3992/3992/3992 4002/4002/4002
f 4002/4002/4002 3992/3992/3992 3990/3990/3990
f 3991/3991/3991 3987/3987/3987 3990/3990/3990
f 3993/3993/3993 3987/3987/3987 3991/3991/3991
f 453/453/453 748/748/748 454/454/454
f 1324/1324/1324 1340/1340/1340 1336/1336/1336
f 1310/1310/1310 1320/1320/1320 1324/1324/1324
f 1307/1307/1307 1317/1317/1317 1320/1320/1320
f 1312/1312/1312 1313/1313/1313 1307/1307/1307
f 1331/1331/1331 1325/1325/1325 1313/1313/1313
f 3871/3871/3871 4293/4293/4293 4145/4145/4145
f 838/838/838 1147/1147/1147 1149/1149/1149
f 4354/4354/4354 4107/4107/4107 4031/4031/4031
f 4354/4354/4354 4031/4031/4031 4047/4047/4047
f 4047/4047/4047 4031/4031/4031 3927/3927/3927
f 837/837/837 1174/1174/1174 1147/1147/1147
f 839/839/839 1174/1174/1174 837/837/837
f 3927/3927/3927 3926/3926/3926 3892/3892/3892
f 3892/3892/3892 3926/3926/3926 3895/3895/3895
f 3895/3895/3895 3890/3890/3890 3892/3892/3892
f 3890/3890/3890 3891/3891/3891 3892/3892/3892
f 3896/3896/3896 3892/3892/3892 3891/3891/3891
f 3885/3885/3885 3883/3883/3883 4104/4104/4104
f 3942/3942/3942 3925/3925/3925 3894/3894/3894
f 3885/3885/3885 3884/3884/3884 3883/3883/3883
f 3942/3942/3942 4052/4052/4052 3925/3925/3925
f 4052/4052/4052 3942/3942/3942 4053/4053/4053
f 4052/4052/4052 4050/4050/4050 3925/3925/3925
f 714/714/714 811/811/811 825/825/825
f 3884/3884/3884 3882/3882/3882 3883/3883/3883
f 3904/3904/3904 3925/3925/3925 3945/3945/3945
f 3945/3945/3945 3944/3944/3944 3904/3904/3904
f 3976/3976/3976 4003/4003/4003 4006/4006/4006
f 791/791/791 672/672/672 652/652/652
f 811/811/811 672/672/672 791/791/791
f 640/640/640 673/673/673 652/652/652
f 345/345/345 454/454/454 640/640/640
f 1339/1339/1339 1342/1342/1342 1343/1343/1343
f 1307/1307/1307 1320/1320/1320 1310/1310/1310
f 1326/1326/1326 1313/1313/1313 1312/1312/1312
f 1331/1331/1331 1313/1313/1313 1326/1326/1326
f 3871/3871/3871 4312/4312/4312 4293/4293/4293
f 4615/4615/4615 4612/4612/4612 4611/4611/4611
f 837/837/837 1147/1147/1147 838/838/838
f 837/837/837 667/667/667 839/839/839
f 667/667/667 836/836/836 839/839/839
f 3896/3896/3896 3891/3891/3891 3899/3899/3899
f 3886/3886/3886 3887/3887/3887 3888/3888/3888
f 3886/3886/3886 3885/3885/3885 3887/3887/3887
f 3891/3891/3891 3893/3893/3893 3897/3897/3897
f 3893/3893/3893 3891/3891/3891 3890/3890/3890
f 3894/3894/3894 3893/3893/3893 3890/3890/3890
f 3884/3884/3884 3885/3885/3885 3886/3886/3886
f 3894/3894/3894 3904/3904/3904 3893/3893/3893
f 3894/3894/3894 3925/3925/3925 3904/3904/3904
f 3944/3944/3944 3976/3976/3976 3922/3922/3922
f 4005/4005/4005 4006/4006/4006 4002/4002/4002
f 3989/3989/3989 3990/3990/3990 3987/3987/3987
f 3987/3987/3987 3993/3993/3993 4001/4001/4001
f 3987/3987/3987 4001/4001/4001 4013/4013/4013
f 4001/4001/4001 4030/4030/4030 4013/4013/4013
f 1336/1336/1336 1342/1342/1342 1339/1339/1339
f 4030/4030/4030 4056/4056/4056 4013/4013/4013
f 4074/4074/4074 4056/4056/4056 4062/4062/4062
f 4905/4905/4905 4904/4904/4904 4903/4903/4903
f 3917/3917/3917 3927/3927/3927 3892/3892/3892
f 668/668/668 836/836/836 667/667/667
f 668/668/668 1045/1045/1045 836/836/836
f 3897/3897/3897 3899/3899/3899 3891/3891/3891
f 3904/3904/3904 3922/3922/3922 3898/3898/3898
f 3904/3904/3904 3944/3944/3944 3922/3922/3922
f 811/811/811 714/714/714 710/710/710
f 710/710/710 672/672/672 811/811/811
f 3989/3989/3989 4002/4002/4002 3990/3990/3990
f 3987/3987/3987 4013/4013/4013 4010/4010/4010
f 1334/1334/1334 1336/1336/1336 1339/1339/1339
f 1309/1309/1309 1310/1310/1310 1324/1324/1324
f 4062/4062/4062 4093/4093/4093 4074/4074/4074
f 4092/4092/4092 4093/4093/4093 4062/4062/4062
f 4146/4146/4146 4093/4093/4093 4092/4092/4092
f 4145/4145/4145 4146/4146/4146 4092/4092/4092
f 1409/1409/1409 1325/1325/1325 1331/1331/1331
f 4682/4682/4682 4683/4683/4683 4638/4638/4638
f 4611/4611/4611 4609/4609/4609 4608/4608/4608
f 3892/3892/3892 3896/3896/3896 3910/3910/3910
f 715/715/715 825/825/825 1045/1045/1045
f 3893/3893/3893 3898/3898/3898 3897/3897/3897
f 3893/3893/3893 3904/3904/3904 3898/3898/3898
f 715/715/715 714/714/714 825/825/825
f 710/710/710 714/714/714 496/496/496
f 3976/3976/3976 3973/3973/3973 3922/3922/3922
f 3973/3973/3973 3976/3976/3976 4006/4006/4006
f 3987/3987/3987 4010/4010/4010 3986/3986/3986
f 1334/1334/1334 1324/1324/1324 1336/1336/1336
f 4064/4064/4064 4056/4056/4056 4074/4074/4074
f 1334/1334/1334 1309/1309/1309 1324/1324/1324
f 4293/4293/4293 4200/4200/4200 4145/4145/4145
f 4684/4684/4684 4811/4811/4811 4638/4638/4638
f 4371/4371/4371 4354/4354/4354 4047/4047/4047
f 3927/3927/3927 3960/3960/3960 4047/4047/4047
f 3917/3917/3917 3960/3960/3960 3927/3927/3927
f 3917/3917/3917 3892/3892/3892 3910/3910/3910
f 667/667/667 837/837/837 666/666/666
f 427/427/427 668/668/668 667/667/667
f 668/668/668 786/786/786 1045/1045/1045
f 3900/3900/3900 3899/3899/3899 3897/3897/3897
f 715/715/715 1045/1045/1045 786/786/786
f 3900/3900/3900 3897/3897/3897 3898/3898/3898
f 3987/3987/3987 3988/3988/3988 3989/3989/3989
f 652/652/652 344/344/344 640/640/640
f 344/344/344 345/345/345 640/640/640
f 213/213/213 345/345/345 344/344/344
f 454/454/454 345/345/345 213/213/213
f 4013/4013/4013 4057/4057/4057 4010/4010/4010
f 4056/4056/4056 4057/4057/4057 4013/4013/4013
f 4064/4064/4064 4057/4057/4057 4056/4056/4056
f 4074/4074/4074 4083/4083/4083 4064/4064/4064
f 4093/4093/4093 4083/4083/4083 4074/4074/4074
f 1381/1381/1381 1409/1409/1409 1331/1331/1331
f 4146/4146/4146 4145/4145/4145 4200/4200/4200
f 4683/4683/4683 4684/4684/4684 4638/4638/4638
f 4611/4611/4611 4612/4612/4612 4609/4609/4609
f 665/665/665 837/837/837 838/838/838
f 3910/3910/3910 3902/3902/3902 3911/3911/3911
f 3896/3896/3896 3902/3902/3902 3910/3910/3910
f 3896/3896/3896 3899/3899/3899 3902/3902/3902
f 3899/3899/3899 3900/3900/3900 3902/3902/3902
f 3900/3900/3900 3898/3898/3898 3901/3901/3901
f 3901/3901/3901 3898/3898/3898 3922/3922/3922
f 496/496/496 714/714/714 715/715/715
f 4006/4006/4006 3951/3951/3951 3973/3973/3973
f 4005/4005/4005 3951/3951/3951 4006/4006/4006
f 3982/3982/3982 4005/4005/4005 4002/4002/4002
f 3982/3982/3982 4002/4002/4002 3989/3989/3989
f 3987/3987/3987 3981/3981/3981 3988/3988/3988
f 3981/3981/3981 3987/3987/3987 3986/3986/3986
f 453/453/453 454/454/454 213/213/213
f 1339/1339/1339 1343/1343/1343 453/453/453
f 4057/4057/4057 4064/4064/4064 4083/4083/4083
f 1307/1307/1307 1310/1310/1310 1309/1309/1309
f 4093/4093/4093 4146/4146/4146 4106/4106/4106
f 1331/1331/1331 1326/1326/1326 1381/1381/1381
f 4684/4684/4684 4787/4787/4787 4811/4811/4811
f 1037/1037/1037 838/838/838 1149/1149/1149
f 1149/1149/1149 1173/1173/1173 1037/1037/1037
f 4040/4040/4040 4047/4047/4047 3960/3960/3960
f 3932/3932/3932 3960/3960/3960 3917/3917/3917
f 3932/3932/3932 3917/3917/3917 3910/3910/3910
f 427/427/427 667/667/667 666/666/666
f 486/486/486 786/786/786 668/668/668
f 3922/3922/3922 3923/3923/3923 3901/3901/3901
f 3922/3922/3922 3973/3973/3973 3923/3923/3923
f 3951/3951/3951 3923/3923/3923 3973/3973/3973
f 3982/3982/3982 3989/3989/3989 3988/3988/3988
f 4057/4057/4057 4011/4011/4011 4010/4010/4010
f 4790/4790/4790 4683/4683/4683 4682/4682/4682
f 4608/4608/4608 4602/4602/4602 4604/4604/4604
f 4609/4609/4609 4602/4602/4602 4608/4608/4608
f 4047/4047/4047 4040/4040/4040 4371/4371/4371
f 837/837/837 665/665/665 666/666/666
f 3911/3911/3911 3932/3932/3932 3910/3910/3910
f 486/486/486 690/690/690 786/786/786
f 690/690/690 715/715/715 786/786/786
f 3903/3903/3903 3902/3902/3902 3900/3900/3900
f 498/498/498 715/715/715 690/690/690
f 3901/3901/3901 3903/3903/3903 3900/3900/3900
f 498/498/498 496/496/496 715/715/715
f 3916/3916/3916 3901/3901/3901 3923/3923/3923
f 496/496/496 497/497/497 710/710/710
f 3916/3916/3916 3923/3923/3923 3951/3951/3951
f 344/344/344 343/343/343 213/213/213
f 4010/4010/4010 4011/4011/4011 3986/3986/3986
f 4011/4011/4011 4057/4057/4057 4066/4066/4066
f 1302/1302/1302 1309/1309/1309 1334/1334/1334
f 1301/1301/1301 1309/1309/1309 1302/1302/1302
f 4083/4083/4083 4082/4082/4082 4057/4057/4057
f 1300/1300/1300 1305/1305/1305 1307/1307/1307
f 4083/4083/4083 4093/4093/4093 4106/4106/4106
f 4146/4146/4146 4157/4157/4157 4106/4106/4106
f 4609/4609/4609 4625/4625/4625 4602/4602/4602
f 4372/4372/4372 4371/4371/4371 4040/4040/4040
f 1037/1037/1037 665/665/665 838/838/838
f 4040/4040/4040 3960/3960/3960 3932/3932/3932
f 3911/3911/3911 3930/3930/3930 3932/3932/3932
f 3911/3911/3911 3909/3909/3909 3915/3915/3915
f 3911/3911/3911 3902/3902/3902 3909/3909/3909
f 3909/3909/3909 3902/3902/3902 3905/3905/3905
f 3905/3905/3905 3902/3902/3902 3903/3903/3903
f 3916/3916/3916 3951/3951/3951 3928/3928/3928
f 3951/3951/3951 4005/4005/4005 3975/3975/3975
f 3975/3975/3975 4005/4005/4005 3982/3982/3982
f 344/344/344 652/652/652 343/343/343
f 3999/3999/3999 3986/3986/3986 4011/4011/4011
f 393/393/393 453/453/453 213/213/213
f 1311/1311/1311 1307/1307/1307 1305/1305/1305
f 1307/1307/1307 1311/1311/1311 1312/1312/1312
f 1311/1311/1311 1326/1326/1326 1312/1312/1312
f 4200/4200/4200 4199/4199/4199 4146/4146/4146
f 1154/1154/1154 1091/1091/1091 1173/1173/1173
f 3932/3932/3932 4009/4009/4009 4040/4040/4040
f 486/486/486 668/668/668 427/427/427
f 3909/3909/3909 3905/3905/3905 3907/3907/3907
f 3903/3903/3903 3906/3906/3906 3905/3905/3905
f 3906/3906/3906 3903/3903/3903 3901/3901/3901
f 3916/3916/3916 3906/3906/3906 3901/3901/3901
f 3906/3906/3906 3916/3916/3916 3914/3914/3914
f 3916/3916/3916 3928/3928/3928 3914/3914/3914
f 3928/3928/3928 3951/3951/3951 3975/3975/3975
f 497/497/497 672/672/672 710/710/710
f 3975/3975/3975 3982/3982/3982 3979/3979/3979
f 3982/3982/3982 3988/3988/3988 3981/3981/3981
f 4011/4011/4011 4025/4025/4025 3999/3999/3999
f 393/393/393 1339/1339/1339 453/453/453
f 4066/4066/4066 4025/4025/4025 4011/4011/4011
f 499/499/499 1334/1334/1334 1339/1339/1339
f 4066/4066/4066 4057/4057/4057 4067/4067/4067
f 4082/4082/4082 4067/4067/4067 4057/4057/4057
f 4082/4082/4082 4083/4083/4083 4100/4100/4100
f 4106/4106/4106 4123/4123/4123 4083/4083/4083
f 4199/4199/4199 4157/4157/4157 4146/4146/4146
f 4603/4603/4603 4604/4604/4604 4602/4602/4602
f 1091/1091/1091 1037/1037/1037 1173/1173/1173
f 4009/4009/4009 3932/3932/3932 3930/3930/3930
f 3915/3915/3915 3930/3930/3930 3911/3911/3911
f 504/504/504 690/690/690 486/486/486
f 690/690/690 504/504/504 689/689/689
f 3905/3905/3905 3906/3906/3906 3907/3907/3907
f 689/689/689 498/498/498 690/690/690
f 3928/3928/3928 3975/3975/3975 3953/3953/3953
f 3981/3981/3981 3979/3979/3979 3982/3982/3982
f 672/672/672 416/416/416 652/652/652
f 652/652/652 416/416/416 343/343/343
f 3986/3986/3986 3983/3983/3983 3981/3981/3981
f 3983/3983/3983 3986/3986/3986 3999/3999/3999
f 212/212/212 393/393/393 213/213/213
f 1339/1339/1339 393/393/393 499/499/499
f 1338/1338/1338 1334/1334/1334 499/499/499
f 1338/1338/1338 1302/1302/1302 1334/1334/1334
f 1300/1300/1300 1307/1307/1307 1309/1309/1309
f 4100/4100/4100 4083/4083/4083 4124/4124/4124
f 4106/4106/4106 4157/4157/4157 4123/4123/4123
f 4683/4683/4683 4685/4685/4685 4684/4684/4684
f 4040/4040/4040 4201/4201/4201 4372/4372/4372
f 4009/4009/4009 4044/4044/4044 4040/4040/4040
f 795/795/795 665/665/665 1037/1037/1037
f 427/427/427 666/666/666 665/665/665
f 3907/3907/3907 3906/3906/3906 3908/3908/3908
f 689/689/689 352/352/352 498/498/498
f 3908/3908/3908 3906/3906/3906 3914/3914/3914
f 352/352/352 496/496/496 498/498/498
f 3913/3913/3913 3914/3914/3914 3928/3928/3928
f 3953/3953/3953 3975/3975/3975 3979/3979/3979
f 1338/1338/1338 1303/1303/1303 1302/1302/1302
f 4097/4097/4097 4067/4067/4067 4082/4082/4082
f 4097/4097/4097 4082/4082/4082 4100/4100/4100
f 4123/4123/4123 4124/4124/4124 4083/4083/4083
f 4044/4044/4044 4201/4201/4201 4040/4040/4040
f 3941/3941/3941 3930/3930/3930 3915/3915/3915
f 426/426/426 486/486/486 427/427/427
f 3907/3907/3907 3912/3912/3912 3909/3909/3909
f 426/426/426 504/504/504 486/486/486
f 3908/3908/3908 3912/3912/3912 3907/3907/3907
f 3908/3908/3908 3914/3914/3914 3913/3913/3913
f 3928/3928/3928 3953/3953/3953 3929/3929/3929
f 3954/3954/3954 3953/3953/3953 3979/3979/3979
f 672/672/672 497/497/497 416/416/416
f 3980/3980/3980 3979/3979/3979 3981/3981/3981
f 3999/3999/3999 4025/4025/4025 4023/4023/4023
f 4067/4067/4067 4097/4097/4097 4066/4066/4066
f 1300/1300/1300 1309/1309/1309 1301/1301/1301
f 4199/4199/4199 4203/4203/4203 4157/4157/4157
f 4790/4790/4790 4685/4685/4685 4683/4683/4683
f 4603/4603/4603 4602/4602/4602 4601/4601/4601
f 4353/4353/4353 4289/4289/4289 4300/4300/4300
f 4276/4276/4276 4300/4300/4300 4289/4289/4289
f 4276/4276/4276 4289/4289/4289 4247/4247/4247
f 1087/1087/1087 1091/1091/1091 1154/1154/1154
f 1091/1091/1091 795/795/795 1037/1037/1037
f 3941/3941/3941 3915/3915/3915 3920/3920/3920
f 665/665/665 425/425/425 427/427/427
f 3909/3909/3909 3920/3920/3920 3915/3915/3915
f 3929/3929/3929 3913/3913/3913 3928/3928/3928
f 3953/3953/3953 3954/3954/3954 3929/3929/3929
f 3979/3979/3979 3980/3980/3980 3954/3954/3954
f 343/343/343 416/416/416 357/357/357
f 3983/3983/3983 3980/3980/3980 3981/3981/3981
f 211/211/211 213/213/213 343/343/343
f 3983/3983/3983 3999/3999/3999 4000/4000/4000
f 211/211/211 212/212/212 213/213/213
f 4066/4066/4066 4081/4081/4081 4025/4025/4025
f 4124/4124/4124 4123/4123/4123 4157/4157/4157
f 1373/1373/1373 1381/1381/1381 1326/1326/1326
f 4684/4684/4684 4685/4685/4685 4686/4686/4686
f 4686/4686/4686 4782/4782/4782 4684/4684/4684
f 4277/4277/4277 4301/4301/4301 4276/4276/4276
f 4277/4277/4277 4276/4276/4276 4245/4245/4245
f 4301/4301/4301 4300/4300/4300 4276/4276/4276
f 4276/4276/4276 4247/4247/4247 4245/4245/4245
f 4352/4352/4352 4289/4289/4289 4353/4353/4353
f 4279/4279/4279 4247/4247/4247 4289/4289/4289
f 4009/4009/4009 3930/3930/3930 3941/3941/3941
f 425/425/425 665/665/665 670/670/670
f 3919/3919/3919 3920/3920/3920 3909/3909/3909
f 3912/3912/3912 3919/3919/3919 3909/3909/3909
f 3912/3912/3912 3908/3908/3908 3913/3913/3913
f 3913/3913/3913 3929/3929/3929 3921/3921/3921
f 496/496/496 353/353/353 497/497/497
f 3984/3984/3984 3980/3980/3980 3983/3983/3983
f 4000/4000/4000 3999/3999/3999 4023/4023/4023
f 499/499/499 393/393/393 391/391/391
f 4025/4025/4025 4081/4081/4081 4080/4080/4080
f 4081/4081/4081 4066/4066/4066 4097/4097/4097
f 1299/1299/1299 1302/1302/1302 1303/1303/1303
f 1299/1299/1299 1301/1301/1301 1302/1302/1302
f 4097/4097/4097 4100/4100/4100 4124/4124/4124
f 4277/4277/4277 4245/4245/4245 4232/4232/4232
f 4240/4240/4240 4232/4232/4232 4245/4245/4245
f 4346/4346/4346 4301/4301/4301 4277/4277/4277
f 1013/1013/1013 1156/1156/1156 1148/1148/1148
f 1013/1013/1013 1140/1140/1140 1156/1156/1156
f 4245/4245/4245 4241/4241/4241 4240/4240/4240
f 4245/4245/4245 4247/4247/4247 4241/4241/4241
f 4247/4247/4247 4267/4267/4267 4241/4241/4241
f 4320/4320/4320 4289/4289/4289 4352/4352/4352
f 4247/4247/4247 4279/4279/4279 4267/4267/4267
f 4289/4289/4289 4320/4320/4320 4279/4279/4279
f 4175/4175/4175 4201/4201/4201 4044/4044/4044
f 3957/3957/3957 4009/4009/4009 3941/3941/3941
f 670/670/670 665/665/665 795/795/795
f 426/426/426 452/452/452 504/504/504
f 451/451/451 689/689/689 504/504/504
f 496/496/496 352/352/352 353/353/353
f 3929/3929/3929 3954/3954/3954 3935/3935/3935
f 416/416/416 497/497/497 353/353/353
f 4000/4000/4000 3984/3984/3984 3983/3983/3983
f 211/211/211 343/343/343 357/357/357
f 4080/4080/4080 4023/4023/4023 4025/4025/4025
f 4124/4124/4124 4141/4141/4141 4097/4097/4097
f 4155/4155/4155 4124/4124/4124 4157/4157/4157
f 1326/1326/1326 1311/1311/1311 1327/1327/1327
f 4203/4203/4203 4199/4199/4199 4324/4324/4324
f 4602/4602/4602 4600/4600/4600 4601/4601/4601
f 4283/4283/4283 4346/4346/4346 4277/4277/4277
f 4283/4283/4283 4277/4277/4277 4232/4232/4232
f 4232/4232/4232 4240/4240/4240 4233/4233/4233
f 834/834/834 1013/1013/1013 1148/1148/1148
f 1017/1017/1017 1140/1140/1140 1013/1013/1013
f 1017/1017/1017 1192/1192/1192 1140/1140/1140
f 4352/4352/4352 4366/4366/4366 4320/4320/4320
f 1087/1087/1087 1051/1051/1051 1091/1091/1091
f 1051/1051/1051 795/795/795 1091/1091/1091
f 3941/3941/3941 3920/3920/3920 3939/3939/3939
f 425/425/425 426/426/426 427/427/427
f 350/350/350 426/426/426 425/425/425
f 3912/3912/3912 3918/3918/3918 3919/3919/3919
f 3912/3912/3912 3913/3913/3913 3918/3918/3918
f 451/451/451 504/504/504 452/452/452
f 3935/3935/3935 3921/3921/3921 3929/3929/3929
f 4000/4000/4000 4008/4008/4008 3984/3984/3984
f 210/210/210 393/393/393 212/212/212
f 391/391/391 393/393/393 392/392/392
f 499/499/499 391/391/391 491/491/491
f 491/491/491 1338/1338/1338 499/499/499
f 4081/4081/4081 4115/4115/4115 4080/4080/4080
f 4081/4081/4081 4116/4116/4116 4115/4115/4115
f 4097/4097/4097 4116/4116/4116 4081/4081/4081
f 1300/1300/1300 1301/1301/1301 1299/1299/1299
f 4157/4157/4157 4187/4187/4187 4155/4155/4155
f 4203/4203/4203 4187/4187/4187 4157/4157/4157
f 1373/1373/1373 1422/1422/1422 1381/1381/1381
f 4685/4685/4685 4790/4790/4790 4687/4687/4687
f 4246/4246/4246 4283/4283/4283 4232/4232/4232
f 4229/4229/4229 4232/4232/4232 4233/4233/4233
f 834/834/834 1148/1148/1148 1100/1100/1100
f 1017/1017/1017 1193/1193/1193 1192/1192/1192
f 4241/4241/4241 4267/4267/4267 4223/4223/4223
f 4280/4280/4280 4279/4279/4279 4320/4320/4320
f 4267/4267/4267 4280/4280/4280 4223/4223/4223
f 4279/4279/4279 4280/4280/4280 4267/4267/4267
f 4175/4175/4175 4372/4372/4372 4201/4201/4201
f 3939/3939/3939 3920/3920/3920 3919/3919/3919
f 452/452/452 426/426/426 350/350/350
f 3913/3913/3913 3921/3921/3921 3918/3918/3918
f 451/451/451 352/352/352 689/689/689
f 3949/3949/3949 3935/3935/3935 3954/3954/3954
f 3954/3954/3954 3980/3980/3980 3949/3949/3949
f 4000/4000/4000 4023/4023/4023 4021/4021/4021
f 210/210/210 212/212/212 211/211/211
f 392/392/392 393/393/393 210/210/210
f 4080/4080/4080 4079/4079/4079 4023/4023/4023
f 1338/1338/1338 1304/1304/1304 1303/1303/1303
f 491/491/491 1304/1304/1304 1338/1338/1338
f 4141/4141/4141 4116/4116/4116 4097/4097/4097
f 4155/4155/4155 4154/4154/4154 4124/4124/4124
f 1327/1327/1327 1373/1373/1373 1326/1326/1326
f 4687/4687/4687 4686/4686/4686 4685/4685/4685
f 4283/4283/4283 4246/4246/4246 4284/4284/4284
f 745/745/745 1100/1100/1100 1101/1101/1101
f 745/745/745 834/834/834 1100/1100/1100
f 4240/4240/4240 4225/4225/4225 4233/4233/4233
f 4241/4241/4241 4225/4225/4225 4240/4240/4240
f 1193/1193/1193 1017/1017/1017 1018/1018/1018
f 4358/4358/4358 4320/4320/4320 4366/4366/4366
f 4319/4319/4319 4320/4320/4320 4358/4358/4358
f 4320/4320/4320 4319/4319/4319 4280/4280/4280
f 1154/1154/1154 1194/1194/1194 1086/1086/1086
f 1086/1086/1086 1087/1087/1087 1154/1154/1154
f 4044/4044/4044 4009/4009/4009 4043/4043/4043
f 3957/3957/3957 4043/4043/4043 4009/4009/4009
f 3939/3939/3939 3957/3957/3957 3941/3941/3941
f 3939/3939/3939 3956/3956/3956 3957/3957/3957
f 795/795/795 1051/1051/1051 796/796/796
f 796/796/796 670/670/670 795/795/795
f 3919/3919/3919 3918/3918/3918 3924/3924/3924
f 3934/3934/3934 3921/3921/3921 3935/3935/3935
f 352/352/352 326/326/326 353/353/353
f 4008/4008/4008 4000/4000/4000 4021/4021/4021
f 4023/4023/4023 4024/4024/4024 4021/4021/4021
f 4079/4079/4079 4024/4024/4024 4023/4023/4023
f 4154/4154/4154 4141/4141/4141 4124/4124/4124
f 4324/4324/4324 4305/4305/4305 4203/4203/4203
f 4246/4246/4246 4232/4232/4232 4234/4234/4234
f 4234/4234/4234 4232/4232/4232 4231/4231/4231
f 4229/4229/4229 4231/4231/4231 4232/4232/4232
f 746/746/746 745/745/745 1101/1101/1101
f 4233/4233/4233 4225/4225/4225 4229/4229/4229
f 712/712/712 1017/1017/1017 1013/1013/1013
f 1104/1104/1104 1193/1193/1193 1018/1018/1018
f 4241/4241/4241 4223/4223/4223 4225/4225/4225
f 4367/4367/4367 4358/4358/4358 4366/4366/4366
f 4280/4280/4280 4222/4222/4222 4223/4223/4223
f 4297/4297/4297 4280/4280/4280 4319/4319/4319
f 4043/4043/4043 4175/4175/4175 4044/4044/4044
f 3956/3956/3956 3970/3970/3970 3957/3957/3957
f 3939/3939/3939 3919/3919/3919 3931/3931/3931
f 3919/3919/3919 3924/3924/3924 3931/3931/3931
f 3924/3924/3924 3918/3918/3918 3921/3921/3921
f 439/439/439 451/451/451 452/452/452
f 3984/3984/3984 3949/3949/3949 3980/3980/3980
f 232/232/232 416/416/416 353/353/353
f 232/232/232 357/357/357 416/416/416
f 211/211/211 357/357/357 209/209/209
f 1304/1304/1304 1299/1299/1299 1303/1303/1303
f 1300/1300/1300 1299/1299/1299 1298/1298/1298
f 4116/4116/4116 4141/4141/4141 4148/4148/4148
f 4686/4686/4686 4689/4689/4689 4782/4782/4782
f 4242/4242/4242 4246/4246/4246 4234/4234/4234
f 4284/4284/4284 4246/4246/4246 4242/4242/4242
f 4283/4283/4283 4284/4284/4284 4357/4357/4357
f 4229/4229/4229 4230/4230/4230 4231/4231/4231
f 711/711/711 1013/1013/1013 834/834/834
f 712/712/712 1013/1013/1013 711/711/711
f 713/713/713 1017/1017/1017 712/712/712
f 713/713/713 1018/1018/1018 1017/1017/1017
f 4374/4374/4374 4367/4367/4367 4366/4366/4366
f 1158/1158/1158 1086/1086/1086 1194/1194/1194
f 4043/4043/4043 3957/3957/3957 3970/3970/3970
f 670/670/670 796/796/796 680/680/680
f 325/325/325 350/350/350 425/425/425
f 439/439/439 452/452/452 411/411/411
f 451/451/451 439/439/439 352/352/352
f 3938/3938/3938 3934/3934/3934 3935/3935/3935
f 3949/3949/3949 3938/3938/3938 3935/3935/3935
f 4032/4032/4032 4008/4008/4008 4021/4021/4021
f 211/211/211 209/209/209 210/210/210
f 392/392/392 210/210/210 391/391/391
f 4080/4080/4080 4127/4127/4127 4079/4079/4079
f 4127/4127/4127 4080/4080/4080 4115/4115/4115
f 491/491/491 418/418/418 1304/1304/1304
f 4116/4116/4116 4148/4148/4148 4115/4115/4115
f 1305/1305/1305 1300/1300/1300 1298/1298/1298
f 4286/4286/4286 4242/4242/4242 4243/4243/4243
f 4243/4243/4243 4242/4242/4242 4236/4236/4236
f 4357/4357/4357 4284/4284/4284 4286/4286/4286
f 4284/4284/4284 4242/4242/4242 4286/4286/4286
f 4242/4242/4242 4234/4234/4234 4236/4236/4236
f 1052/1052/1052 1101/1101/1101 1111/1111/1111
f 746/746/746 1101/1101/1101 1052/1052/1052
f 4229/4229/4229 4228/4228/4228 4230/4230/4230
f 4225/4225/4225 4228/4228/4228 4229/4229/4229
f 1104/1104/1104 1018/1018/1018 814/814/814
f 4223/4223/4223 4224/4224/4224 4225/4225/4225
f 4221/4221/4221 4224/4224/4224 4223/4223/4223
f 4222/4222/4222 4221/4221/4221 4223/4223/4223
f 4344/4344/4344 4319/4319/4319 4358/4358/4358
f 1042/1042/1042 1087/1087/1087 1086/1086/1086
f 1087/1087/1087 1050/1050/1050 1051/1051/1051
f 3956/3956/3956 3950/3950/3950 3970/3970/3970
f 3924/3924/3924 3933/3933/3933 3937/3937/3937
f 452/452/452 350/350/350 411/411/411
f 3921/3921/3921 3933/3933/3933 3924/3924/3924
f 3933/3933/3933 3921/3921/3921 3934/3934/3934
f 3984/3984/3984 3985/3985/3985 3949/3949/3949
f 4008/4008/4008 3985/3985/3985 3984/3984/3984
f 209/209/209 357/357/357 232/232/232
f 4021/4021/4021 4024/4024/4024 4087/4087/4087
f 4079/4079/4079 4087/4087/4087 4024/4024/4024
f 4079/4079/4079 4127/4127/4127 4087/4087/4087
f 418/418/418 491/491/491 391/391/391
f 1297/1297/1297 1299/1299/1299 1304/1304/1304
f 4148/4148/4148 4141/4141/4141 4151/4151/4151
f 4154/4154/4154 4151/4151/4151 4141/4141/4141
f 1327/1327/1327 1311/1311/1311 1328/1328/1328
f 4154/4154/4154 4155/4155/4155 4187/4187/4187
f 4601/4601/4601 4600/4600/4600 4598/4598/4598
f 1549/1549/1549 1543/1543/1543 1633/1633/1633
f 1543/1543/1543 1623/1623/1623 1633/1633/1633
f 1543/1543/1543 1552/1552/1552 1623/1623/1623
f 4243/4243/4243 4236/4236/4236 4244/4244/4244
f 4286/4286/4286 4361/4361/4361 4357/4357/4357
f 4228/4228/4228 4225/4225/4225 4227/4227/4227
f 1018/1018/1018 713/713/713 729/729/729
f 4224/4224/4224 4226/4226/4226 4225/4225/4225
f 729/729/729 814/814/814 1018/1018/1018
f 3343/3343/3343 3305/3305/3305 3315/3315/3315
f 4375/4375/4375 4367/4367/4367 4374/4374/4374
f 4297/4297/4297 4319/4319/4319 4344/4344/4344
f 4280/4280/4280 4297/4297/4297 4222/4222/4222
f 4043/4043/4043 3970/3970/3970 3969/3969/3969
f 1050/1050/1050 810/810/810 1051/1051/1051
f 810/810/810 796/796/796 1051/1051/1051
f 3939/3939/3939 3950/3950/3950 3956/3956/3956
f 3931/3931/3931 3924/3924/3924 3937/3937/3937
f 411/411/411 350/350/350 324/324/324
f 352/352/352 339/339/339 326/326/326
f 4032/4032/4032 4069/4069/4069 4008/4008/4008
f 4021/4021/4021 4087/4087/4087 4032/4032/4032
f 4185/4185/4185 4154/4154/4154 4187/4187/4187
f 4187/4187/4187 4203/4203/4203 4305/4305/4305
f 4689/4689/4689 4686/4686/4686 4688/4688/4688
f 4688/4688/4688 4690/4690/4690 4689/4689/4689
f 3675/3675/3675 3665/3665/3665 3661/3661/3661
f 3661/3661/3661 3665/3665/3665 3663/3663/3663
f 3675/3675/3675 3676/3676/3676 3665/3665/3665
f 1548/1548/1548 1543/1543/1543 1549/1549/1549
f 4340/4340/4340 4339/4339/4339 4341/4341/4341
f 4340/4340/4340 4336/4336/4336 4339/4339/4339
f 1552/1552/1552 1641/1641/1641 1623/1623/1623
f 1552/1552/1552 1595/1595/1595 1641/1641/1641
f 1539/1539/1539 1595/1595/1595 1552/1552/1552
f 1539/1539/1539 1594/1594/1594 1595/1595/1595
f 4282/4282/4282 4244/4244/4244 4239/4239/4239
f 4244/4244/4244 4286/4286/4286 4243/4243/4243
f 4244/4244/4244 4236/4236/4236 4239/4239/4239
f 4282/4282/4282 4286/4286/4286 4244/4244/4244
f 4361/4361/4361 4286/4286/4286 4282/4282/4282
f 4237/4237/4237 4236/4236/4236 4235/4235/4235
f 4234/4234/4234 4235/4235/4235 4236/4236/4236
f 4231/4231/4231 4235/4235/4235 4234/4234/4234
f 4225/4225/4225 4226/4226/4226 4227/4227/4227
f 3344/3344/3344 3305/3305/3305 3343/3343/3343
f 4373/4373/4373 4367/4367/4367 4375/4375/4375
f 4365/4365/4365 4358/4358/4358 4367/4367/4367
f 1159/1159/1159 1158/1158/1158 1194/1194/1194
f 1050/1050/1050 1087/1087/1087 1042/1042/1042
f 3940/3940/3940 3939/3939/3939 3931/3931/3931
f 325/325/325 324/324/324 350/350/350
f 3934/3934/3934 3936/3936/3936 3933/3933/3933
f 439/439/439 342/342/342 352/352/352
f 339/339/339 352/352/352 342/342/342
f 3938/3938/3938 3936/3936/3936 3934/3934/3934
f 3949/3949/3949 3936/3936/3936 3938/3938/3938
f 3985/3985/3985 3977/3977/3977 3949/3949/3949
f 353/353/353 326/326/326 231/231/231
f 231/231/231 232/232/232 353/353/353
f 206/206/206 210/210/210 209/209/209
f 214/214/214 418/418/418 391/391/391
f 1297/1297/1297 1298/1298/1298 1299/1299/1299
f 1306/1306/1306 1305/1305/1305 1298/1298/1298
f 4154/4154/4154 4156/4156/4156 4151/4151/4151
f 4156/4156/4156 4154/4154/4154 4185/4185/4185
f 1328/1328/1328 1373/1373/1373 1327/1327/1327
f 4600/4600/4600 4599/4599/4599 4598/4598/4598
f 4690/4690/4690 4691/4691/4691 4689/4689/4689
f 3656/3656/3656 3661/3661/3661 3658/3658/3658
f 3658/3658/3658 3661/3661/3661 3663/3663/3663
f 3666/3666/3666 3661/3661/3661 3656/3656/3656
f 3666/3666/3666 3675/3675/3675 3661/3661/3661
f 4342/4342/4342 4341/4341/4341 4339/4339/4339
f 1513/1513/1513 1552/1552/1552 1543/1543/1543
f 1595/1595/1595 1642/1642/1642 1641/1641/1641
f 1595/1595/1595 1594/1594/1594 1642/1642/1642
f 1539/1539/1539 1559/1559/1559 1594/1594/1594
f 1539/1539/1539 1538/1538/1538 1559/1559/1559
f 4275/4275/4275 4281/4281/4281 4250/4250/4250
f 4281/4281/4281 4239/4239/4239 4250/4250/4250
f 4250/4250/4250 4239/4239/4239 4248/4248/4248
f 4281/4281/4281 4282/4282/4282 4239/4239/4239
f 4239/4239/4239 4238/4238/4238 4248/4248/4248
f 4236/4236/4236 4238/4238/4238 4239/4239/4239
f 1111/1111/1111 1110/1110/1110 766/766/766
f 4238/4238/4238 4236/4236/4236 4237/4237/4237
f 766/766/766 1052/1052/1052 1111/1111/1111
f 1052/1052/1052 747/747/747 746/746/746
f 3281/3281/3281 3304/3304/3304 3345/3345/3345
f 3281/3281/3281 3345/3345/3345 3323/3323/3323
f 603/603/603 745/745/745 746/746/746
f 711/711/711 834/834/834 745/745/745
f 3329/3329/3329 3302/3302/3302 3323/3323/3323
f 3329/3329/3329 3314/3314/3314 3302/3302/3302
f 586/586/586 712/712/712 711/711/711
f 814/814/814 729/729/729 741/741/741
f 741/741/741 1104/1104/1104 814/814/814
f 824/824/824 1104/1104/1104 741/741/741
f 1104/1104/1104 824/824/824 1177/1177/1177
f 4222/4222/4222 4219/4219/4219 4221/4221/4221
f 4367/4367/4367 4373/4373/4373 4365/4365/4365
f 4344/4344/4344 4358/4358/4358 4365/4365/4365
f 4288/4288/4288 4222/4222/4222 4297/4297/4297
f 4096/4096/4096 4364/4364/4364 4175/4175/4175
f 4096/4096/4096 4175/4175/4175 4043/4043/4043
f 3947/3947/3947 3950/3950/3950 3939/3939/3939
f 671/671/671 670/670/670 680/680/680
f 3933/3933/3933 3936/3936/3936 3937/3937/3937
f 410/410/410 342/342/342 439/439/439
f 3977/3977/3977 3936/3936/3936 3949/3949/3949
f 4070/4070/4070 3977/3977/3977 3985/3985/3985
f 4069/4069/4069 3985/3985/3985 4008/4008/4008
f 214/214/214 391/391/391 210/210/210
f 4115/4115/4115 4148/4148/4148 4127/4127/4127
f 1304/1304/1304 418/418/418 1297/1297/1297
f 4686/4686/4686 4687/4687/4687 4688/4688/4688
f 1527/1527/1527 1543/1543/1543 1548/1548/1548
f 3359/3359/3359 3361/3361/3361 3253/3253/3253
f 1513/1513/1513 1543/1543/1543 1527/1527/1527
f 1523/1523/1523 1552/1552/1552 1513/1513/1513
f 4336/4336/4336 4338/4338/4338 4339/4339/4339
f 1523/1523/1523 1539/1539/1539 1552/1552/1552
f 4335/4335/4335 4333/4333/4333 4336/4336/4336
f 1538/1538/1538 1539/1539/1539 1494/1494/1494
f 4333/4333/4333 4335/4335/4335 4334/4334/4334
f 1594/1594/1594 1621/1621/1621 1642/1642/1642
f 1594/1594/1594 1559/1559/1559 1621/1621/1621
f 1596/1596/1596 1559/1559/1559 1538/1538/1538
f 1559/1559/1559 1596/1596/1596 1621/1621/1621
f 4255/4255/4255 4278/4278/4278 4251/4251/4251
f 4278/4278/4278 4285/4285/4285 4251/4251/4251
f 4255/4255/4255 4251/4251/4251 4252/4252/4252
f 4285/4285/4285 4275/4275/4275 4251/4251/4251
f 4251/4251/4251 4249/4249/4249 4252/4252/4252
f 4285/4285/4285 4281/4281/4281 4275/4275/4275
f 4250/4250/4250 4251/4251/4251 4275/4275/4275
f 4355/4355/4355 4281/4281/4281 4285/4285/4285
f 4251/4251/4251 4250/4250/4250 4249/4249/4249
f 4249/4249/4249 4250/4250/4250 4248/4248/4248
f 4282/4282/4282 4355/4355/4355 4361/4361/4361
f 4355/4355/4355 4282/4282/4282 4281/4281/4281
f 4238/4238/4238 4249/4249/4249 4248/4248/4248
f 603/603/603 746/746/746 747/747/747
f 3302/3302/3302 3281/3281/3281 3323/3323/3323
f 603/603/603 588/588/588 745/745/745
f 3344/3344/3344 3320/3320/3320 3305/3305/3305
f 4220/4220/4220 4221/4221/4221 4219/4219/4219
f 4344/4344/4344 4365/4365/4365 4343/4343/4343
f 4043/4043/4043 3969/3969/3969 4033/4033/4033
f 1086/1086/1086 1063/1063/1063 823/823/823
f 1158/1158/1158 1159/1159/1159 1063/1063/1063
f 1086/1086/1086 1158/1158/1158 1063/1063/1063
f 1086/1086/1086 823/823/823 1042/1042/1042
f 3950/3950/3950 3969/3969/3969 3970/3970/3970
f 3939/3939/3939 3946/3946/3946 3947/3947/3947
f 3940/3940/3940 3946/3946/3946 3939/3939/3939
f 3943/3943/3943 3940/3940/3940 3931/3931/3931
f 3937/3937/3937 3943/3943/3943 3931/3931/3931
f 3937/3937/3937 3936/3936/3936 3958/3958/3958
f 3936/3936/3936 3959/3959/3959 3958/3958/3958
f 3959/3959/3959 3936/3936/3936 3977/3977/3977
f 209/209/209 232/232/232 208/208/208
f 206/206/206 209/209/209 208/208/208
f 214/214/214 210/210/210 206/206/206
f 4127/4127/4127 4122/4122/4122 4087/4087/4087
f 4127/4127/4127 4148/4148/4148 4122/4122/4122
f 1293/1293/1293 1298/1298/1298 1297/1297/1297
f 1314/1314/1314 1311/1311/1311 1305/1305/1305
f 1328/1328/1328 1311/1311/1311 1314/1314/1314
f 4187/4187/4187 4207/4207/4207 4185/4185/4185
f 4305/4305/4305 4207/4207/4207 4187/4187/4187
f 4688/4688/4688 4692/4692/4692 4690/4690/4690
f 3667/3667/3667 3656/3656/3656 3654/3654/3654
f 3654/3654/3654 3656/3656/3656 3641/3641/3641
f 3641/3641/3641 3656/3656/3656 3658/3658/3658
f 3667/3667/3667 3666/3666/3666 3656/3656/3656
f 3680/3680/3680 3666/3666/3666 3667/3667/3667
f 3359/3359/3359 3187/3187/3187 3360/3360/3360
f 3675/3675/3675 3666/3666/3666 3680/3680/3680
f 1548/1548/1548 1528/1528/1528 1527/1527/1527
f 3359/3359/3359 3253/3253/3253 3187/3187/3187
f 4336/4336/4336 4337/4337/4337 4338/4338/4338
f 4333/4333/4333 4337/4337/4337 4336/4336/4336
f 1596/1596/1596 1622/1622/1622 1621/1621/1621
f 4287/4287/4287 4255/4255/4255 4265/4265/4265
f 4287/4287/4287 4368/4368/4368 4345/4345/4345
f 4287/4287/4287 4278/4278/4278 4255/4255/4255
f 4255/4255/4255 4258/4258/4258 4265/4265/4265
f 4345/4345/4345 4278/4278/4278 4287/4287/4287
f 4258/4258/4258 4255/4255/4255 4257/4257/4257
f 4255/4255/4255 4252/4252/4252 4257/4257/4257
f 4285/4285/4285 4278/4278/4278 4345/4345/4345
f 4345/4345/4345 4363/4363/4363 4285/4285/4285
f 4355/4355/4355 4285/4285/4285 4363/4363/4363
f 1109/1109/1109 816/816/816 1110/1110/1110
f 4238/4238/4238 4261/4261/4261 4249/4249/4249
f 766/766/766 1110/1110/1110 816/816/816
f 3287/3287/3287 3342/3342/3342 3341/3341/3341
f 3287/3287/3287 3341/3341/3341 3304/3304/3304
f 588/588/588 711/711/711 745/745/745
f 3305/3305/3305 3314/3314/3314 3315/3315/3315
f 713/713/713 639/639/639 729/729/729
f 639/639/639 646/646/646 729/729/729
f 4373/4373/4373 4348/4348/4348 4365/4365/4365
f 4343/4343/4343 4297/4297/4297 4344/4344/4344
f 4297/4297/4297 4294/4294/4294 4288/4288/4288
f 4096/4096/4096 4043/4043/4043 4033/4033/4033
f 796/796/796 810/810/810 730/730/730
f 680/680/680 796/796/796 730/730/730
f 425/425/425 670/670/670 397/397/397
f 397/397/397 325/325/325 425/425/425
f 3958/3958/3958 3943/3943/3943 3937/3937/3937
f 323/323/323 411/411/411 324/324/324
f 410/410/410 439/439/439 411/411/411
f 3977/3977/3977 4070/4070/4070 4072/4072/4072
f 4069/4069/4069 4070/4070/4070 3985/3985/3985
f 4091/4091/4091 4069/4069/4069 4032/4032/4032
f 4087/4087/4087 4091/4091/4091 4032/4032/4032
f 4310/4310/4310 4207/4207/4207 4305/4305/4305
f 3641/3641/3641 3658/3658/3658 3662/3662/3662
f 3187/3187/3187 3271/3271/3271 3360/3360/3360
f 1523/1523/1523 1513/1513/1513 1490/1490/1490
f 3361/3361/3361 3128/3128/3128 3253/3253/3253
f 1493/1493/1493 1539/1539/1539 1523/1523/1523
f 1494/1494/1494 1539/1539/1539 1493/1493/1493
f 3318/3318/3318 3024/3024/3024 3265/3265/3265
f 1496/1496/1496 1538/1538/1538 1494/1494/1494
f 1551/1551/1551 1538/1538/1538 1496/1496/1496
f 1551/1551/1551 1596/1596/1596 1538/1538/1538
f 4332/4332/4332 4333/4333/4333 4334/4334/4334
f 4292/4292/4292 4287/4287/4287 4265/4265/4265
f 4292/4292/4292 4265/4265/4265 4266/4266/4266
f 4266/4266/4266 4265/4265/4265 4258/4258/4258
f 1160/1160/1160 1062/1062/1062 1040/1040/1040
f 4249/4249/4249 4253/4253/4253 4252/4252/4252
f 766/766/766 747/747/747 1052/1052/1052
f 711/711/711 588/588/588 586/586/586
f 586/586/586 614/614/614 712/712/712
f 614/614/614 713/713/713 712/712/712
f 3305/3305/3305 3292/3292/3292 3314/3314/3314
f 4288/4288/4288 4219/4219/4219 4222/4222/4222
f 4297/4297/4297 4343/4343/4343 4294/4294/4294
f 3950/3950/3950 3947/3947/3947 3961/3961/3961
f 1042/1042/1042 788/788/788 1050/1050/1050
f 671/671/671 680/680/680 730/730/730
f 3948/3948/3948 3946/3946/3946 3940/3940/3940
f 3943/3943/3943 3948/3948/3948 3940/3940/3940
f 159/159/159 325/325/325 397/397/397
f 4073/4073/4073 3958/3958/3958 3959/3959/3959
f 342/342/342 329/329/329 339/339/339
f 4069/4069/4069 4084/4084/4084 4070/4070/4070
f 4091/4091/4091 4087/4087/4087 4122/4122/4122
f 4148/4148/4148 4143/4143/4143 4122/4122/4122
f 419/419/419 1297/1297/1297 418/418/418
f 1293/1293/1293 1306/1306/1306 1298/1298/1298
f 4156/4156/4156 4169/4169/4169 4151/4151/4151
f 4597/4597/4597 4598/4598/4598 4596/4596/4596
f 4598/4598/4598 4599/4599/4599 4596/4596/4596
f 3654/3654/3654 3641/3641/3641 3640/3640/3640
f 3638/3638/3638 3641/3641/3641 3662/3662/3662
f 3680/3680/3680 3667/3667/3667 3679/3679/3679
f 3187/3187/3187 3099/3099/3099 2901/2901/2901
f 3253/3253/3253 3099/3099/3099 3187/3187/3187
f 1512/1512/1512 1513/1513/1513 1527/1527/1527
f 3128/3128/3128 3099/3099/3099 3253/3253/3253
f 1490/1490/1490 1493/1493/1493 1523/1523/1523
f 3318/3318/3318 3209/3209/3209 3024/3024/3024
f 3209/3209/3209 3318/3318/3318 3272/3272/3272
f 4332/4332/4332 4331/4331/4331 4333/4333/4333
f 1085/1085/1085 1180/1180/1180 1168/1168/1168
f 1062/1062/1062 1180/1180/1180 1085/1085/1085
f 1040/1040/1040 1062/1062/1062 988/988/988
f 4257/4257/4257 4256/4256/4256 4258/4258/4258
f 1040/1040/1040 1108/1108/1108 1160/1160/1160
f 4257/4257/4257 4252/4252/4252 4256/4256/4256
f 821/821/821 1109/1109/1109 1108/1108/1108
f 821/821/821 816/816/816 1109/1109/1109
f 4249/4249/4249 4261/4261/4261 4254/4254/4254
f 766/766/766 816/816/816 785/785/785
f 766/766/766 721/721/721 747/747/747
f 603/603/603 747/747/747 721/721/721
f 3281/3281/3281 3284/3284/3284 3304/3304/3304
f 603/603/603 602/602/602 588/588/588
f 3302/3302/3302 3292/3292/3292 3279/3279/3279
f 3314/3314/3314 3292/3292/3292 3302/3302/3302
f 3277/3277/3277 3292/3292/3292 3305/3305/3305
f 646/646/646 741/741/741 729/729/729
f 3305/3305/3305 3320/3320/3320 3306/3306/3306
f 1177/1177/1177 824/824/824 1141/1141/1141
f 4467/4467/4467 4466/4466/4466 4468/4468/4468
f 4219/4219/4219 4191/4191/4191 4220/4220/4220
f 4288/4288/4288 4192/4192/4192 4219/4219/4219
f 4219/4219/4219 4192/4192/4192 4191/4191/4191
f 4343/4343/4343 4211/4211/4211 4294/4294/4294
f 4038/4038/4038 4096/4096/4096 4033/4033/4033
f 4174/4174/4174 4364/4364/4364 4096/4096/4096
f 1055/1055/1055 1159/1159/1159 1161/1161/1161
f 823/823/823 788/788/788 1042/1042/1042
f 788/788/788 810/810/810 1050/1050/1050
f 671/671/671 440/440/440 670/670/670
f 397/397/397 670/670/670 440/440/440
f 159/159/159 324/324/324 325/325/325
f 4068/4068/4068 3943/3943/3943 3958/3958/3958
f 323/323/323 410/410/410 411/411/411
f 4073/4073/4073 4068/4068/4068 3958/3958/3958
f 329/329/329 327/327/327 339/339/339
f 326/326/326 339/339/339 327/327/327
f 3977/3977/3977 4072/4072/4072 3959/3959/3959
f 4085/4085/4085 4084/4084/4084 4069/4069/4069
f 4091/4091/4091 4086/4086/4086 4069/4069/4069
f 1295/1295/1295 1297/1297/1297 419/419/419
f 4156/4156/4156 4185/4185/4185 4169/4169/4169
f 1328/1328/1328 1350/1350/1350 1373/1373/1373
f 1373/1373/1373 1411/1411/1411 1422/1422/1422
f 3640/3640/3640 3641/3641/3641 3638/3638/3638
f 3664/3664/3664 3667/3667/3667 3654/3654/3654
f 3187/3187/3187 2986/2986/2986 3271/3271/3271
f 1488/1488/1488 1513/1513/1513 1512/1512/1512
f 3265/3265/3265 3024/3024/3024 3128/3128/3128
f 3209/3209/3209 3025/3025/3025 3024/3024/3024
f 1497/1497/1497 1551/1551/1551 1496/1496/1496
f 3025/3025/3025 3209/3209/3209 3272/3272/3272
f 4292/4292/4292 4266/4266/4266 4359/4359/4359
f 990/990/990 1062/1062/1062 1085/1085/1085
f 4259/4259/4259 4260/4260/4260 4258/4258/4258
f 4256/4256/4256 4259/4259/4259 4258/4258/4258
f 4256/4256/4256 4252/4252/4252 4253/4253/4253
f 4254/4254/4254 4253/4253/4253 4249/4249/4249
f 4261/4261/4261 4238/4238/4238 4262/4262/4262
f 3304/3304/3304 3285/3285/3285 3287/3287/3287
f 3279/3279/3279 3281/3281/3281 3302/3302/3302
f 614/614/614 639/639/639 713/713/713
f 3306/3306/3306 3277/3277/3277 3305/3305/3305
f 647/647/647 824/824/824 741/741/741
f 4365/4365/4365 4348/4348/4348 4343/4343/4343
f 4288/4288/4288 4294/4294/4294 4192/4192/4192
f 4174/4174/4174 4096/4096/4096 4038/4038/4038
f 4038/4038/4038 4033/4033/4033 3974/3974/3974
f 3969/3969/3969 3974/3974/3974 4033/4033/4033
f 3974/3974/3974 3969/3969/3969 3968/3968/3968
f 1055/1055/1055 1063/1063/1063 1159/1159/1159
f 3969/3969/3969 3950/3950/3950 3961/3961/3961
f 3952/3952/3952 3947/3947/3947 3946/3946/3946
f 4084/4084/4084 4072/4072/4072 4070/4070/4070
f 4069/4069/4069 4086/4086/4086 4085/4085/4085
f 208/208/208 232/232/232 202/202/202
f 4148/4148/4148 4151/4151/4151 4143/4143/4143
f 1292/1292/1292 1297/1297/1297 1295/1295/1295
f 1293/1293/1293 1297/1297/1297 1292/1292/1292
f 1314/1314/1314 1305/1305/1305 1306/1306/1306
f 4207/4207/4207 4213/4213/4213 4185/4185/4185
f 4697/4697/4697 4688/4688/4688 4687/4687/4687
f 4310/4310/4310 4213/4213/4213 4207/4207/4207
f 4692/4692/4692 4688/4688/4688 4795/4795/4795
f 4692/4692/4692 4691/4691/4691 4690/4690/4690
f 3640/3640/3640 3664/3664/3664 3654/3654/3654
f 3673/3673/3673 3667/3667/3667 3664/3664/3664
f 3679/3679/3679 3667/3667/3667 3673/3673/3673
f 3331/3331/3331 3271/3271/3271 3006/3006/3006
f 2986/2986/2986 3006/3006/3006 3271/3271/3271
f 2901/2901/2901 2986/2986/2986 3187/3187/3187
f 1527/1527/1527 1528/1528/1528 1511/1511/1511
f 1511/1511/1511 1512/1512/1512 1527/1527/1527
f 1490/1490/1490 1513/1513/1513 1488/1488/1488
f 1487/1487/1487 1493/1493/1493 1490/1490/1490
f 3099/3099/3099 3128/3128/3128 2849/2849/2849
f 1487/1487/1487 1494/1494/1494 1493/1493/1493
f 1551/1551/1551 1558/1558/1558 1596/1596/1596
f 1597/1597/1597 1596/1596/1596 1558/1558/1558
f 1597/1597/1597 1622/1622/1622 1596/1596/1596
f 4330/4330/4330 4331/4331/4331 4329/4329/4329
f 4332/4332/4332 4329/4329/4329 4331/4331/4331
f 1117/1117/1117 1085/1085/1085 1168/1168/1168
f 4258/4258/4258 4260/4260/4260 4266/4266/4266
f 990/990/990 988/988/988 1062/1062/1062
f 3317/3317/3317 3294/3294/3294 3351/3351/3351
f 1108/1108/1108 1040/1040/1040 821/821/821
f 821/821/821 802/802/802 816/816/816
f 721/721/721 766/766/766 785/785/785
f 721/721/721 607/607/607 603/603/603
f 3304/3304/3304 3284/3284/3284 3285/3285/3285
f 604/604/604 602/602/602 603/603/603
f 3279/3279/3279 3280/3280/3280 3281/3281/3281
f 602/602/602 577/577/577 588/588/588
f 4465/4465/4465 4466/4466/4466 4467/4467/4467
f 1113/1113/1113 1195/1195/1195 1204/1204/1204
f 4348/4348/4348 4160/4160/4160 4343/4343/4343
f 4343/4343/4343 4160/4160/4160 4211/4211/4211
f 4038/4038/4038 4015/4015/4015 4039/4039/4039
f 4038/4038/4038 3974/3974/3974 4015/4015/4015
f 788/788/788 823/823/823 759/759/759
f 788/788/788 759/759/759 760/760/760
f 3961/3961/3961 3947/3947/3947 3952/3952/3952
f 810/810/810 695/695/695 730/730/730
f 730/730/730 695/695/695 671/671/671
f 3946/3946/3946 3948/3948/3948 3972/3972/3972
f 3948/3948/3948 3943/3943/3943 4037/4037/4037
f 323/323/323 324/324/324 159/159/159
f 4068/4068/4068 4073/4073/4073 4095/4095/4095
f 322/322/322 342/342/342 410/410/410
f 181/181/181 231/231/231 326/326/326
f 4086/4086/4086 4117/4117/4117 4085/4085/4085
f 4122/4122/4122 4086/4086/4086 4091/4091/4091
f 4170/4170/4170 4151/4151/4151 4169/4169/4169
f 4184/4184/4184 4169/4169/4169 4185/4185/4185
f 4185/4185/4185 4213/4213/4213 4184/4184/4184
f 1411/1411/1411 1373/1373/1373 1350/1350/1350
f 4688/4688/4688 4698/4698/4698 4795/4795/4795
f 3657/3657/3657 3664/3664/3664 3640/3640/3640
f 3331/3331/3331 3006/3006/3006 3264/3264/3264
f 3673/3673/3673 3683/3683/3683 3679/3679/3679
f 1511/1511/1511 1528/1528/1528 1529/1529/1529
f 3099/3099/3099 2880/2880/2880 2901/2901/2901
f 1488/1488/1488 1487/1487/1487 1490/1490/1490
f 3024/3024/3024 2849/2849/2849 3128/3128/3128
f 1491/1491/1491 1496/1496/1496 1494/1494/1494
f 1497/1497/1497 1496/1496/1496 1491/1491/1491
f 1630/1630/1630 1622/1622/1622 1597/1597/1597
f 4266/4266/4266 4296/4296/4296 4359/4359/4359
f 4260/4260/4260 4259/4259/4259 4263/4263/4263
f 3351/3351/3351 3294/3294/3294 3293/3293/3293
f 821/821/821 1040/1040/1040 988/988/988
f 802/802/802 785/785/785 816/816/816
f 3290/3290/3290 3296/3296/3296 3310/3310/3310
f 604/604/604 603/603/603 607/607/607
f 577/577/577 586/586/586 588/588/588
f 3292/3292/3292 3278/3278/3278 3279/3279/3279
f 3292/3292/3292 3277/3277/3277 3278/3278/3278
f 614/614/614 586/586/586 587/587/587
f 646/646/646 647/647/647 741/741/741
f 789/789/789 824/824/824 647/647/647
f 789/789/789 1141/1141/1141 824/824/824
f 3320/3320/3320 3321/3321/3321 3306/3306/3306
f 4348/4348/4348 4373/4373/4373 4369/4369/4369
f 4348/4348/4348 4369/4369/4369 4326/4326/4326
f 4160/4160/4160 4348/4348/4348 4326/4326/4326
f 4160/4160/4160 4065/4065/4065 4211/4211/4211
f 4192/4192/4192 4294/4294/4294 4161/4161/4161
f 4211/4211/4211 4161/4161/4161 4294/4294/4294
f 4038/4038/4038 4039/4039/4039 4105/4105/4105
f 4174/4174/4174 4038/4038/4038 4105/4105/4105
f 3974/3974/3974 3968/3968/3968 3967/3967/3967
f 3969/3969/3969 3961/3961/3961 3968/3968/3968
f 1063/1063/1063 813/813/813 823/823/823
f 322/322/322 410/410/410 323/323/323
f 4072/4072/4072 4073/4073/4073 3959/3959/3959
f 202/202/202 206/206/206 208/208/208
f 206/206/206 202/202/202 205/205/205
f 4122/4122/4122 4121/4121/4121 4086/4086/4086
f 206/206/206 205/205/205 204/204/204
f 204/204/204 214/214/214 206/206/206
f 4143/4143/4143 4139/4139/4139 4122/4122/4122
f 4143/4143/4143 4144/4144/4144 4139/4139/4139
f 4688/4688/4688 4697/4697/4697 4698/4698/4698
f 3640/3640/3640 3642/3642/3642 3657/3657/3657
f 3638/3638/3638 3659/3659/3659 3639/3639/3639
f 3664/3664/3664 3672/3672/3672 3673/3673/3673
f 1511/1511/1511 1529/1529/1529 1526/1526/1526
f 3024/3024/3024 2851/2851/2851 2849/2849/2849
f 3024/3024/3024 3025/3025/3025 2851/2851/2851
f 1524/1524/1524 1497/1497/1497 1491/1491/1491
f 3025/3025/3025 3272/3272/3272 3026/3026/3026
f 1597/1597/1597 1558/1558/1558 1589/1589/1589
f 4266/4266/4266 4268/4268/4268 4296/4296/4296
f 821/821/821 988/988/988 841/841/841
f 3285/3285/3285 3286/3286/3286 3287/3287/3287
f 607/607/607 721/721/721 784/784/784
f 3285/3285/3285 3283/3283/3283 3286/3286/3286
f 3284/3284/3284 3283/3283/3283 3285/3285/3285
f 3281/3281/3281 3283/3283/3283 3284/3284/3284
f 3280/3280/3280 3283/3283/3283 3281/3281/3281
f 3279/3279/3279 3267/3267/3267 3280/3280/3280
f 3278/3278/3278 3267/3267/3267 3279/3279/3279
f 4137/4137/4137 4191/4191/4191 4192/4192/4192
f 4211/4211/4211 4065/4065/4065 4078/4078/4078
f 4078/4078/4078 4161/4161/4161 4211/4211/4211
f 4326/4326/4326 4105/4105/4105 4160/4160/4160
f 4105/4105/4105 4039/4039/4039 4160/4160/4160
f 4039/4039/4039 4015/4015/4015 4065/4065/4065
f 4039/4039/4039 4065/4065/4065 4160/4160/4160
f 4065/4065/4065 4015/4015/4015 3967/3967/3967
f 4065/4065/4065 3967/3967/3967 4078/4078/4078
f 4015/4015/4015 3974/3974/3974 3967/3967/3967
f 4105/4105/4105 4356/4356/4356 4174/4174/4174
f 1114/1114/1114 1055/1055/1055 1161/1161/1161
f 813/813/813 1063/1063/1063 1055/1055/1055
f 3962/3962/3962 3967/3967/3967 3968/3968/3968
f 3962/3962/3962 3968/3968/3968 3961/3961/3961
f 823/823/823 813/813/813 759/759/759
f 788/788/788 737/737/737 810/810/810
f 4037/4037/4037 3972/3972/3972 3948/3948/3948
f 3943/3943/3943 4068/4068/4068 4071/4071/4071
f 351/351/351 322/322/322 323/323/323
f 170/170/170 329/329/329 342/342/342
f 184/184/184 232/232/232 231/231/231
f 184/184/184 202/202/202 232/232/232
f 4151/4151/4151 4170/4170/4170 4143/4143/4143
f 4213/4213/4213 4212/4212/4212 4184/4184/4184
f 4692/4692/4692 4797/4797/4797 4691/4691/4691
f 4921/4921/4921 4922/4922/4922 4923/4923/4923
f 4596/4596/4596 4599/4599/4599 4627/4627/4627
f 3638/3638/3638 3639/3639/3639 3640/3640/3640
f 3639/3639/3639 3642/3642/3642 3640/3640/3640
f 1511/1511/1511 1488/1488/1488 1512/1512/1512
f 2849/2849/2849 2880/2880/2880 3099/3099/3099
f 1489/1489/1489 1494/1494/1494 1487/1487/1487
f 3025/3025/3025 3026/3026/3026 2851/2851/2851
f 1491/1491/1491 1494/1494/1494 1489/1489/1489
f 1501/1501/1501 1524/1524/1524 1491/1491/1491
f 1551/1551/1551 1497/1497/1497 1524/1524/1524
f 3299/3299/3299 3026/3026/3026 3272/3272/3272
f 1118/1118/1118 1117/1117/1117 1186/1186/1186
f 4260/4260/4260 4268/4268/4268 4266/4266/4266
f 985/985/985 990/990/990 1085/1085/1085
f 990/990/990 985/985/985 960/960/960
f 988/988/988 990/990/990 960/960/960
f 3317/3317/3317 3274/3274/3274 3294/3294/3294
f 3311/3311/3311 3310/3310/3310 3296/3296/3296
f 3290/3290/3290 3288/3288/3288 3296/3296/3296
f 3287/3287/3287 3288/3288/3288 3290/3290/3290
f 785/785/785 784/784/784 721/721/721
f 3288/3288/3288 3287/3287/3287 3286/3286/3286
f 3286/3286/3286 3283/3283/3283 3356/3356/3356
f 1023/1023/1023 604/604/604 607/607/607
f 3289/3289/3289 3283/3283/3283 3280/3280/3280
f 644/644/644 602/602/602 604/604/604
f 644/644/644 604/604/604 1023/1023/1023
f 572/572/572 586/586/586 577/577/577
f 572/572/572 587/587/587 586/586/586
f 587/587/587 573/573/573 614/614/614
f 646/646/646 639/639/639 618/618/618
f 669/669/669 789/789/789 647/647/647
f 3321/3321/3321 3307/3307/3307 3306/3306/3306
f 4137/4137/4137 4192/4192/4192 4161/4161/4161
f 4161/4161/4161 4076/4076/4076 4137/4137/4137
f 4076/4076/4076 4161/4161/4161 4078/4078/4078
f 4078/4078/4078 3967/3967/3967 4076/4076/4076
f 4076/4076/4076 3967/3967/3967 3965/3965/3965
f 3962/3962/3962 3965/3965/3965 3967/3967/3967
f 3952/3952/3952 3962/3962/3962 3961/3961/3961
f 440/440/440 671/671/671 695/695/695
f 159/159/159 397/397/397 440/440/440
f 4071/4071/4071 4037/4037/4037 3943/3943/3943
f 4095/4095/4095 4094/4094/4094 4068/4068/4068
f 4072/4072/4072 4112/4112/4112 4073/4073/4073
f 4084/4084/4084 4113/4113/4113 4072/4072/4072
f 184/184/184 231/231/231 181/181/181
f 4117/4117/4117 4084/4084/4084 4085/4085/4085
f 4122/4122/4122 4139/4139/4139 4121/4121/4121
f 331/331/331 418/418/418 214/214/214
f 331/331/331 419/419/419 418/418/418
f 420/420/420 1295/1295/1295 419/419/419
f 4170/4170/4170 4172/4172/4172 4143/4143/4143
f 1328/1328/1328 1314/1314/1314 1350/1350/1350
f 4184/4184/4184 4171/4171/4171 4169/4169/4169
f 4595/4595/4595 4597/4597/4597 4596/4596/4596
f 3673/3673/3673 3677/3677/3677 3683/3683/3683
f 3264/3264/3264 3005/3005/3005 2999/2999/2999
f 3006/3006/3006 3005/3005/3005 3264/3264/3264
f 1510/1510/1510 1511/1511/1511 1526/1526/1526
f 2885/2885/2885 2986/2986/2986 2818/2818/2818
f 2901/2901/2901 2818/2818/2818 2986/2986/2986
f 2880/2880/2880 2848/2848/2848 2901/2901/2901
f 1486/1486/1486 1488/1488/1488 1511/1511/1511
f 1487/1487/1487 1485/1485/1485 1489/1489/1489
f 1560/1560/1560 1589/1589/1589 1558/1558/1558
f 1610/1610/1610 1597/1597/1597 1589/1589/1589
f 4329/4329/4329 4328/4328/4328 4330/4330/4330
f 1117/1117/1117 1118/1118/1118 1019/1019/1019
f 1019/1019/1019 1085/1085/1085 1117/1117/1117
f 1085/1085/1085 1019/1019/1019 985/985/985
f 3294/3294/3294 3274/3274/3274 3293/3293/3293
f 841/841/841 988/988/988 960/960/960
f 801/801/801 785/785/785 802/802/802
f 3296/3296/3296 3288/3288/3288 3297/3297/3297
f 784/784/784 785/785/785 801/801/801
f 3286/3286/3286 3357/3357/3357 3288/3288/3288
f 2502/2502/2502 2503/2503/2503 2515/2515/2515
f 2502/2502/2502 2487/2487/2487 2503/2503/2503
f 2511/2511/2511 2508/2508/2508 2506/2506/2506
f 1067/1067/1067 1023/1023/1023 607/607/607
f 2497/2497/2497 2487/2487/2487 2495/2495/2495
f 2496/2496/2496 2508/2508/2508 2511/2511/2511
f 4393/4393/4393 4405/4405/4405 4406/4406/4406
f 3282/3282/3282 3289/3289/3289 3280/3280/3280
f 644/644/644 577/577/577 602/602/602
f 3267/3267/3267 3282/3282/3282 3280/3280/3280
f 3278/3278/3278 3277/3277/3277 3267/3267/3267
f 639/639/639 614/614/614 615/615/615
f 615/615/615 618/618/618 639/639/639
f 3275/3275/3275 3277/3277/3277 3306/3306/3306
f 3307/3307/3307 3275/3275/3275 3306/3306/3306
f 647/647/647 646/646/646 613/613/613
f 789/789/789 999/999/999 1141/1141/1141
f 1195/1195/1195 1113/1113/1113 1112/1112/1112
f 1162/1162/1162 1195/1195/1195 1112/1112/1112
f 4369/4369/4369 4370/4370/4370 4326/4326/4326
f 4137/4137/4137 4147/4147/4147 4191/4191/4191
f 4370/4370/4370 4356/4356/4356 4326/4326/4326
f 4326/4326/4326 4356/4356/4356 4105/4105/4105
f 3965/3965/3965 3964/3964/3964 4076/4076/4076
f 3965/3965/3965 3962/3962/3962 3964/3964/3964
f 3963/3963/3963 3962/3962/3962 3952/3952/3952
f 788/788/788 760/760/760 737/737/737
f 3946/3946/3946 3972/3972/3972 3952/3952/3952
f 4068/4068/4068 4094/4094/4094 4071/4071/4071
f 4073/4073/4073 4111/4111/4111 4095/4095/4095
f 4073/4073/4073 4112/4112/4112 4111/4111/4111
f 181/181/181 326/326/326 327/327/327
f 4113/4113/4113 4112/4112/4112 4072/4072/4072
f 4121/4121/4121 4120/4120/4120 4086/4086/4086
f 203/203/203 214/214/214 204/204/204
f 4143/4143/4143 4172/4172/4172 4144/4144/4144
f 4170/4170/4170 4169/4169/4169 4171/4171/4171
f 1315/1315/1315 1314/1314/1314 1306/1306/1306
f 4924/4924/4924 4921/4921/4921 4923/4923/4923
f 3671/3671/3671 3657/3657/3657 3655/3655/3655
f 3671/3671/3671 3664/3664/3664 3657/3657/3657
f 3671/3671/3671 3672/3672/3672 3664/3664/3664
f 3264/3264/3264 2999/2999/2999 3335/3335/3335
f 3673/3673/3673 3672/3672/3672 3677/3677/3677
f 1510/1510/1510 1526/1526/1526 1525/1525/1525
f 2986/2986/2986 2885/2885/2885 3006/3006/3006
f 1486/1486/1486 1511/1511/1511 1510/1510/1510
f 2849/2849/2849 2848/2848/2848 2880/2880/2880
f 1486/1486/1486 1487/1487/1487 1488/1488/1488
f 1491/1491/1491 1489/1489/1489 1485/1485/1485
f 3026/3026/3026 2842/2842/2842 2851/2851/2851
f 2799/2799/2799 2851/2851/2851 2842/2842/2842
f 1524/1524/1524 1558/1558/1558 1551/1551/1551
f 3023/3023/3023 3026/3026/3026 3299/3299/3299
f 1630/1630/1630 1597/1597/1597 1610/1610/1610
f 4329/4329/4329 4299/4299/4299 4328/4328/4328
f 4263/4263/4263 4264/4264/4264 4260/4260/4260
f 3293/3293/3293 3274/3274/3274 3260/3260/3260
f 3317/3317/3317 3273/3273/3273 3274/3274/3274
f 3311/3311/3311 3273/3273/3273 3317/3317/3317
f 802/802/802 820/820/820 801/801/801
f 3286/3286/3286 3356/3356/3356 3357/3357/3357
f 2508/2508/2508 2491/2491/2491 2506/2506/2506
f 2495/2495/2495 2487/2487/2487 2493/2493/2493
f 2499/2499/2499 2495/2495/2495 2493/2493/2493
f 2495/2495/2495 2499/2499/2499 2497/2497/2497
f 573/573/573 587/587/587 572/572/572
f 3275/3275/3275 3255/3255/3255 3277/3277/3277
f 646/646/646 618/618/618 613/613/613
f 999/999/999 789/789/789 669/669/669
f 1141/1141/1141 999/999/999 1113/1113/1113
f 4137/4137/4137 4108/4108/4108 4147/4147/4147
f 1120/1120/1120 1114/1114/1114 1162/1162/1162
f 4137/4137/4137 4076/4076/4076 4075/4075/4075
f 1120/1120/1120 1054/1054/1054 1114/1114/1114
f 1055/1055/1055 1114/1114/1114 1054/1054/1054
f 4076/4076/4076 3964/3964/3964 4075/4075/4075
f 737/737/737 695/695/695 810/810/810
f 3972/3972/3972 3971/3971/3971 3952/3952/3952
f 3972/3972/3972 4037/4037/4037 4077/4077/4077
f 131/131/131 159/159/159 440/440/440
f 4110/4110/4110 4071/4071/4071 4094/4094/4094
f 322/322/322 170/170/170 342/342/342
f 327/327/327 329/329/329 170/170/170
f 4120/4120/4120 4119/4119/4119 4086/4086/4086
f 4139/4139/4139 4120/4120/4120 4121/4121/4121
f 1293/1293/1293 1291/1291/1291 1306/1306/1306
f 1291/1291/1291 1308/1308/1308 1306/1306/1306
f 1315/1315/1315 1306/1306/1306 1308/1308/1308
f 1350/1350/1350 1314/1314/1314 1351/1351/1351
f 4184/4184/4184 4183/4183/4183 4171/4171/4171
f 4206/4206/4206 4184/4184/4184 4212/4212/4212
f 4698/4698/4698 4699/4699/4699 4795/4795/4795
f 4587/4587/4587 4595/4595/4595 4596/4596/4596
f 3657/3657/3657 3642/3642/3642 3643/3643/3643
f 3335/3335/3335 2999/2999/2999 3228/3228/3228
f 3691/3691/3691 3683/3683/3683 3677/3677/3677
f 1495/1495/1495 1486/1486/1486 1510/1510/1510
f 1485/1485/1485 1487/1487/1487 1486/1486/1486
f 1492/1492/1492 1501/1501/1501 1491/1491/1491
f 1588/1588/1588 1610/1610/1610 1589/1589/1589
f 1185/1185/1185 1118/1118/1118 1186/1186/1186
f 4268/4268/4268 4325/4325/4325 4296/4296/4296
f 4260/4260/4260 4264/4264/4264 4268/4268/4268
f 820/820/820 821/821/821 841/841/841
f 821/821/821 820/820/820 802/802/802
f 3296/3296/3296 3273/3273/3273 3311/3311/3311
f 2500/2500/2500 2515/2515/2515 2516/2516/2516
f 3357/3357/3357 3358/3358/3358 3288/3288/3288
f 2515/2515/2515 2498/2498/2498 2502/2502/2502
f 2491/2491/2491 2505/2505/2505 2506/2506/2506
f 2487/2487/2487 2502/2502/2502 2489/2489/2489
f 2484/2484/2484 2493/2493/2493 2487/2487/2487
f 2494/2494/2494 2493/2493/2493 2484/2484/2484
f 2494/2494/2494 2484/2484/2484 2491/2491/2491
f 2499/2499/2499 2493/2493/2493 2494/2494/2494
f 2496/2496/2496 2494/2494/2494 2491/2491/2491
f 2508/2508/2508 2496/2496/2496 2491/2491/2491
f 2514/2514/2514 2499/2499/2499 2494/2494/2494
f 2513/2513/2513 2494/2494/2494 2496/2496/2496
f 4404/4404/4404 4399/4399/4399 4386/4386/4386
f 2514/2514/2514 2497/2497/2497 2499/2499/2499
f 4405/4405/4405 4387/4387/4387 4400/4400/4400
f 4393/4393/4393 4387/4387/4387 4405/4405/4405
f 4386/4386/4386 4385/4385/4385 4404/4404/4404
f 3277/3277/3277 3255/3255/3255 3267/3267/3267
f 613/613/613 636/636/636 647/647/647
f 636/636/636 669/669/669 647/647/647
f 1120/1120/1120 1162/1162/1162 1112/1112/1112
f 4075/4075/4075 4108/4108/4108 4137/4137/4137
f 759/759/759 813/813/813 758/758/758
f 3964/3964/3964 3962/3962/3962 3963/3963/3963
f 3971/3971/3971 3963/3963/3963 3952/3952/3952
f 440/440/440 695/695/695 694/694/694
f 159/159/159 131/131/131 158/158/158
f 323/323/323 159/159/159 158/158/158
f 158/158/158 351/351/351 323/323/323
f 202/202/202 184/184/184 201/201/201
f 4118/4118/4118 4086/4086/4086 4119/4119/4119
f 201/201/201 204/204/204 205/205/205
f 4144/4144/4144 4162/4162/4162 4139/4139/4139
f 4144/4144/4144 4172/4172/4172 4162/4162/4162
f 479/479/479 1295/1295/1295 420/420/420
f 479/479/479 1292/1292/1292 1295/1295/1295
f 1351/1351/1351 1314/1314/1314 1315/1315/1315
f 4697/4697/4697 4699/4699/4699 4698/4698/4698
f 3643/3643/3643 3642/3642/3642 3639/3639/3639
f 3677/3677/3677 3672/3672/3672 3681/3681/3681
f 1525/1525/1525 1522/1522/1522 1510/1510/1510
f 3006/3006/3006 2854/2854/2854 3005/3005/3005
f 1514/1514/1514 1495/1495/1495 1510/1510/1510
f 1470/1470/1470 1486/1486/1486 1495/1495/1495
f 2849/2849/2849 2776/2776/2776 2848/2848/2848
f 2849/2849/2849 2777/2777/2777 2776/2776/2776
f 1470/1470/1470 1485/1485/1485 1486/1486/1486
f 1541/1541/1541 1558/1558/1558 1524/1524/1524
f 3349/3349/3349 3091/3091/3091 3299/3299/3299
f 4269/4269/4269 4325/4325/4325 4268/4268/4268
f 4264/4264/4264 4269/4269/4269 4268/4268/4268
f 3293/3293/3293 3248/3248/3248 3316/3316/3316
f 3293/3293/3293 3260/3260/3260 3248/3248/3248
f 3274/3274/3274 3273/3273/3273 3260/3260/3260
f 3298/3298/3298 3273/3273/3273 3296/3296/3296
f 3298/3298/3298 3296/3296/3296 3297/3297/3297
f 3297/3297/3297 3288/3288/3288 3324/3324/3324
f 3358/3358/3358 3324/3324/3324 3288/3288/3288
f 2515/2515/2515 2500/2500/2500 2498/2498/2498
f 2487/2487/2487 2489/2489/2489 2485/2485/2485
f 2484/2484/2484 2486/2486/2486 2491/2491/2491
f 2484/2484/2484 2487/2487/2487 2485/2485/2485
f 2513/2513/2513 2514/2514/2514 2494/2494/2494
f 3267/3267/3267 3270/3270/3270 3282/3282/3282
f 614/614/614 573/573/573 615/615/615
f 3307/3307/3307 3268/3268/3268 3275/3275/3275
f 1055/1055/1055 1054/1054/1054 812/812/812
f 812/812/812 758/758/758 813/813/813
f 812/812/812 813/813/813 1055/1055/1055
f 758/758/758 756/756/756 759/759/759
f 485/485/485 440/440/440 694/694/694
f 4037/4037/4037 4071/4071/4071 4077/4077/4077
f 4071/4071/4071 4110/4110/4110 4099/4099/4099
f 327/327/327 170/170/170 177/177/177
f 327/327/327 177/177/177 181/181/181
f 4114/4114/4114 4113/4113/4113 4084/4084/4084
f 4117/4117/4117 4114/4114/4114 4084/4084/4084
f 205/205/205 202/202/202 201/201/201
f 204/204/204 201/201/201 203/203/203
f 203/203/203 331/331/331 214/214/214
f 3655/3655/3655 3657/3657/3657 3643/3643/3643
f 2999/2999/2999 2989/2989/2989 3228/3228/3228
f 3691/3691/3691 3677/3677/3677 3682/3682/3682
f 3682/3682/3682 3692/3692/3692 3691/3691/3691
f 3005/3005/3005 2854/2854/2854 2999/2999/2999
f 2885/2885/2885 2854/2854/2854 3006/3006/3006
f 1514/1514/1514 1510/1510/1510 1522/1522/1522
f 2848/2848/2848 2780/2780/2780 2901/2901/2901
f 1470/1470/1470 1471/1471/1471 1485/1485/1485
f 2799/2799/2799 2781/2781/2781 2851/2851/2851
f 2842/2842/2842 2783/2783/2783 2799/2799/2799
f 2842/2842/2842 2784/2784/2784 2783/2783/2783
f 1541/1541/1541 1524/1524/1524 1501/1501/1501
f 3026/3026/3026 2843/2843/2843 2842/2842/2842
f 1557/1557/1557 1558/1558/1558 1541/1541/1541
f 3023/3023/3023 2843/2843/2843 3026/3026/3026
f 1557/1557/1557 1560/1560/1560 1558/1558/1558
f 1567/1567/1567 1589/1589/1589 1560/1560/1560
f 3091/3091/3091 3023/3023/3023 3299/3299/3299
f 1613/1613/1613 1610/1610/1610 1588/1588/1588
f 1185/1185/1185 1129/1129/1129 1118/1118/1118
f 985/985/985 970/970/970 960/960/960
f 3260/3260/3260 3273/3273/3273 3244/3244/3244
f 842/842/842 820/820/820 841/841/841
f 3298/3298/3298 3297/3297/3297 3324/3324/3324
f 2505/2505/2505 2492/2492/2492 2507/2507/2507
f 2489/2489/2489 2498/2498/2498 2490/2490/2490
f 2502/2502/2502 2498/2498/2498 2489/2489/2489
f 2485/2485/2485 2489/2489/2489 2490/2490/2490
f 2484/2484/2484 2485/2485/2485 2486/2486/2486
f 4377/4377/4377 4399/4399/4399 4400/4400/4400
f 4387/4387/4387 4377/4377/4377 4400/4400/4400
f 4378/4378/4378 4387/4387/4387 4393/4393/4393
f 3340/3340/3340 3289/3289/3289 3282/3282/3282
f 4397/4397/4397 4378/4378/4378 4393/4393/4393
f 4381/4381/4381 4384/4384/4384 4385/4385/4385
f 4385/4385/4385 4386/4386/4386 4381/4381/4381
f 644/644/644 645/645/645 577/577/577
f 3255/3255/3255 3256/3256/3256 3267/3267/3267
f 3254/3254/3254 3255/3255/3255 3275/3275/3275
f 3254/3254/3254 3275/3275/3275 3268/3268/3268
f 1010/1010/1010 1112/1112/1112 1113/1113/1113
f 4108/4108/4108 4136/4136/4136 4147/4147/4147
f 1080/1080/1080 1120/1120/1120 1112/1112/1112
f 1080/1080/1080 1054/1054/1054 1120/1120/1120
f 3964/3964/3964 3966/3966/3966 4075/4075/4075
f 3966/3966/3966 3964/3964/3964 3963/3963/3963
f 4125/4125/4125 4110/4110/4110 4094/4094/4094
f 4095/4095/4095 4125/4125/4125 4094/4094/4094
f 4086/4086/4086 4118/4118/4118 4117/4117/4117
f 4120/4120/4120 4139/4139/4139 4158/4158/4158
f 4162/4162/4162 4158/4158/4158 4139/4139/4139
f 1293/1293/1293 1292/1292/1292 1291/1291/1291
f 4186/4186/4186 4172/4172/4172 4170/4170/4170
f 4170/4170/4170 4171/4171/4171 4182/4182/4182
f 4183/4183/4183 4182/4182/4182 4171/4171/4171
f 4182/4182/4182 4183/4183/4183 4184/4184/4184
f 4699/4699/4699 4697/4697/4697 4700/4700/4700
f 4213/4213/4213 4315/4315/4315 4212/4212/4212
f 4699/4699/4699 4702/4702/4702 4795/4795/4795
f 4594/4594/4594 4595/4595/4595 4587/4587/4587
f 4596/4596/4596 4627/4627/4627 4587/4587/4587
f 3639/3639/3639 3644/3644/3644 3643/3643/3643
f 3639/3639/3639 3660/3660/3660 3645/3645/3645
f 3674/3674/3674 3672/3672/3672 3671/3671/3671
f 3681/3681/3681 3682/3682/3682 3677/3677/3677
f 1522/1522/1522 1525/1525/1525 1532/1532/1532
f 2901/2901/2901 2780/2780/2780 2818/2818/2818
f 2848/2848/2848 2810/2810/2810 2780/2780/2780
f 2848/2848/2848 2776/2776/2776 2810/2810/2810
f 2781/2781/2781 2799/2799/2799 2783/2783/2783
f 1485/1485/1485 1477/1477/1477 1491/1491/1491
f 1501/1501/1501 1499/1499/1499 1541/1541/1541
f 1563/1563/1563 1560/1560/1560 1557/1557/1557
f 1567/1567/1567 1588/1588/1588 1589/1589/1589
f 4290/4290/4290 4328/4328/4328 4299/4299/4299
f 3349/3349/3349 3347/3347/3347 3091/3091/3091
f 4299/4299/4299 4298/4298/4298 4290/4290/4290
f 4347/4347/4347 4325/4325/4325 4269/4269/4269
f 985/985/985 1019/1019/1019 970/970/970
f 960/960/960 970/970/970 924/924/924
f 841/841/841 960/960/960 843/843/843
f 841/841/841 843/843/843 842/842/842
f 3273/3273/3273 3243/3243/3243 3244/3244/3244
f 801/801/801 820/820/820 955/955/955
f 2509/2509/2509 2507/2507/2507 2492/2492/2492
f 2507/2507/2507 2509/2509/2509 2512/2512/2512
f 2498/2498/2498 2488/2488/2488 2490/2490/2490
f 2490/2490/2490 2488/2488/2488 2485/2485/2485
f 2491/2491/2491 2492/2492/2492 2505/2505/2505
f 2485/2485/2485 2488/2488/2488 2486/2486/2486
f 2486/2486/2486 2492/2492/2492 2491/2491/2491
f 4379/4379/4379 4386/4386/4386 4399/4399/4399
f 4379/4379/4379 4399/4399/4399 4377/4377/4377
f 3270/3270/3270 3340/3340/3340 3282/3282/3282
f 3256/3256/3256 3270/3270/3270 3267/3267/3267
f 3255/3255/3255 3223/3223/3223 3256/3256/3256
f 1010/1010/1010 1080/1080/1080 1112/1112/1112
f 3978/3978/3978 4108/4108/4108 4075/4075/4075
f 3966/3966/3966 3978/3978/3978 4075/4075/4075
f 3972/3972/3972 4088/4088/4088 3971/3971/3971
f 695/695/695 737/737/737 694/694/694
f 3972/3972/3972 4077/4077/4077 4089/4089/4089
f 4071/4071/4071 4098/4098/4098 4077/4077/4077
f 441/441/441 440/440/440 485/485/485
f 441/441/441 131/131/131 440/440/440
f 4111/4111/4111 4125/4125/4125 4095/4095/4095
f 4112/4112/4112 4126/4126/4126 4111/4111/4111
f 4113/4113/4113 4131/4131/4131 4112/4112/4112
f 228/228/228 331/331/331 203/203/203
f 4177/4177/4177 4158/4158/4158 4162/4162/4162
f 4177/4177/4177 4162/4162/4162 4172/4172/4172
f 1288/1288/1288 1291/1291/1291 1292/1292/1292
f 4182/4182/4182 4186/4186/4186 4170/4170/4170
f 4184/4184/4184 4206/4206/4206 4182/4182/4182
f 1350/1350/1350 1383/1383/1383 1411/1411/1411
f 1383/1383/1383 1427/1427/1427 1411/1411/1411
f 4212/4212/4212 4315/4315/4315 4206/4206/4206
f 3639/3639/3639 3645/3645/3645 3644/3644/3644
f 3681/3681/3681 3672/3672/3672 3674/3674/3674
f 2999/2999/2999 2855/2855/2855 2989/2989/2989
f 2885/2885/2885 2818/2818/2818 2854/2854/2854
f 2851/2851/2851 2777/2777/2777 2849/2849/2849
f 2781/2781/2781 2777/2777/2777 2851/2851/2851
f 1477/1477/1477 1485/1485/1485 1471/1471/1471
f 1478/1478/1478 1491/1491/1491 1477/1477/1477
f 1478/1478/1478 1492/1492/1492 1491/1491/1491
f 3023/3023/3023 2850/2850/2850 2843/2843/2843
f 1563/1563/1563 1567/1567/1567 1560/1560/1560
f 1588/1588/1588 1598/1598/1598 1613/1613/1613
f 4269/4269/4269 4291/4291/4291 4347/4347/4347
f 1129/1129/1129 1077/1077/1077 1118/1118/1118
f 1077/1077/1077 1019/1019/1019 1118/1118/1118
f 3244/3244/3244 3248/3248/3248 3260/3260/3260
f 1125/1125/1125 801/801/801 955/955/955
f 3324/3324/3324 3364/3364/3364 3298/3298/3298
f 4420/4420/4420 4426/4426/4426 4424/4424/4424
f 2500/2500/2500 2516/2516/2516 2510/2510/2510
f 2498/2498/2498 2500/2500/2500 2488/2488/2488
f 4378/4378/4378 4377/4377/4377 4387/4387/4387
f 567/567/567 573/573/573 572/572/572
f 999/999/999 1020/1020/1020 1113/1113/1113
f 4108/4108/4108 4135/4135/4135 4136/4136/4136
f 1054/1054/1054 827/827/827 812/812/812
f 3966/3966/3966 3971/3971/3971 3978/3978/3978
f 3966/3966/3966 3963/3963/3963 3971/3971/3971
f 760/760/760 759/759/759 756/756/756
f 760/760/760 728/728/728 737/737/737
f 4089/4089/4089 4088/4088/4088 3972/3972/3972
f 4071/4071/4071 4099/4099/4099 4098/4098/4098
f 4110/4110/4110 4134/4134/4134 4099/4099/4099
f 4125/4125/4125 4132/4132/4132 4110/4110/4110
f 170/170/170 322/322/322 136/136/136
f 170/170/170 176/176/176 177/177/177
f 176/176/176 181/181/181 177/177/177
f 4131/4131/4131 4113/4113/4113 4114/4114/4114
f 4117/4117/4117 4142/4142/4142 4114/4114/4114
f 203/203/203 201/201/201 199/199/199
f 4120/4120/4120 4158/4158/4158 4119/4119/4119
f 380/380/380 331/331/331 228/228/228
f 394/394/394 420/420/420 419/419/419
f 4177/4177/4177 4172/4172/4172 4186/4186/4186
f 1351/1351/1351 1383/1383/1383 1350/1350/1350
f 4627/4627/4627 4585/4585/4585 4587/4587/4587
f 3652/3652/3652 3655/3655/3655 3643/3643/3643
f 3668/3668/3668 3671/3671/3671 3655/3655/3655
f 2989/2989/2989 3083/3083/3083 3228/3228/3228
f 2999/2999/2999 2854/2854/2854 2855/2855/2855
f 1507/1507/1507 1495/1495/1495 1514/1514/1514
f 1467/1467/1467 1470/1470/1470 1495/1495/1495
f 1471/1471/1471 1469/1469/1469 1477/1477/1477
f 2784/2784/2784 2782/2782/2782 2783/2783/2783
f 1499/1499/1499 1501/1501/1501 1492/1492/1492
f 2843/2843/2843 2784/2784/2784 2842/2842/2842
f 3091/3091/3091 2850/2850/2850 3023/3023/3023
f 1568/1568/1568 1588/1588/1588 1567/1567/1567
f 1568/1568/1568 1598/1598/1598 1588/1588/1588
f 4298/4298/4298 4273/4273/4273 4290/4290/4290
f 1568/1568/1568 1572/1572/1572 1598/1598/1598
f 1572/1572/1572 1624/1624/1624 1598/1598/1598
f 4273/4273/4273 4271/4271/4271 4272/4272/4272
f 1572/1572/1572 1635/1635/1635 1624/1624/1624
f 1634/1634/1634 1644/1644/1644 1635/1635/1635
f 1184/1184/1184 1129/1129/1129 1185/1185/1185
f 4269/4269/4269 4271/4271/4271 4291/4291/4291
f 4269/4269/4269 4270/4270/4270 4271/4271/4271
f 4264/4264/4264 4270/4270/4270 4269/4269/4269
f 3248/3248/3248 3252/3252/3252 3316/3316/3316
f 843/843/843 960/960/960 924/924/924
f 2504/2504/2504 2509/2509/2509 2492/2492/2492
f 4416/4416/4416 4422/4422/4422 4421/4421/4421
f 4422/4422/4422 4416/4416/4416 4423/4423/4423
f 2492/2492/2492 2501/2501/2501 2504/2504/2504
f 2500/2500/2500 2510/2510/2510 2501/2501/2501
f 2500/2500/2500 2501/2501/2501 2488/2488/2488
f 2488/2488/2488 2501/2501/2501 2486/2486/2486
f 2501/2501/2501 2492/2492/2492 2486/2486/2486
f 4386/4386/4386 4379/4379/4379 4381/4381/4381
f 615/615/615 573/573/573 609/609/609
f 3255/3255/3255 3254/3254/3254 3223/3223/3223
f 618/618/618 615/615/615 609/609/609
f 609/609/609 610/610/610 618/618/618
f 669/669/669 674/674/674 999/999/999
f 1020/1020/1020 1010/1010/1010 1113/1113/1113
f 827/827/827 1054/1054/1054 1080/1080/1080
f 4077/4077/4077 4098/4098/4098 4089/4089/4089
f 3259/3259/3259 3291/3291/3291 3246/3246/3246
f 3246/3246/3246 3291/3291/3291 3247/3247/3247
f 4111/4111/4111 4126/4126/4126 4125/4125/4125
f 4142/4142/4142 4131/4131/4131 4114/4114/4114
f 4117/4117/4117 4118/4118/4118 4149/4149/4149
f 4118/4118/4118 4119/4119/4119 4140/4140/4140
f 198/198/198 203/203/203 199/199/199
f 380/380/380 419/419/419 331/331/331
f 479/479/479 420/420/420 394/394/394
f 479/479/479 1288/1288/1288 1292/1292/1292
f 4206/4206/4206 4204/4204/4204 4182/4182/4182
f 4699/4699/4699 4701/4701/4701 4702/4702/4702
f 4771/4771/4771 4797/4797/4797 4702/4702/4702
f 3668/3668/3668 3655/3655/3655 3652/3652/3652
f 3684/3684/3684 3671/3671/3671 3668/3668/3668
f 3228/3228/3228 3083/3083/3083 3263/3263/3263
f 3692/3692/3692 3688/3688/3688 3699/3699/3699
f 1530/1530/1530 1514/1514/1514 1522/1522/1522
f 2854/2854/2854 2818/2818/2818 2787/2787/2787
f 2810/2810/2810 2776/2776/2776 2780/2780/2780
f 2780/2780/2780 2776/2776/2776 2774/2774/2774
f 1469/1469/1469 1470/1470/1470 1467/1467/1467
f 1469/1469/1469 1471/1471/1471 1470/1470/1470
f 1469/1469/1469 1478/1478/1478 1477/1477/1477
f 2783/2783/2783 2782/2782/2782 2781/2781/2781
f 1541/1541/1541 1555/1555/1555 1557/1557/1557
f 2843/2843/2843 2850/2850/2850 2784/2784/2784
f 4290/4290/4290 4273/4273/4273 4274/4274/4274
f 4274/4274/4274 4273/4273/4273 4272/4272/4272
f 1634/1634/1634 1572/1572/1572 1590/1590/1590
f 1634/1634/1634 1635/1635/1635 1572/1572/1572
f 4271/4271/4271 4270/4270/4270 4272/4272/4272
f 954/954/954 820/820/820 842/842/842
f 3273/3273/3273 3249/3249/3249 3243/3243/3243
f 954/954/954 955/955/955 820/820/820
f 3298/3298/3298 3249/3249/3249 3273/3273/3273
f 3322/3322/3322 3340/3340/3340 3270/3270/3270
f 3256/3256/3256 3257/3257/3257 3270/3270/3270
f 3256/3256/3256 3223/3223/3223 3257/3257/3257
f 573/573/573 580/580/580 609/609/609
f 610/610/610 613/613/613 618/618/618
f 999/999/999 674/674/674 1020/1020/1020
f 3268/3268/3268 3307/3307/3307 3269/3269/3269
f 827/827/827 1080/1080/1080 1010/1010/1010
f 755/755/755 756/756/756 758/758/758
f 694/694/694 737/737/737 693/693/693
f 131/131/131 137/137/137 158/158/158
f 136/136/136 322/322/322 351/351/351
f 170/170/170 171/171/171 176/176/176
f 4112/4112/4112 4130/4130/4130 4126/4126/4126
f 4131/4131/4131 4130/4130/4130 4112/4112/4112
f 4158/4158/4158 4140/4140/4140 4119/4119/4119
f 4159/4159/4159 4140/4140/4140 4158/4158/4158
f 203/203/203 198/198/198 200/200/200
f 207/207/207 380/380/380 228/228/228
f 394/394/394 419/419/419 380/380/380
f 4206/4206/4206 4304/4304/4304 4204/4204/4204
f 4700/4700/4700 4701/4701/4701 4699/4699/4699
f 3645/3645/3645 3646/3646/3646 3644/3644/3644
f 2989/2989/2989 2902/2902/2902 3083/3083/3083
f 3681/3681/3681 3674/3674/3674 3685/3685/3685
f 2902/2902/2902 2989/2989/2989 2855/2855/2855
f 2854/2854/2854 2788/2788/2788 2855/2855/2855
f 3682/3682/3682 3688/3688/3688 3692/3692/3692
f 3688/3688/3688 3697/3697/3697 3699/3699/3699
f 1478/1478/1478 1499/1499/1499 1492/1492/1492
f 1478/1478/1478 1498/1498/1498 1499/1499/1499
f 1555/1555/1555 1563/1563/1563 1557/1557/1557
f 1569/1569/1569 1572/1572/1572 1568/1568/1568
f 1590/1590/1590 1572/1572/1572 1569/1569/1569
f 1077/1077/1077 1129/1129/1129 1089/1089/1089
f 3248/3248/3248 3155/3155/3155 3252/3252/3252
f 3244/3244/3244 3183/3183/3183 3248/3248/3248
f 954/954/954 842/842/842 845/845/845
f 3364/3364/3364 3300/3300/3300 3298/3298/3298
f 4428/4428/4428 4416/4416/4416 4417/4417/4417
f 4421/4421/4421 4419/4419/4419 4414/4414/4414
f 4376/4376/4376 4379/4379/4379 4377/4377/4377
f 4376/4376/4376 4377/4377/4377 4378/4378/4378
f 3270/3270/3270 3257/3257/3257 3322/3322/3322
f 572/572/572 577/577/577 576/576/576
f 3223/3223/3223 3224/3224/3224 3257/3257/3257
f 636/636/636 613/613/613 490/490/490
f 669/669/669 636/636/636 490/490/490
f 3227/3227/3227 3254/3254/3254 3268/3268/3268
f 674/674/674 774/774/774 1020/1020/1020
f 3268/3268/3268 3269/3269/3269 3227/3227/3227
f 3978/3978/3978 4135/4135/4135 4108/4108/4108
f 3971/3971/3971 4090/4090/4090 3978/3978/3978
f 3971/3971/3971 4088/4088/4088 4090/4090/4090
f 728/728/728 760/760/760 756/756/756
f 171/171/171 170/170/170 168/168/168
f 4131/4131/4131 4152/4152/4152 4130/4130/4130
f 4149/4149/4149 4142/4142/4142 4117/4117/4117
f 201/201/201 184/184/184 185/185/185
f 201/201/201 185/185/185 199/199/199
f 207/207/207 228/228/228 203/203/203
f 4158/4158/4158 4176/4176/4176 4159/4159/4159
f 4177/4177/4177 4176/4176/4176 4158/4158/4158
f 1308/1308/1308 1291/1291/1291 1286/1286/1286
f 4315/4315/4315 4304/4304/4304 4206/4206/4206
f 4701/4701/4701 4707/4707/4707 4702/4702/4702
f 4590/4590/4590 4594/4594/4594 4587/4587/4587
f 4702/4702/4702 4708/4708/4708 4771/4771/4771
f 3652/3652/3652 3643/3643/3643 3644/3644/3644
f 3669/3669/3669 3668/3668/3668 3652/3652/3652
f 3083/3083/3083 3003/3003/3003 3263/3263/3263
f 3685/3685/3685 3671/3671/3671 3684/3684/3684
f 3674/3674/3674 3671/3671/3671 3685/3685/3685
f 3688/3688/3688 3682/3682/3682 3681/3681/3681
f 3688/3688/3688 3690/3690/3690 3697/3697/3697
f 2787/2787/2787 2788/2788/2788 2854/2854/2854
f 1516/1516/1516 1514/1514/1514 1530/1530/1530
f 2818/2818/2818 2770/2770/2770 2787/2787/2787
f 2780/2780/2780 2770/2770/2770 2818/2818/2818
f 2774/2774/2774 2770/2770/2770 2780/2780/2780
f 2776/2776/2776 2777/2777/2777 2775/2775/2775
f 1478/1478/1478 1469/1469/1469 1472/1472/1472
f 1537/1537/1537 1554/1554/1554 1541/1541/1541
f 1554/1554/1554 1555/1555/1555 1541/1541/1541
f 1566/1566/1566 1568/1568/1568 1567/1567/1567
f 3091/3091/3091 2806/2806/2806 2850/2850/2850
f 1566/1566/1566 1569/1569/1569 1568/1568/1568
f 3295/3295/3295 3347/3347/3347 3348/3348/3348
f 3348/3348/3348 3212/3212/3212 3295/3295/3295
f 3308/3308/3308 3212/3212/3212 3348/3348/3348
f 3308/3308/3308 3252/3252/3252 3212/3212/3212
f 3212/3212/3212 3252/3252/3252 3176/3176/3176
f 1128/1128/1128 1089/1089/1089 1129/1129/1129
f 1128/1128/1128 1129/1129/1129 1184/1184/1184
f 970/970/970 1019/1019/1019 949/949/949
f 924/924/924 846/846/846 843/843/843
f 3183/3183/3183 3244/3244/3244 3243/3243/3243
f 3298/3298/3298 3300/3300/3300 3249/3249/3249
f 1124/1124/1124 1125/1125/1125 955/955/955
f 4414/4414/4414 4419/4419/4419 4412/4412/4412
f 4414/4414/4414 4416/4416/4416 4421/4421/4421
f 4410/4410/4410 4419/4419/4419 4420/4420/4420
f 4380/4380/4380 4381/4381/4381 4379/4379/4379
f 645/645/645 576/576/576 577/577/577
f 580/580/580 573/573/573 567/567/567
f 3254/3254/3254 3226/3226/3226 3223/3223/3223
f 3254/3254/3254 3227/3227/3227 3226/3226/3226
f 490/490/490 674/674/674 669/669/669
f 3262/3262/3262 3269/3269/3269 3303/3303/3303
f 758/758/758 812/812/812 757/757/757
f 726/726/726 728/728/728 756/756/756
f 485/485/485 694/694/694 693/693/693
f 4134/4134/4134 4133/4133/4133 4099/4099/4099
f 4126/4126/4126 4132/4132/4132 4125/4125/4125
f 181/181/181 176/176/176 180/180/180
f 4152/4152/4152 4131/4131/4131 4142/4142/4142
f 4118/4118/4118 4140/4140/4140 4149/4149/4149
f 4159/4159/4159 4166/4166/4166 4140/4140/4140
f 4159/4159/4159 4176/4176/4176 4166/4166/4166
f 200/200/200 207/207/207 203/203/203
f 479/479/479 394/394/394 395/395/395
f 4186/4186/4186 4190/4190/4190 4177/4177/4177
f 4182/4182/4182 4197/4197/4197 4186/4186/4186
f 4204/4204/4204 4197/4197/4197 4182/4182/4182
f 4585/4585/4585 4586/4586/4586 4587/4587/4587
f 3678/3678/3678 3668/3668/3668 3669/3669/3669
f 3684/3684/3684 3668/3668/3668 3678/3678/3678
f 3688/3688/3688 3681/3681/3681 3685/3685/3685
f 3696/3696/3696 3697/3697/3697 3690/3690/3690
f 1467/1467/1467 1495/1495/1495 1507/1507/1507
f 2776/2776/2776 2775/2775/2775 2774/2774/2774
f 1466/1466/1466 1469/1469/1469 1467/1467/1467
f 1466/1466/1466 1472/1472/1472 1469/1469/1469
f 2781/2781/2781 2778/2778/2778 2777/2777/2777
f 2782/2782/2782 2778/2778/2778 2781/2781/2781
f 2784/2784/2784 2785/2785/2785 2782/2782/2782
f 2786/2786/2786 2785/2785/2785 2784/2784/2784
f 1499/1499/1499 1537/1537/1537 1541/1541/1541
f 2784/2784/2784 2806/2806/2806 2786/2786/2786
f 2850/2850/2850 2806/2806/2806 2784/2784/2784
f 1565/1565/1565 1567/1567/1567 1563/1563/1563
f 3091/3091/3091 3020/3020/3020 2806/2806/2806
f 3347/3347/3347 3159/3159/3159 3091/3091/3091
f 3295/3295/3295 3159/3159/3159 3347/3347/3347
f 1632/1632/1632 1634/1634/1634 1590/1590/1590
f 1632/1632/1632 1644/1644/1644 1634/1634/1634
f 1128/1128/1128 1088/1088/1088 1089/1089/1089
f 3252/3252/3252 3155/3155/3155 3176/3176/3176
f 949/949/949 1019/1019/1019 998/998/998
f 3248/3248/3248 3182/3182/3182 3155/3155/3155
f 923/923/923 924/924/924 970/970/970
f 842/842/842 843/843/843 844/844/844
f 4424/4424/4424 4410/4410/4410 4420/4420/4420
f 4412/4412/4412 4419/4419/4419 4410/4410/4410
f 4414/4414/4414 4415/4415/4415 4416/4416/4416
f 4417/4417/4417 4416/4416/4416 4415/4415/4415
f 3475/3475/3475 3472/3472/3472 3473/3473/3473
f 4380/4380/4380 4382/4382/4382 4381/4381/4381
f 4376/4376/4376 4380/4380/4380 4379/4379/4379
f 4376/4376/4376 4378/4378/4378 4383/4383/4383
f 4384/4384/4384 4381/4381/4381 4382/4382/4382
f 560/560/560 567/567/567 572/572/572
f 674/674/674 505/505/505 774/774/774
f 1010/1010/1010 1020/1020/1020 774/774/774
f 3978/3978/3978 4109/4109/4109 4135/4135/4135
f 812/812/812 827/827/827 757/757/757
f 3978/3978/3978 4090/4090/4090 4109/4109/4109
f 755/755/755 726/726/726 756/756/756
f 728/728/728 455/455/455 737/737/737
f 693/693/693 737/737/737 455/455/455
f 4133/4133/4133 4098/4098/4098 4099/4099/4099
f 128/128/128 131/131/131 129/129/129
f 128/128/128 137/137/137 131/131/131
f 3246/3246/3246 3229/3229/3229 3259/3259/3259
f 3246/3246/3246 3216/3216/3216 3229/3229/3229
f 3247/3247/3247 3216/3216/3216 3246/3246/3246
f 4173/4173/4173 4130/4130/4130 4152/4152/4152
f 182/182/182 184/184/184 181/181/181
f 4140/4140/4140 4166/4166/4166 4149/4149/4149
f 199/199/199 185/185/185 198/198/198
f 207/207/207 394/394/394 380/380/380
f 395/395/395 394/394/394 207/207/207
f 4186/4186/4186 4197/4197/4197 4198/4198/4198
f 4304/4304/4304 4295/4295/4295 4204/4204/4204
f 4315/4315/4315 4349/4349/4349 4304/4304/4304
f 4590/4590/4590 4587/4587/4587 4589/4589/4589
f 3648/3648/3648 3652/3652/3652 3644/3644/3644
f 3644/3644/3644 3646/3646/3646 3647/3647/3647
f 3685/3685/3685 3684/3684/3684 3686/3686/3686
f 3083/3083/3083 2902/2902/2902 3003/3003/3003
f 1466/1466/1466 1467/1467/1467 1468/1468/1468
f 1482/1482/1482 1478/1478/1478 1475/1475/1475
f 2785/2785/2785 2778/2778/2778 2782/2782/2782
f 1482/1482/1482 1498/1498/1498 1478/1478/1478
f 1564/1564/1564 1565/1565/1565 1563/1563/1563
f 1566/1566/1566 1567/1567/1567 1565/1565/1565
f 3091/3091/3091 3159/3159/3159 3020/3020/3020
f 1019/1019/1019 1077/1077/1077 998/998/998
f 3248/3248/3248 3183/3183/3183 3182/3182/3182
f 4412/4412/4412 4413/4413/4413 4414/4414/4414
f 4415/4415/4415 4414/4414/4414 4413/4413/4413
f 3455/3455/3455 3475/3475/3475 3473/3473/3473
f 3475/3475/3475 3455/3455/3455 3481/3481/3481
f 4396/4396/4396 4378/4378/4378 4397/4397/4397
f 562/562/562 580/580/580 567/567/567
f 505/505/505 674/674/674 490/490/490
f 3207/3207/3207 3227/3227/3227 3269/3269/3269
f 3269/3269/3269 3262/3262/3262 3207/3207/3207
f 744/744/744 827/827/827 1010/1010/1010
f 3261/3261/3261 3262/3262/3262 3303/3303/3303
f 3261/3261/3261 3303/3303/3303 3276/3276/3276
f 757/757/757 755/755/755 758/758/758
f 4098/4098/4098 4133/4133/4133 4089/4089/4089
f 129/129/129 131/131/131 441/441/441
f 158/158/158 147/147/147 351/351/351
f 176/176/176 171/171/171 172/172/172
f 4177/4177/4177 4188/4188/4188 4176/4176/4176
f 4177/4177/4177 4190/4190/4190 4188/4188/4188
f 4186/4186/4186 4198/4198/4198 4190/4190/4190
f 4204/4204/4204 4295/4295/4295 4197/4197/4197
f 1427/1427/1427 1383/1383/1383 1384/1384/1384
f 4701/4701/4701 4700/4700/4700 4703/4703/4703
f 4587/4587/4587 4586/4586/4586 4589/4589/4589
f 3263/3263/3263 3003/3003/3003 2561/2561/2561
f 2788/2788/2788 2789/2789/2789 2855/2855/2855
f 1530/1530/1530 1550/1550/1550 1516/1516/1516
f 2774/2774/2774 2771/2771/2771 2770/2770/2770
f 2775/2775/2775 2771/2771/2771 2774/2774/2774
f 2775/2775/2775 2777/2777/2777 2778/2778/2778
f 1475/1475/1475 1478/1478/1478 1472/1472/1472
f 2786/2786/2786 2806/2806/2806 2785/2785/2785
f 2806/2806/2806 2804/2804/2804 2785/2785/2785
f 1579/1579/1579 1590/1590/1590 1569/1569/1569
f 1632/1632/1632 1590/1590/1590 1579/1579/1579
f 924/924/924 923/923/923 846/846/846
f 844/844/844 843/843/843 846/846/846
f 3249/3249/3249 3181/3181/3181 3243/3243/3243
f 992/992/992 955/955/955 954/954/954
f 955/955/955 992/992/992 1124/1124/1124
f 4425/4425/4425 4410/4410/4410 4424/4424/4424
f 3472/3472/3472 3442/3442/3442 3473/3473/3473
f 3442/3442/3442 3455/3455/3455 3473/3473/3473
f 4383/4383/4383 4378/4378/4378 4396/4396/4396
f 4390/4390/4390 4388/4388/4388 4380/4380/4380
f 4383/4383/4383 4392/4392/4392 4376/4376/4376
f 3322/3322/3322 3257/3257/3257 3225/3225/3225
f 4384/4384/4384 4382/4382/4382 4389/4389/4389
f 4388/4388/4388 4382/4382/4382 4380/4380/4380
f 3224/3224/3224 3225/3225/3225 3257/3257/3257
f 3226/3226/3226 3205/3205/3205 3223/3223/3223
f 610/610/610 609/609/609 611/611/611
f 3227/3227/3227 3205/3205/3205 3226/3226/3226
f 517/517/517 490/490/490 613/613/613
f 727/727/727 755/755/755 757/757/757
f 4090/4090/4090 4138/4138/4138 4109/4109/4109
f 3235/3235/3235 3259/3259/3259 3229/3229/3229
f 137/137/137 147/147/147 158/158/158
f 169/169/169 168/168/168 170/170/170
f 185/185/185 196/196/196 198/198/198
f 200/200/200 198/198/198 196/196/196
f 4176/4176/4176 4178/4178/4178 4166/4166/4166
f 215/215/215 207/207/207 200/200/200
f 1291/1291/1291 1288/1288/1288 1286/1286/1286
f 1287/1287/1287 1316/1316/1316 1286/1286/1286
f 1308/1308/1308 1286/1286/1286 1316/1316/1316
f 1316/1316/1316 1315/1315/1315 1308/1308/1308
f 1383/1383/1383 1351/1351/1351 1384/1384/1384
f 4703/4703/4703 4707/4707/4707 4701/4701/4701
f 4707/4707/4707 4708/4708/4708 4702/4702/4702
f 4583/4583/4583 4586/4586/4586 4585/4585/4585
f 3647/3647/3647 3648/3648/3648 3644/3644/3644
f 2561/2561/2561 2560/2560/2560 2558/2558/2558
f 3541/3541/3541 3562/3562/3562 3534/3534/3534
f 3003/3003/3003 2560/2560/2560 2561/2561/2561
f 3539/3539/3539 3538/3538/3538 3599/3599/3599
f 3539/3539/3539 3599/3599/3599 3541/3541/3541
f 3690/3690/3690 3688/3688/3688 3685/3685/3685
f 2787/2787/2787 2768/2768/2768 2788/2788/2788
f 2770/2770/2770 2768/2768/2768 2787/2787/2787
f 1554/1554/1554 1561/1561/1561 1555/1555/1555
f 1561/1561/1561 1563/1563/1563 1555/1555/1555
f 1561/1561/1561 1564/1564/1564 1563/1563/1563
f 3182/3182/3182 3100/3100/3100 3155/3155/3155
f 923/923/923 970/970/970 949/949/949
f 3183/3183/3183 3181/3181/3181 3104/3104/3104
f 845/845/845 842/842/842 844/844/844
f 3300/3300/3300 3250/3250/3250 3249/3249/3249
f 4425/4425/4425 4411/4411/4411 4410/4410/4410
f 4413/4413/4413 4412/4412/4412 4409/4409/4409
f 3474/3474/3474 3476/3476/3476 3457/3457/3457
f 3472/3472/3472 3474/3474/3474 3443/3443/3443
f 3472/3472/3472 3443/3443/3443 3442/3442/3442
f 3483/3483/3483 3481/3481/3481 3455/3455/3455
f 3443/3443/3443 3438/3438/3438 3442/3442/3442
f 3453/3453/3453 3455/3455/3455 3442/3442/3442
f 3438/3438/3438 3441/3441/3441 3442/3442/3442
f 4376/4376/4376 4390/4390/4390 4380/4380/4380
f 4389/4389/4389 4391/4391/4391 4384/4384/4384
f 4389/4389/4389 4382/4382/4382 4388/4388/4388
f 560/560/560 572/572/572 576/576/576
f 612/612/612 609/609/609 580/580/580
f 3227/3227/3227 3206/3206/3206 3205/3205/3205
f 435/435/435 505/505/505 490/490/490
f 505/505/505 773/773/773 774/774/774
f 1010/1010/1010 774/774/774 773/773/773
f 3261/3261/3261 3207/3207/3207 3262/3262/3262
f 757/757/757 827/827/827 744/744/744
f 727/727/727 726/726/726 755/755/755
f 4090/4090/4090 4128/4128/4128 4129/4129/4129
f 4090/4090/4090 4088/4088/4088 4128/4128/4128
f 693/693/693 484/484/484 485/485/485
f 441/441/441 127/127/127 129/129/129
f 128/128/128 147/147/147 137/137/137
f 3247/3247/3247 3194/3194/3194 3216/3216/3216
f 172/172/172 171/171/171 168/168/168
f 4132/4132/4132 4126/4126/4126 4130/4130/4130
f 4166/4166/4166 4164/4164/4164 4149/4149/4149
f 4166/4166/4166 4178/4178/4178 4164/4164/4164
f 4188/4188/4188 4178/4178/4178 4176/4176/4176
f 4210/4210/4210 4198/4198/4198 4197/4197/4197
f 1352/1352/1352 1351/1351/1351 1315/1315/1315
f 1352/1352/1352 1384/1384/1384 1351/1351/1351
f 3541/3541/3541 3534/3534/3534 3502/3502/3502
f 3599/3599/3599 3538/3538/3538 3549/3549/3549
f 3598/3598/3598 3599/3599/3599 3549/3549/3549
f 2902/2902/2902 2830/2830/2830 3003/3003/3003
f 3696/3696/3696 3690/3690/3690 3695/3695/3695
f 1507/1507/1507 1514/1514/1514 1516/1516/1516
f 2770/2770/2770 2771/2771/2771 2769/2769/2769
f 1468/1468/1468 1467/1467/1467 1507/1507/1507
f 1473/1473/1473 1466/1466/1466 1468/1468/1468
f 2778/2778/2778 2779/2779/2779 2775/2775/2775
f 2778/2778/2778 2790/2790/2790 2779/2779/2779
f 1481/1481/1481 1482/1482/1482 1475/1475/1475
f 2791/2791/2791 2790/2790/2790 2778/2778/2778
f 2785/2785/2785 2791/2791/2791 2778/2778/2778
f 2785/2785/2785 2803/2803/2803 2791/2791/2791
f 2804/2804/2804 2803/2803/2803 2785/2785/2785
f 3020/3020/3020 2833/2833/2833 2806/2806/2806
f 1570/1570/1570 1569/1569/1569 1566/1566/1566
f 3295/3295/3295 3085/3085/3085 3159/3159/3159
f 3212/3212/3212 3176/3176/3176 3001/3001/3001
f 1077/1077/1077 1089/1089/1089 1075/1075/1075
f 923/923/923 949/949/949 891/891/891
f 3183/3183/3183 3100/3100/3100 3182/3182/3182
f 3243/3243/3243 3181/3181/3181 3183/3183/3183
f 1065/1065/1065 1124/1124/1124 992/992/992
f 4425/4425/4425 4427/4427/4427 4411/4411/4411
f 4409/4409/4409 4410/4410/4410 4411/4411/4411
f 4409/4409/4409 4412/4412/4412 4410/4410/4410
f 3300/3300/3300 3346/3346/3346 3250/3250/3250
f 3443/3443/3443 3474/3474/3474 3457/3457/3457
f 3453/3453/3453 3483/3483/3483 3455/3455/3455
f 3442/3442/3442 3444/3444/3444 3453/3453/3453
f 3444/3444/3444 3442/3442/3442 3441/3441/3441
f 3438/3438/3438 3439/3439/3439 3441/3441/3441
f 3438/3438/3438 3437/3437/3437 3439/3439/3439
f 4383/4383/4383 4398/4398/4398 4392/4392/4392
f 4398/4398/4398 4383/4383/4383 4396/4396/4396
f 575/575/575 580/580/580 562/562/562
f 3223/3223/3223 3200/3200/3200 3224/3224/3224
f 3223/3223/3223 3201/3201/3201 3200/3200/3200
f 575/575/575 612/612/612 580/580/580
f 3205/3205/3205 3201/3201/3201 3223/3223/3223
f 611/611/611 613/613/613 610/610/610
f 4090/4090/4090 4129/4129/4129 4138/4138/4138
f 726/726/726 455/455/455 728/728/728
f 726/726/726 54/54/54 455/455/455
f 693/693/693 455/455/455 484/484/484
f 4088/4088/4088 4089/4089/4089 4128/4128/4128
f 485/485/485 460/460/460 441/441/441
f 460/460/460 127/127/127 441/441/441
f 3216/3216/3216 3185/3185/3185 3229/3229/3229
f 147/147/147 136/136/136 351/351/351
f 169/169/169 170/170/170 136/136/136
f 3247/3247/3247 3301/3301/3301 3194/3194/3194
f 172/172/172 180/180/180 176/176/176
f 4173/4173/4173 4152/4152/4152 4153/4153/4153
f 181/181/181 180/180/180 182/182/182
f 4150/4150/4150 4152/4152/4152 4142/4142/4142
f 4149/4149/4149 4150/4150/4150 4142/4142/4142
f 185/185/185 184/184/184 182/182/182
f 4190/4190/4190 4195/4195/4195 4188/4188/4188
f 479/479/479 395/395/395 438/438/438
f 4295/4295/4295 4210/4210/4210 4197/4197/4197
f 4313/4313/4313 4295/4295/4295 4304/4304/4304
f 4349/4349/4349 4313/4313/4313 4304/4304/4304
f 3669/3669/3669 3652/3652/3652 3670/3670/3670
f 3652/3652/3652 3648/3648/3648 3653/3653/3653
f 3647/3647/3647 3649/3649/3649 3648/3648/3648
f 3539/3539/3539 3541/3541/3541 3502/3502/3502
f 3687/3687/3687 3686/3686/3686 3684/3684/3684
f 3686/3686/3686 3689/3689/3689 3685/3685/3685
f 2855/2855/2855 2830/2830/2830 2902/2902/2902
f 3690/3690/3690 3685/3685/3685 3689/3689/3689
f 2855/2855/2855 2789/2789/2789 2830/2830/2830
f 3700/3700/3700 3696/3696/3696 3695/3695/3695
f 1547/1547/1547 1516/1516/1516 1550/1550/1550
f 2770/2770/2770 2769/2769/2769 2768/2768/2768
f 2775/2775/2775 2779/2779/2779 2771/2771/2771
f 1481/1481/1481 1483/1483/1483 1482/1482/1482
f 1500/1500/1500 1498/1498/1498 1482/1482/1482
f 1536/1536/1536 1498/1498/1498 1500/1500/1500
f 1498/1498/1498 1536/1536/1536 1499/1499/1499
f 1499/1499/1499 1536/1536/1536 1537/1537/1537
f 1564/1564/1564 1561/1561/1561 1562/1562/1562
f 2833/2833/2833 2834/2834/2834 2806/2806/2806
f 1565/1565/1565 1564/1564/1564 1566/1566/1566
f 2815/2815/2815 3020/3020/3020 3159/3159/3159
f 3085/3085/3085 2838/2838/2838 3159/3159/3159
f 1631/1631/1631 1632/1632/1632 1579/1579/1579
f 3212/3212/3212 3084/3084/3084 3295/3295/3295
f 1088/1088/1088 1075/1075/1075 1089/1089/1089
f 3155/3155/3155 3001/3001/3001 3176/3176/3176
f 3155/3155/3155 3056/3056/3056 3001/3001/3001
f 3183/3183/3183 3101/3101/3101 3100/3100/3100
f 913/913/913 954/954/954 845/845/845
f 956/956/956 954/954/954 913/913/913
f 956/956/956 992/992/992 954/954/954
f 3346/3346/3346 3240/3240/3240 3250/3250/3250
f 4411/4411/4411 4418/4418/4418 4409/4409/4409
f 3457/3457/3457 3448/3448/3448 3443/3443/3443
f 3448/3448/3448 3438/3438/3438 3443/3443/3443
f 3444/3444/3444 3445/3445/3445 3453/3453/3453
f 3453/3453/3453 3445/3445/3445 3454/3454/3454
f 3444/3444/3444 3441/3441/3441 3439/3439/3439
f 3436/3436/3436 3437/3437/3437 3438/3438/3438
f 3439/3439/3439 3445/3445/3445 3444/3444/3444
f 3439/3439/3439 3440/3440/3440 3445/3445/3445
f 3436/3436/3436 3446/3446/3446 3437/3437/3437
f 3439/3439/3439 3437/3437/3437 3440/3440/3440
f 3437/3437/3437 3446/3446/3446 3440/3440/3440
f 4396/4396/4396 4403/4403/4403 4398/4398/4398
f 3225/3225/3225 3363/3363/3363 3322/3322/3322
f 4408/4408/4408 4392/4392/4392 4398/4398/4398
f 4390/4390/4390 4376/4376/4376 4392/4392/4392
f 576/576/576 645/645/645 733/733/733
f 3224/3224/3224 3200/3200/3200 3225/3225/3225
f 3206/3206/3206 3184/3184/3184 3205/3205/3205
f 490/490/490 517/517/517 470/470/470
f 3261/3261/3261 3208/3208/3208 3207/3207/3207
f 783/783/783 1010/1010/1010 773/773/773
f 744/744/744 1010/1010/1010 783/783/783
f 757/757/757 744/744/744 727/727/727
f 4133/4133/4133 4128/4128/4128 4089/4089/4089
f 3235/3235/3235 3161/3161/3161 3234/3234/3234
f 3235/3235/3235 3229/3229/3229 3185/3185/3185
f 254/254/254 207/207/207 215/215/215
f 379/379/379 395/395/395 207/207/207
f 1284/1284/1284 1286/1286/1286 1288/1288/1288
f 1286/1286/1286 1284/1284/1284 1287/1287/1287
f 1352/1352/1352 1315/1315/1315 1316/1316/1316
f 4700/4700/4700 4704/4704/4704 4703/4703/4703
f 3670/3670/3670 3652/3652/3652 3653/3653/3653
f 2560/2560/2560 2559/2559/2559 2558/2558/2558
f 2830/2830/2830 2899/2899/2899 3003/3003/3003
f 3689/3689/3689 3694/3694/3694 3690/3690/3690
f 3695/3695/3695 3690/3690/3690 3694/3694/3694
f 1473/1473/1473 1468/1468/1468 1507/1507/1507
f 1473/1473/1473 1472/1472/1472 1466/1466/1466
f 1473/1473/1473 1474/1474/1474 1472/1472/1472
f 2804/2804/2804 2807/2807/2807 2805/2805/2805
f 2806/2806/2806 2807/2807/2807 2804/2804/2804
f 2834/2834/2834 2807/2807/2807 2806/2806/2806
f 3020/3020/3020 2815/2815/2815 2833/2833/2833
f 1579/1579/1579 1569/1569/1569 1570/1570/1570
f 2838/2838/2838 2815/2815/2815 3159/3159/3159
f 3295/3295/3295 3084/3084/3084 3085/3085/3085
f 1075/1075/1075 1088/1088/1088 1076/1076/1076
f 3100/3100/3100 3056/3056/3056 3155/3155/3155
f 923/923/923 891/891/891 851/851/851
f 851/851/851 846/846/846 923/923/923
f 3104/3104/3104 3101/3101/3101 3183/3183/3183
f 3181/3181/3181 3102/3102/3102 3104/3104/3104
f 3181/3181/3181 3103/3103/3103 3102/3102/3102
f 4427/4427/4427 4418/4418/4418 4411/4411/4411
f 3482/3482/3482 3483/3483/3483 3453/3453/3453
f 3448/3448/3448 3436/3436/3436 3438/3438/3438
f 3454/3454/3454 3478/3478/3478 3453/3453/3453
f 3449/3449/3449 3436/3436/3436 3448/3448/3448
f 3445/3445/3445 3447/3447/3447 3454/3454/3454
f 3436/3436/3436 3451/3451/3451 3446/3446/3446
f 3440/3440/3440 3447/3447/3447 3445/3445/3445
f 3446/3446/3446 3450/3450/3450 3440/3440/3440
f 3446/3446/3446 3451/3451/3451 3450/3450/3450
f 3450/3450/3450 3447/3447/3447 3440/3440/3440
f 3451/3451/3451 3466/3466/3466 3450/3450/3450
f 3450/3450/3450 3466/3466/3466 3484/3484/3484
f 3450/3450/3450 3456/3456/3456 3447/3447/3447
f 3451/3451/3451 3467/3467/3467 3466/3466/3466
f 3450/3450/3450 3484/3484/3484 3456/3456/3456
f 4407/4407/4407 4392/4392/4392 4408/4408/4408
f 4407/4407/4407 4390/4390/4390 4392/4392/4392
f 3363/3363/3363 3225/3225/3225 3202/3202/3202
f 3202/3202/3202 3225/3225/3225 3200/3200/3200
f 560/560/560 562/562/562 567/567/567
f 3205/3205/3205 3184/3184/3184 3201/3201/3201
f 631/631/631 468/468/468 517/517/517
f 517/517/517 468/468/468 470/470/470
f 435/435/435 490/490/490 470/470/470
f 3261/3261/3261 3215/3215/3215 3208/3208/3208
f 3276/3276/3276 3215/3215/3215 3261/3261/3261
f 3258/3258/3258 3215/3215/3215 3276/3276/3276
f 727/727/727 54/54/54 726/726/726
f 3266/3266/3266 3234/3234/3234 3233/3233/3233
f 3185/3185/3185 3216/3216/3216 3190/3190/3190
f 172/172/172 168/168/168 173/173/173
f 3194/3194/3194 3301/3301/3301 3312/3312/3312
f 4173/4173/4173 4153/4153/4153 4130/4130/4130
f 4150/4150/4150 4153/4153/4153 4152/4152/4152
f 4149/4149/4149 4163/4163/4163 4150/4150/4150
f 4149/4149/4149 4164/4164/4164 4163/4163/4163
f 200/200/200 196/196/196 215/215/215
f 379/379/379 438/438/438 395/395/395
f 4190/4190/4190 4198/4198/4198 4195/4195/4195
f 4313/4313/4313 4309/4309/4309 4295/4295/4295
f 4590/4590/4590 4591/4591/4591 4592/4592/4592
f 4589/4589/4589 4591/4591/4591 4590/4590/4590
f 4708/4708/4708 4707/4707/4707 4709/4709/4709
f 3534/3534/3534 3562/3562/3562 3535/3535/3535
f 3003/3003/3003 2559/2559/2559 2560/2560/2560
f 2996/2996/2996 2559/2559/2559 3003/3003/3003
f 3003/3003/3003 2899/2899/2899 2996/2996/2996
f 2768/2768/2768 2765/2765/2765 2788/2788/2788
f 1517/1517/1517 1516/1516/1516 1547/1547/1547
f 2771/2771/2771 2772/2772/2772 2769/2769/2769
f 2779/2779/2779 2772/2772/2772 2771/2771/2771
f 1475/1475/1475 1472/1472/1472 1474/1474/1474
f 2804/2804/2804 2805/2805/2805 2803/2803/2803
f 1564/1564/1564 1571/1571/1571 1566/1566/1566
f 1570/1570/1570 1566/1566/1566 1571/1571/1571
f 1631/1631/1631 1579/1579/1579 1578/1578/1578
f 3212/3212/3212 3001/3001/3001 3156/3156/3156
f 998/998/998 1077/1077/1077 1075/1075/1075
f 3104/3104/3104 3102/3102/3102 3101/3101/3101
f 846/846/846 847/847/847 844/844/844
f 844/844/844 850/850/850 845/845/845
f 3477/3477/3477 3461/3461/3461 3476/3476/3476
f 3457/3457/3457 3476/3476/3476 3461/3461/3461
f 3204/3204/3204 3240/3240/3240 3346/3346/3346
f 3461/3461/3461 3448/3448/3448 3457/3457/3457
f 3453/3453/3453 3478/3478/3478 3482/3482/3482
f 3454/3454/3454 3447/3447/3447 3478/3478/3478
f 3452/3452/3452 3436/3436/3436 3449/3449/3449
f 3447/3447/3447 3479/3479/3479 3478/3478/3478
f 3436/3436/3436 3452/3452/3452 3451/3451/3451
f 3456/3456/3456 3479/3479/3479 3447/3447/3447
f 3452/3452/3452 3467/3467/3467 3451/3451/3451
f 3479/3479/3479 3456/3456/3456 3486/3486/3486
f 3452/3452/3452 3488/3488/3488 3467/3467/3467
f 4395/4395/4395 4389/4389/4389 4388/4388/4388
f 4395/4395/4395 4388/4388/4388 4390/4390/4390
f 3487/3487/3487 3488/3488/3488 3452/3452/3452
f 4394/4394/4394 4391/4391/4391 4389/4389/4389
f 560/560/560 559/559/559 562/562/562
f 3184/3184/3184 3200/3200/3200 3201/3201/3201
f 611/611/611 631/631/631 613/613/613
f 517/517/517 613/613/613 631/631/631
f 3206/3206/3206 3227/3227/3227 3207/3207/3207
f 506/506/506 773/773/773 505/505/505
f 3258/3258/3258 3188/3188/3188 3215/3215/3215
f 3266/3266/3266 3233/3233/3233 3258/3258/3258
f 455/455/455 54/54/54 58/58/58
f 484/484/484 455/455/455 58/58/58
f 484/484/484 460/460/460 485/485/485
f 101/101/101 127/127/127 460/460/460
f 3235/3235/3235 3185/3185/3185 3161/3161/3161
f 128/128/128 129/129/129 127/127/127
f 3194/3194/3194 3189/3189/3189 3216/3216/3216
f 253/253/253 207/207/207 254/254/254
f 4195/4195/4195 4194/4194/4194 4188/4188/4188
f 4210/4210/4210 4214/4214/4214 4198/4198/4198
f 4302/4302/4302 4210/4210/4210 4295/4295/4295
f 4704/4704/4704 4705/4705/4705 4703/4703/4703
f 3521/3521/3521 3534/3534/3534 3535/3535/3535
f 2558/2558/2558 2557/2557/2557 2547/2547/2547
f 3502/3502/3502 3501/3501/3501 3539/3539/3539
f 3687/3687/3687 3689/3689/3689 3686/3686/3686
f 2789/2789/2789 2764/2764/2764 2830/2830/2830
f 2788/2788/2788 2765/2765/2765 2789/2789/2789
f 1517/1517/1517 1507/1507/1507 1516/1516/1516
f 1506/1506/1506 1507/1507/1507 1517/1517/1517
f 1479/1479/1479 1476/1476/1476 1473/1473/1473
f 1473/1473/1473 1476/1476/1476 1474/1474/1474
f 2779/2779/2779 2790/2790/2790 2772/2772/2772
f 2791/2791/2791 2816/2816/2816 2790/2790/2790
f 2803/2803/2803 2822/2822/2822 2791/2791/2791
f 1500/1500/1500 1482/1482/1482 1483/1483/1483
f 1536/1536/1536 1540/1540/1540 1537/1537/1537
f 1540/1540/1540 1554/1554/1554 1537/1537/1537
f 1556/1556/1556 1561/1561/1561 1554/1554/1554
f 1562/1562/1562 1575/1575/1575 1564/1564/1564
f 1575/1575/1575 1571/1571/1571 1564/1564/1564
f 2833/2833/2833 2807/2807/2807 2834/2834/2834
f 2833/2833/2833 2815/2815/2815 2807/2807/2807
f 1570/1570/1570 1578/1578/1578 1579/1579/1579
f 1578/1578/1578 1628/1628/1628 1631/1631/1631
f 949/949/949 930/930/930 891/891/891
f 913/913/913 845/845/845 850/850/850
f 957/957/957 956/956/956 913/913/913
f 3249/3249/3249 3103/3103/3103 3181/3181/3181
f 3477/3477/3477 3480/3480/3480 3470/3470/3470
f 3461/3461/3461 3477/3477/3477 3470/3470/3470
f 3460/3460/3460 3448/3448/3448 3461/3461/3461
f 3350/3350/3350 3204/3204/3204 3346/3346/3346
f 3365/3365/3365 3203/3203/3203 3350/3350/3350
f 3203/3203/3203 3365/3365/3365 3202/3202/3202
f 3449/3449/3449 3459/3459/3459 3452/3452/3452
f 3486/3486/3486 3478/3478/3478 3479/3479/3479
f 3459/3459/3459 3487/3487/3487 3452/3452/3452
f 559/559/559 575/575/575 562/562/562
f 505/505/505 435/435/435 506/506/506
f 783/783/783 773/773/773 506/506/506
f 727/727/727 744/744/744 518/518/518
f 518/518/518 54/54/54 727/727/727
f 3161/3161/3161 3160/3160/3160 3234/3234/3234
f 3216/3216/3216 3189/3189/3189 3190/3190/3190
f 3194/3194/3194 3157/3157/3157 3189/3189/3189
f 175/175/175 182/182/182 180/180/180
f 4168/4168/4168 4153/4153/4153 4150/4150/4150
f 4163/4163/4163 4167/4167/4167 4150/4150/4150
f 215/215/215 196/196/196 238/238/238
f 1384/1384/1384 1428/1428/1428 1427/1427/1427
f 4703/4703/4703 4705/4705/4705 4707/4707/4707
f 4705/4705/4705 4772/4772/4772 4707/4707/4707
f 4709/4709/4709 4707/4707/4707 4772/4772/4772
f 3558/3558/3558 3536/3536/3536 3535/3535/3535
f 3648/3648/3648 3650/3650/3650 3653/3653/3653
f 3649/3649/3649 3650/3650/3650 3648/3648/3648
f 2559/2559/2559 2557/2557/2557 2558/2558/2558
f 3501/3501/3501 3538/3538/3538 3539/3539/3539
f 3549/3549/3549 3538/3538/3538 3537/3537/3537
f 3598/3598/3598 3549/3549/3549 3537/3537/3537
f 1517/1517/1517 1547/1547/1547 1545/1545/1545
f 1515/1515/1515 1506/1506/1506 1517/1517/1517
f 2769/2769/2769 2766/2766/2766 2768/2768/2768
f 1473/1473/1473 1507/1507/1507 1506/1506/1506
f 2769/2769/2769 2772/2772/2772 2766/2766/2766
f 1479/1479/1479 1473/1473/1473 1505/1505/1505
f 2790/2790/2790 2816/2816/2816 2772/2772/2772
f 1475/1475/1475 1474/1474/1474 1480/1480/1480
f 1480/1480/1480 1481/1481/1481 1475/1475/1475
f 1481/1481/1481 1484/1484/1484 1483/1483/1483
f 1540/1540/1540 1556/1556/1556 1554/1554/1554
f 1556/1556/1556 1562/1562/1562 1561/1561/1561
f 3156/3156/3156 3084/3084/3084 3212/3212/3212
f 1075/1075/1075 997/997/997 998/998/998
f 3101/3101/3101 3009/3009/3009 3100/3100/3100
f 3249/3249/3249 3250/3250/3250 3103/3103/3103
f 957/957/957 992/992/992 956/956/956
f 3470/3470/3470 3460/3460/3460 3461/3461/3461
f 3458/3458/3458 3448/3448/3448 3460/3460/3460
f 3350/3350/3350 3203/3203/3203 3204/3204/3204
f 3463/3463/3463 3459/3459/3459 3449/3449/3449
f 4394/4394/4394 4389/4389/4389 4395/4395/4395
f 3206/3206/3206 3177/3177/3177 3184/3184/3184
f 3206/3206/3206 3207/3207/3207 3177/3177/3177
f 3207/3207/3207 3178/3178/3178 3177/3177/3177
f 3208/3208/3208 3178/3178/3178 3207/3207/3207
f 3208/3208/3208 3179/3179/3179 3178/3178/3178
f 3179/3179/3179 3208/3208/3208 3180/3180/3180
f 3215/3215/3215 3180/3180/3180 3208/3208/3208
f 744/744/744 783/783/783 754/754/754
f 518/518/518 744/744/744 754/754/754
f 3234/3234/3234 3160/3160/3160 3233/3233/3233
f 119/119/119 128/128/128 127/127/127
f 147/147/147 128/128/128 130/130/130
f 167/167/167 168/168/168 169/169/169
f 173/173/173 180/180/180 172/172/172
f 173/173/173 175/175/175 180/180/180
f 4178/4178/4178 4181/4181/4181 4164/4164/4164
f 215/215/215 238/238/238 239/239/239
f 254/254/254 215/215/215 239/239/239
f 253/253/253 379/379/379 207/207/207
f 4194/4194/4194 4189/4189/4189 4188/4188/4188
f 4205/4205/4205 4194/4194/4194 4195/4195/4195
f 4198/4198/4198 4214/4214/4214 4195/4195/4195
f 4214/4214/4214 4210/4210/4210 4302/4302/4302
f 4680/4680/4680 4586/4586/4586 4583/4583/4583
f 3521/3521/3521 3502/3502/3502 3534/3534/3534
f 3521/3521/3521 3498/3498/3498 3502/3502/3502
f 3501/3501/3501 3502/3502/3502 3498/3498/3498
f 3501/3501/3501 3500/3500/3500 3538/3538/3538
f 3695/3695/3695 3694/3694/3694 3701/3701/3701
f 3695/3695/3695 3701/3701/3701 3702/3702/3702
f 2765/2765/2765 2764/2764/2764 2789/2789/2789
f 3702/3702/3702 3700/3700/3700 3695/3695/3695
f 2768/2768/2768 2766/2766/2766 2765/2765/2765
f 1505/1505/1505 1476/1476/1476 1479/1479/1479
f 1484/1484/1484 1481/1481/1481 1480/1480/1480
f 1484/1484/1484 1500/1500/1500 1483/1483/1483
f 1519/1519/1519 1536/1536/1536 1500/1500/1500
f 2822/2822/2822 2803/2803/2803 2805/2805/2805
f 1573/1573/1573 1570/1570/1570 1571/1571/1571
f 1577/1577/1577 1578/1578/1578 1570/1570/1570
f 1076/1076/1076 997/997/997 1075/1075/1075
f 3100/3100/3100 3009/3009/3009 3056/3056/3056
f 3102/3102/3102 3009/3009/3009 3101/3101/3101
f 3103/3103/3103 3009/3009/3009 3102/3102/3102
f 3250/3250/3250 3097/3097/3097 3103/3103/3103
f 1065/1065/1065 992/992/992 957/957/957
f 3250/3250/3250 3240/3240/3240 3097/3097/3097
f 3204/3204/3204 3097/3097/3097 3240/3240/3240
f 3449/3449/3449 3448/3448/3448 3458/3458/3458
f 3463/3463/3463 3464/3464/3464 3459/3459/3459
f 1074/1074/1074 1144/1144/1144 1134/1134/1134
f 561/561/561 576/576/576 733/733/733
f 3202/3202/3202 3200/3200/3200 3162/3162/3162
f 561/561/561 560/560/560 576/576/576
f 560/560/560 561/561/561 557/557/557
f 612/612/612 611/611/611 609/609/609
f 3177/3177/3177 3162/3162/3162 3184/3184/3184
f 468/468/468 435/435/435 470/470/470
f 3233/3233/3233 3188/3188/3188 3258/3258/3258
f 3160/3160/3160 3188/3188/3188 3233/3233/3233
f 3185/3185/3185 3130/3130/3130 3106/3106/3106
f 3185/3185/3185 3190/3190/3190 3130/3130/3130
f 3370/3370/3370 3338/3338/3338 3312/3312/3312
f 183/183/183 182/182/182 175/175/175
f 4163/4163/4163 4164/4164/4164 4165/4165/4165
f 4165/4165/4165 4164/4164/4164 4181/4181/4181
f 254/254/254 239/239/239 253/253/253
f 4178/4178/4178 4189/4189/4189 4181/4181/4181
f 4188/4188/4188 4189/4189/4189 4178/4178/4178
f 4215/4215/4215 4205/4205/4205 4195/4195/4195
f 4215/4215/4215 4195/4195/4195 4214/4214/4214
f 1316/1316/1316 1287/1287/1287 1332/1332/1332
f 1332/1332/1332 1352/1352/1352 1316/1316/1316
f 1428/1428/1428 1384/1384/1384 1414/1414/1414
f 4704/4704/4704 4706/4706/4706 4705/4705/4705
f 4680/4680/4680 4589/4589/4589 4586/4586/4586
f 3653/3653/3653 3650/3650/3650 3708/3708/3708
f 2899/2899/2899 2916/2916/2916 2996/2996/2996
f 3693/3693/3693 3689/3689/3689 3687/3687/3687
f 2830/2830/2830 2800/2800/2800 2899/2899/2899
f 3689/3689/3689 3693/3693/3693 3694/3694/3694
f 1508/1508/1508 1506/1506/1506 1515/1515/1515
f 1505/1505/1505 1473/1473/1473 1506/1506/1506
f 2816/2816/2816 2773/2773/2773 2772/2772/2772
f 1474/1474/1474 1476/1476/1476 1480/1480/1480
f 1556/1556/1556 1540/1540/1540 1536/1536/1536
f 2807/2807/2807 2808/2808/2808 2805/2805/2805
f 1628/1628/1628 1578/1578/1578 1577/1577/1577
f 997/997/997 930/930/930 998/998/998
f 949/949/949 998/998/998 930/930/930
f 3009/3009/3009 2995/2995/2995 3056/3056/3056
f 850/850/850 844/844/844 849/849/849
f 849/849/849 913/913/913 850/850/850
f 3103/3103/3103 3097/3097/3097 3009/3009/3009
f 3465/3465/3465 3460/3460/3460 3470/3470/3470
f 3462/3462/3462 3449/3449/3449 3458/3458/3458
f 3462/3462/3462 3463/3463/3463 3449/3449/3449
f 4401/4401/4401 4391/4391/4391 4394/4394/4394
f 4401/4401/4401 4402/4402/4402 4391/4391/4391
f 4401/4401/4401 4394/4394/4394 4395/4395/4395
f 559/559/559 560/560/560 557/557/557
f 3184/3184/3184 3162/3162/3162 3200/3200/3200
f 65/65/65 435/435/435 468/468/468
f 49/49/49 506/506/506 435/435/435
f 783/783/783 506/506/506 754/754/754
f 3059/3059/3059 3179/3179/3179 3180/3180/3180
f 58/58/58 51/51/51 484/484/484
f 460/460/460 484/484/484 472/472/472
f 3185/3185/3185 3106/3106/3106 3161/3161/3161
f 119/119/119 130/130/130 128/128/128
f 130/130/130 136/136/136 147/147/147
f 3190/3190/3190 3189/3189/3189 3130/3130/3130
f 167/167/167 174/174/174 168/168/168
f 174/174/174 173/173/173 168/168/168
f 3239/3239/3239 3194/3194/3194 3312/3312/3312
f 174/174/174 175/175/175 173/173/173
f 3312/3312/3312 3338/3338/3338 3239/3239/3239
f 238/238/238 196/196/196 197/197/197
f 252/252/252 379/379/379 253/253/253
f 252/252/252 438/438/438 379/379/379
f 1384/1384/1384 1352/1352/1352 1377/1377/1377
f 4591/4591/4591 4593/4593/4593 4592/4592/4592
f 4709/4709/4709 4772/4772/4772 4714/4714/4714
f 3535/3535/3535 3536/3536/3536 3522/3522/3522
f 3649/3649/3649 3651/3651/3651 3650/3650/3650
f 2532/2532/2532 2547/2547/2547 2539/2539/2539
f 3521/3521/3521 3535/3535/3535 3522/3522/3522
f 2559/2559/2559 2916/2916/2916 2557/2557/2557
f 2996/2996/2996 2916/2916/2916 2559/2559/2559
f 3563/3563/3563 3598/3598/3598 3537/3537/3537
f 2916/2916/2916 2899/2899/2899 2800/2800/2800
f 3698/3698/3698 3693/3693/3693 3687/3687/3687
f 2764/2764/2764 2800/2800/2800 2830/2830/2830
f 3702/3702/3702 3703/3703/3703 3700/3700/3700
f 1517/1517/1517 1544/1544/1544 1515/1515/1515
f 2772/2772/2772 2767/2767/2767 2766/2766/2766
f 1505/1505/1505 1506/1506/1506 1508/1508/1508
f 1503/1503/1503 1476/1476/1476 1505/1505/1505
f 1476/1476/1476 1503/1503/1503 1504/1504/1504
f 1502/1502/1502 1484/1484/1484 1480/1480/1480
f 2822/2822/2822 2821/2821/2821 2791/2791/2791
f 1562/1562/1562 1586/1586/1586 1575/1575/1575
f 1577/1577/1577 1570/1570/1570 1573/1573/1573
f 1628/1628/1628 1577/1577/1577 1629/1629/1629
f 851/851/851 848/848/848 846/846/846
f 847/847/847 849/849/849 844/844/844
f 914/914/914 913/913/913 849/849/849
f 914/914/914 957/957/957 913/913/913
f 991/991/991 1065/1065/1065 957/957/957
f 3480/3480/3480 3465/3465/3465 3470/3470/3470
f 1065/1065/1065 991/991/991 1078/1078/1078
f 3460/3460/3460 3465/3465/3465 3458/3458/3458
f 3203/3203/3203 3098/3098/3098 3204/3204/3204
f 3203/3203/3203 3175/3175/3175 3098/3098/3098
f 3468/3468/3468 3463/3463/3463 3462/3462/3462
f 3202/3202/3202 3175/3175/3175 3203/3203/3203
f 1073/1073/1073 734/734/734 1074/1074/1074
f 1074/1074/1074 1134/1134/1134 1073/1073/1073
f 3174/3174/3174 3202/3202/3202 3162/3162/3162
f 734/734/734 561/561/561 733/733/733
f 593/593/593 557/557/557 561/561/561
f 574/574/574 575/575/575 559/559/559
f 575/575/575 611/611/611 612/612/612
f 631/631/631 611/611/611 628/628/628
f 435/435/435 65/65/65 49/49/49
f 3115/3115/3115 3180/3180/3180 3215/3215/3215
f 3188/3188/3188 3115/3115/3115 3215/3215/3215
f 3160/3160/3160 3094/3094/3094 3188/3188/3188
f 460/460/460 472/472/472 347/347/347
f 101/101/101 460/460/460 347/347/347
f 3194/3194/3194 3239/3239/3239 3157/3157/3157
f 174/174/174 178/178/178 175/175/175
f 178/178/178 183/183/183 175/175/175
f 252/252/252 253/253/253 239/239/239
f 4194/4194/4194 4209/4209/4209 4189/4189/4189
f 1332/1332/1332 1377/1377/1377 1352/1352/1352
f 4295/4295/4295 4303/4303/4303 4302/4302/4302
f 4309/4309/4309 4303/4303/4303 4295/4295/4295
f 4680/4680/4680 4591/4591/4591 4589/4589/4589
f 3651/3651/3651 3708/3708/3708 3650/3650/3650
f 3538/3538/3538 3500/3500/3500 3537/3537/3537
f 2764/2764/2764 2763/2763/2763 2800/2800/2800
f 2763/2763/2763 2764/2764/2764 2762/2762/2762
f 2765/2765/2765 2762/2762/2762 2764/2764/2764
f 1517/1517/1517 1545/1545/1545 1544/1544/1544
f 1509/1509/1509 1505/1505/1505 1508/1508/1508
f 2772/2772/2772 2773/2773/2773 2759/2759/2759
f 1480/1480/1480 1476/1476/1476 1504/1504/1504
f 1504/1504/1504 1502/1502/1502 1480/1480/1480
f 1500/1500/1500 1484/1484/1484 1502/1502/1502
f 1556/1556/1556 1536/1536/1536 1546/1546/1546
f 2808/2808/2808 2809/2809/2809 2805/2805/2805
f 1556/1556/1556 1586/1586/1586 1562/1562/1562
f 2807/2807/2807 2793/2793/2793 2808/2808/2808
f 2838/2838/2838 2793/2793/2793 2815/2815/2815
f 3001/3001/3001 3056/3056/3056 2995/2995/2995
f 2995/2995/2995 2994/2994/2994 2965/2965/2965
f 3009/3009/3009 2994/2994/2994 2995/2995/2995
f 847/847/847 846/846/846 848/848/848
f 3008/3008/3008 3009/3009/3009 3097/3097/3097
f 3204/3204/3204 3098/3098/3098 3097/3097/3097
f 3469/3469/3469 3458/3458/3458 3465/3465/3465
f 3469/3469/3469 3462/3462/3462 3458/3458/3458
f 3468/3468/3468 3464/3464/3464 3463/3463/3463
f 3468/3468/3468 3485/3485/3485 3464/3464/3464
f 3202/3202/3202 3174/3174/3174 3175/3175/3175
f 822/822/822 734/734/734 1073/1073/1073
f 469/469/469 468/468/468 631/631/631
f 59/59/59 754/754/754 506/506/506
f 3180/3180/3180 3060/3060/3060 3059/3059/3059
f 3115/3115/3115 3060/3060/3060 3180/3180/3180
f 51/51/51 58/58/58 33/33/33
f 472/472/472 484/484/484 483/483/483
f 3161/3161/3161 3065/3065/3065 3160/3160/3160
f 3161/3161/3161 3105/3105/3105 3065/3065/3065
f 3106/3106/3106 3105/3105/3105 3161/3161/3161
f 119/119/119 127/127/127 101/101/101
f 3106/3106/3106 3130/3130/3130 3081/3081/3081
f 3189/3189/3189 3158/3158/3158 3130/3130/3130
f 3157/3157/3157 3158/3158/3158 3189/3189/3189
f 3338/3338/3338 3370/3370/3370 3368/3368/3368
f 4167/4167/4167 4163/4163/4163 4179/4179/4179
f 4163/4163/4163 4180/4180/4180 4179/4179/4179
f 4165/4165/4165 4180/4180/4180 4163/4163/4163
f 186/186/186 196/196/196 185/185/185
f 197/197/197 196/196/196 186/186/186
f 238/238/238 197/197/197 233/233/233
f 239/239/239 238/238/238 240/240/240
f 1287/1287/1287 1285/1285/1285 1332/1332/1332
f 4302/4302/4302 4307/4307/4307 4214/4214/4214
f 1385/1385/1385 1414/1414/1414 1384/1384/1384
f 4714/4714/4714 4713/4713/4713 4709/4709/4709
f 2557/2557/2557 2539/2539/2539 2547/2547/2547
f 3500/3500/3500 3493/3493/3493 3537/3537/3537
f 3584/3584/3584 3596/3596/3596 3577/3577/3577
f 3706/3706/3706 3703/3703/3703 3702/3702/3702
f 2766/2766/2766 2762/2762/2762 2765/2765/2765
f 1508/1508/1508 1515/1515/1515 1531/1531/1531
f 2791/2791/2791 2817/2817/2817 2816/2816/2816
f 2821/2821/2821 2817/2817/2817 2791/2791/2791
f 1500/1500/1500 1502/1502/1502 1519/1519/1519
f 1546/1546/1546 1536/1536/1536 1519/1519/1519
f 2805/2805/2805 2809/2809/2809 2822/2822/2822
f 1556/1556/1556 1582/1582/1582 1586/1586/1586
f 1575/1575/1575 1574/1574/1574 1571/1571/1571
f 2815/2815/2815 2793/2793/2793 2807/2807/2807
f 1571/1571/1571 1574/1574/1574 1573/1573/1573
f 1580/1580/1580 1577/1577/1577 1573/1573/1573
f 3085/3085/3085 2837/2837/2837 2838/2838/2838
f 1580/1580/1580 1629/1629/1629 1577/1577/1577
f 890/890/890 891/891/891 930/930/930
f 2898/2898/2898 2994/2994/2994 3009/3009/3009
f 3008/3008/3008 2898/2898/2898 3009/3009/3009
f 915/915/915 914/914/914 849/849/849
f 3097/3097/3097 3007/3007/3007 3008/3008/3008
f 3098/3098/3098 3007/3007/3007 3097/3097/3097
f 1078/1078/1078 991/991/991 989/989/989
f 3471/3471/3471 3462/3462/3462 3469/3469/3469
f 3462/3462/3462 3471/3471/3471 3468/3468/3468
f 558/558/558 559/559/559 557/557/557
f 49/49/49 40/40/40 506/506/506
f 3178/3178/3178 3179/3179/3179 3059/3059/3059
f 40/40/40 59/59/59 506/506/506
f 3094/3094/3094 3115/3115/3115 3188/3188/3188
f 39/39/39 54/54/54 518/518/518
f 54/54/54 33/33/33 58/58/58
f 138/138/138 167/167/167 169/169/169
f 3337/3337/3337 3239/3239/3239 3338/3338/3338
f 3368/3368/3368 3370/3370/3370 3375/3375/3375
f 4167/4167/4167 4168/4168/4168 4150/4150/4150
f 4167/4167/4167 4202/4202/4202 4168/4168/4168
f 240/240/240 238/238/238 233/233/233
f 4181/4181/4181 4180/4180/4180 4165/4165/4165
f 4205/4205/4205 4209/4209/4209 4194/4194/4194
f 4214/4214/4214 4308/4308/4308 4215/4215/4215
f 1285/1285/1285 1287/1287/1287 1284/1284/1284
f 1385/1385/1385 1384/1384/1384 1377/1377/1377
f 4302/4302/4302 4303/4303/4303 4306/4306/4306
f 4714/4714/4714 4772/4772/4772 4715/4715/4715
f 3520/3520/3520 3498/3498/3498 3521/3521/3521
f 2916/2916/2916 3030/3030/3030 2557/2557/2557
f 3492/3492/3492 3500/3500/3500 3501/3501/3501
f 3694/3694/3694 3693/3693/3693 3704/3704/3704
f 3704/3704/3704 3701/3701/3701 3694/3694/3694
f 3584/3584/3584 3577/3577/3577 3576/3576/3576
f 1609/1609/1609 1544/1544/1544 1545/1545/1545
f 2766/2766/2766 2761/2761/2761 2762/2762/2762
f 2816/2816/2816 2798/2798/2798 2773/2773/2773
f 2808/2808/2808 2794/2794/2794 2809/2809/2809
f 2794/2794/2794 2808/2808/2808 2793/2793/2793
f 1576/1576/1576 1575/1575/1575 1586/1586/1586
f 997/997/997 1005/1005/1005 931/931/931
f 3084/3084/3084 2837/2837/2837 3085/3085/3085
f 2995/2995/2995 3000/3000/3000 3001/3001/3001
f 2965/2965/2965 3000/3000/3000 2995/2995/2995
f 851/851/851 891/891/891 852/852/852
f 915/915/915 957/957/957 914/914/914
f 915/915/915 991/991/991 957/957/957
f 1033/1033/1033 1078/1078/1078 989/989/989
f 1033/1033/1033 1044/1044/1044 1078/1078/1078
f 996/996/996 1043/1043/1043 716/716/716
f 716/716/716 822/822/822 996/996/996
f 716/716/716 734/734/734 822/822/822
f 734/734/734 716/716/716 561/561/561
f 3162/3162/3162 3054/3054/3054 3174/3174/3174
f 558/558/558 574/574/574 559/559/559
f 606/606/606 575/575/575 574/574/574
f 611/611/611 575/575/575 606/606/606
f 611/611/611 606/606/606 628/628/628
f 3162/3162/3162 3058/3058/3058 3057/3057/3057
f 3177/3177/3177 3058/3058/3058 3162/3162/3162
f 431/431/431 65/65/65 468/468/468
f 518/518/518 754/754/754 59/59/59
f 54/54/54 39/39/39 33/33/33
f 3160/3160/3160 3093/3093/3093 3094/3094/3094
f 483/483/483 484/484/484 51/51/51
f 3239/3239/3239 3092/3092/3092 3157/3157/3157
f 166/166/166 174/174/174 167/167/167
f 179/179/179 178/178/178 174/174/174
f 3337/3337/3337 3218/3218/3218 3239/3239/3239
f 3368/3368/3368 3337/3337/3337 3338/3338/3338
f 186/186/186 185/185/185 182/182/182
f 4209/4209/4209 4181/4181/4181 4189/4189/4189
f 4215/4215/4215 4209/4209/4209 4205/4205/4205
f 1284/1284/1284 1288/1288/1288 479/479/479
f 4215/4215/4215 4308/4308/4308 4209/4209/4209
f 4308/4308/4308 4214/4214/4214 4307/4307/4307
f 4306/4306/4306 4316/4316/4316 4302/4302/4302
f 4323/4323/4323 4303/4303/4303 4309/4309/4309
f 4309/4309/4309 4350/4350/4350 4323/4323/4323
f 4313/4313/4313 4350/4350/4350 4309/4309/4309
f 4350/4350/4350 4313/4313/4313 4351/4351/4351
f 4577/4577/4577 4680/4680/4680 4583/4583/4583
f 3536/3536/3536 3523/3523/3523 3522/3522/3522
f 3521/3521/3521 3522/3522/3522 3520/3520/3520
f 3030/3030/3030 2545/2545/2545 2557/2557/2557
f 3498/3498/3498 3492/3492/3492 3501/3501/3501
f 3537/3537/3537 3515/3515/3515 3563/3563/3563
f 2800/2800/2800 2917/2917/2917 2916/2916/2916
f 3704/3704/3704 3693/3693/3693 3698/3698/3698
f 3596/3596/3596 3585/3585/3585 3577/3577/3577
f 2760/2760/2760 2763/2763/2763 2762/2762/2762
f 3584/3584/3584 3576/3576/3576 3582/3582/3582
f 3707/3707/3707 3703/3703/3703 3706/3706/3706
f 1531/1531/1531 1515/1515/1515 1544/1544/1544
f 2767/2767/2767 2761/2761/2761 2766/2766/2766
f 1508/1508/1508 1531/1531/1531 1509/1509/1509
f 2772/2772/2772 2759/2759/2759 2767/2767/2767
f 1509/1509/1509 1503/1503/1503 1505/1505/1505
f 2798/2798/2798 2816/2816/2816 2817/2817/2817
f 1520/1520/1520 1502/1502/1502 1504/1504/1504
f 1520/1520/1520 1519/1519/1519 1502/1502/1502
f 1519/1519/1519 1520/1520/1520 1546/1546/1546
f 2809/2809/2809 2819/2819/2819 2822/2822/2822
f 2838/2838/2838 2837/2837/2837 2793/2793/2793
f 962/962/962 997/997/997 931/931/931
f 930/930/930 997/997/997 962/962/962
f 889/889/889 891/891/891 890/890/890
f 847/847/847 848/848/848 849/849/849
f 3008/3008/3008 3007/3007/3007 2898/2898/2898
f 989/989/989 991/991/991 915/915/915
f 3175/3175/3175 3021/3021/3021 3098/3098/3098
f 3174/3174/3174 3022/3022/3022 3175/3175/3175
f 3178/3178/3178 3058/3058/3058 3177/3177/3177
f 3178/3178/3178 3059/3059/3059 3058/3058/3058
f 3094/3094/3094 2997/2997/2997 3115/3115/3115
f 3093/3093/3093 3160/3160/3160 3065/3065/3065
f 3106/3106/3106 3061/3061/3061 3105/3105/3105
f 97/97/97 119/119/119 101/101/101
f 97/97/97 130/130/130 119/119/119
f 3158/3158/3158 3051/3051/3051 3130/3130/3130
f 3157/3157/3157 3051/3051/3051 3158/3158/3158
f 3157/3157/3157 3092/3092/3092 3051/3051/3051
f 245/245/245 240/240/240 233/233/233
f 4196/4196/4196 4180/4180/4180 4181/4181/4181
f 4302/4302/4302 4316/4316/4316 4307/4307/4307
f 4303/4303/4303 4323/4323/4323 4306/4306/4306
f 1428/1428/1428 1414/1414/1414 1429/1429/1429
f 4929/4929/4929 4930/4930/4930 4931/4931/4931
f 4932/4932/4932 4931/4931/4931 4930/4930/4930
f 3709/3709/3709 3708/3708/3708 3651/3651/3651
f 2539/2539/2539 2519/2519/2519 2532/2532/2532
f 2545/2545/2545 2539/2539/2539 2557/2557/2557
f 3491/3491/3491 3493/3493/3493 3500/3500/3500
f 3537/3537/3537 3493/3493/3493 3515/3515/3515
f 2800/2800/2800 2856/2856/2856 2917/2917/2917
f 3543/3543/3543 3563/3563/3563 3515/3515/3515
f 2763/2763/2763 2832/2832/2832 2800/2800/2800
f 2831/2831/2831 2832/2832/2832 2763/2763/2763
f 1509/1509/1509 1535/1535/1535 1503/1503/1503
f 2759/2759/2759 2773/2773/2773 2751/2751/2751
f 1518/1518/1518 1504/1504/1504 1503/1503/1503
f 2821/2821/2821 2820/2820/2820 2817/2817/2817
f 2822/2822/2822 2820/2820/2820 2821/2821/2821
f 2820/2820/2820 2822/2822/2822 2819/2819/2819
f 1546/1546/1546 1581/1581/1581 1556/1556/1556
f 1581/1581/1581 1582/1582/1582 1556/1556/1556
f 1576/1576/1576 1574/1574/1574 1575/1575/1575
f 1574/1574/1574 1584/1584/1584 1573/1573/1573
f 1580/1580/1580 1573/1573/1573 1585/1585/1585
f 3018/3018/3018 3084/3084/3084 3156/3156/3156
f 931/931/931 929/929/929 962/962/962
f 3018/3018/3018 3156/3156/3156 3001/3001/3001
f 852/852/852 891/891/891 855/855/855
f 851/851/851 852/852/852 848/848/848
f 3007/3007/3007 2959/2959/2959 2898/2898/2898
f 1044/1044/1044 1033/1033/1033 974/974/974
f 1043/1043/1043 1044/1044/1044 974/974/974
f 3022/3022/3022 3021/3021/3021 3175/3175/3175
f 3174/3174/3174 3054/3054/3054 3022/3022/3022
f 3057/3057/3057 3054/3054/3054 3162/3162/3162
f 628/628/628 630/630/630 631/631/631
f 519/519/519 631/631/631 630/630/630
f 519/519/519 469/469/469 631/631/631
f 34/34/34 59/59/59 40/40/40
f 3060/3060/3060 3115/3115/3115 3019/3019/3019
f 100/100/100 97/97/97 101/101/101
f 3081/3081/3081 3061/3061/3061 3106/3106/3106
f 3130/3130/3130 3051/3051/3051 3081/3081/3081
f 97/97/97 136/136/136 130/130/130
f 3239/3239/3239 3218/3218/3218 3092/3092/3092
f 239/239/239 240/240/240 241/241/241
f 4181/4181/4181 4208/4208/4208 4196/4196/4196
f 4209/4209/4209 4208/4208/4208 4181/4181/4181
f 252/252/252 437/437/437 438/438/438
f 1284/1284/1284 479/479/479 438/438/438
f 4308/4308/4308 4317/4317/4317 4209/4209/4209
f 1385/1385/1385 1423/1423/1423 1414/1414/1414
f 1429/1429/1429 1414/1414/1414 1423/1423/1423
f 4934/4934/4934 4935/4935/4935 4936/4936/4936
f 4720/4720/4720 4715/4715/4715 4772/4772/4772
f 4715/4715/4715 4713/4713/4713 4714/4714/4714
f 3520/3520/3520 3499/3499/3499 3498/3498/3498
f 2545/2545/2545 3030/3030/3030 3028/3028/3028
f 2916/2916/2916 3028/3028/3028 3030/3030/3030
f 2800/2800/2800 2832/2832/2832 2856/2856/2856
f 3705/3705/3705 3704/3704/3704 3698/3698/3698
f 2831/2831/2831 2763/2763/2763 2760/2760/2760
f 2761/2761/2761 2760/2760/2760 2762/2762/2762
f 2759/2759/2759 2761/2761/2761 2767/2767/2767
f 2798/2798/2798 2751/2751/2751 2773/2773/2773
f 1521/1521/1521 1520/1520/1520 1504/1504/1504
f 2817/2817/2817 2749/2749/2749 2798/2798/2798
f 1542/1542/1542 1520/1520/1520 1521/1521/1521
f 2809/2809/2809 2794/2794/2794 2819/2819/2819
f 1586/1586/1586 1582/1582/1582 1576/1576/1576
f 1585/1585/1585 1573/1573/1573 1584/1584/1584
f 3001/3001/3001 2974/2974/2974 3018/3018/3018
f 3000/3000/3000 2974/2974/2974 3001/3001/3001
f 891/891/891 889/889/889 855/855/855
f 2994/2994/2994 2898/2898/2898 2965/2965/2965
f 922/922/922 915/915/915 849/849/849
f 2959/2959/2959 2960/2960/2960 2898/2898/2898
f 959/959/959 989/989/989 915/915/915
f 3098/3098/3098 3021/3021/3021 3007/3007/3007
f 716/716/716 1043/1043/1043 974/974/974
f 3054/3054/3054 2967/2967/2967 3022/3022/3022
f 606/606/606 574/574/574 558/558/558
f 431/431/431 468/468/468 469/469/469
f 40/40/40 49/49/49 46/46/46
f 3115/3115/3115 2997/2997/2997 3019/3019/3019
f 59/59/59 39/39/39 518/518/518
f 3093/3093/3093 3065/3065/3065 3064/3064/3064
f 483/483/483 471/471/471 472/472/472
f 3105/3105/3105 3061/3061/3061 3065/3065/3065
f 100/100/100 101/101/101 347/347/347
f 3332/3332/3332 3218/3218/3218 3337/3337/3337
f 3367/3367/3367 3337/3337/3337 3368/3368/3368
f 179/179/179 183/183/183 178/178/178
f 4196/4196/4196 4217/4217/4217 4180/4180/4180
f 241/241/241 242/242/242 239/239/239
f 4208/4208/4208 4311/4311/4311 4196/4196/4196
f 1284/1284/1284 438/438/438 437/437/437
f 1283/1283/1283 1285/1285/1285 1284/1284/1284
f 4307/4307/4307 4318/4318/4318 4308/4308/4308
f 1332/1332/1332 1285/1285/1285 1333/1333/1333
f 1333/1333/1333 1377/1377/1377 1332/1332/1332
f 2238/2238/2238 2234/2234/2234 2239/2239/2239
f 4781/4781/4781 4705/4705/4705 4706/4706/4706
f 3492/3492/3492 3498/3498/3498 3489/3489/3489
f 3492/3492/3492 3491/3491/3491 3500/3500/3500
f 3028/3028/3028 2916/2916/2916 2917/2917/2917
f 1544/1544/1544 1608/1608/1608 1607/1607/1607
f 1544/1544/1544 1607/1607/1607 1531/1531/1531
f 1535/1535/1535 1509/1509/1509 1531/1531/1531
f 1503/1503/1503 1535/1535/1535 1518/1518/1518
f 1504/1504/1504 1518/1518/1518 1533/1533/1533
f 2798/2798/2798 2748/2748/2748 2751/2751/2751
f 1542/1542/1542 1546/1546/1546 1520/1520/1520
f 1542/1542/1542 1583/1583/1583 1546/1546/1546
f 2794/2794/2794 2793/2793/2793 2743/2743/2743
f 2793/2793/2793 2837/2837/2837 2792/2792/2792
f 2874/2874/2874 2837/2837/2837 3084/3084/3084
f 852/852/852 853/853/853 848/848/848
f 849/849/849 848/848/848 853/853/853
f 896/896/896 922/922/922 849/849/849
f 959/959/959 915/915/915 933/933/933
f 3007/3007/3007 2968/2968/2968 2959/2959/2959
f 3021/3021/3021 2968/2968/2968 3007/3007/3007
f 973/973/973 716/716/716 974/974/974
f 984/984/984 716/716/716 973/973/973
f 3054/3054/3054 2983/2983/2983 2967/2967/2967
f 3057/3057/3057 3010/3010/3010 2983/2983/2983
f 3058/3058/3058 3010/3010/3010 3057/3057/3057
f 3058/3058/3058 3012/3012/3012 3011/3011/3011
f 3059/3059/3059 3012/3012/3012 3058/3058/3058
f 3059/3059/3059 3060/3060/3060 2987/2987/2987
f 3060/3060/3060 3019/3019/3019 2987/2987/2987
f 39/39/39 59/59/59 34/34/34
f 3094/3094/3094 2998/2998/2998 2997/2997/2997
f 3093/3093/3093 2998/2998/2998 3094/3094/3094
f 347/347/347 472/472/472 471/471/471
f 347/347/347 471/471/471 151/151/151
f 98/98/98 136/136/136 97/97/97
f 98/98/98 123/123/123 136/136/136
f 138/138/138 169/169/169 136/136/136
f 166/166/166 167/167/167 138/138/138
f 3368/3368/3368 3376/3376/3376 3367/3367/3367
f 3376/3376/3376 3368/3368/3368 3375/3375/3375
f 4180/4180/4180 4217/4217/4217 4179/4179/4179
f 240/240/240 245/245/245 241/241/241
f 252/252/252 239/239/239 242/242/242
f 4209/4209/4209 4314/4314/4314 4208/4208/4208
f 1294/1294/1294 1333/1333/1333 1285/1285/1285
f 4307/4307/4307 4316/4316/4316 4318/4318/4318
f 4350/4350/4350 4360/4360/4360 4323/4323/4323
f 1446/1446/1446 1429/1429/1429 1423/1423/1423
f 4933/4933/4933 4932/4932/4932 4930/4930/4930
f 3555/3555/3555 3523/3523/3523 3536/3536/3536
f 3555/3555/3555 3536/3536/3536 3556/3556/3556
f 2532/2532/2532 2519/2519/2519 2525/2525/2525
f 3522/3522/3522 3523/3523/3523 3520/3520/3520
f 3499/3499/3499 3489/3489/3489 3498/3498/3498
f 3515/3515/3515 3493/3493/3493 3494/3494/3494
f 3561/3561/3561 3585/3585/3585 3543/3543/3543
f 2831/2831/2831 2891/2891/2891 2832/2832/2832
f 3633/3633/3633 3603/3603/3603 3592/3592/3592
f 1608/1608/1608 1544/1544/1544 1609/1609/1609
f 2757/2757/2757 2760/2760/2760 2761/2761/2761
f 1607/1607/1607 1535/1535/1535 1531/1531/1531
f 2759/2759/2759 2757/2757/2757 2761/2761/2761
f 1533/1533/1533 1521/1521/1521 1504/1504/1504
f 2748/2748/2748 2798/2798/2798 2749/2749/2749
f 2820/2820/2820 2749/2749/2749 2817/2817/2817
f 1553/1553/1553 1542/1542/1542 1521/1521/1521
f 1583/1583/1583 1581/1581/1581 1546/1546/1546
f 2743/2743/2743 2793/2793/2793 2792/2792/2792
f 1587/1587/1587 1584/1584/1584 1574/1574/1574
f 2837/2837/2837 2874/2874/2874 2792/2792/2792
f 2874/2874/2874 3084/3084/3084 2858/2858/2858
f 3084/3084/3084 3018/3018/3018 2858/2858/2858
f 962/962/962 929/929/929 930/930/930
f 2965/2965/2965 2974/2974/2974 3000/3000/3000
f 2898/2898/2898 2960/2960/2960 2699/2699/2699
f 2959/2959/2959 2968/2968/2968 2896/2896/2896
f 974/974/974 1033/1033/1033 989/989/989
f 3022/3022/3022 2967/2967/2967 3021/3021/3021
f 557/557/557 593/593/593 594/594/594
f 3057/3057/3057 2983/2983/2983 3054/3054/3054
f 558/558/558 605/605/605 606/606/606
f 3058/3058/3058 3011/3011/3011 3010/3010/3010
f 3059/3059/3059 2987/2987/2987 3012/3012/3012
f 32/32/32 33/33/33 39/39/39
f 3064/3064/3064 2998/2998/2998 3093/3093/3093
f 3065/3065/3065 3002/3002/3002 3064/3064/3064
f 3027/3027/3027 3065/3065/3065 3061/3061/3061
f 151/151/151 94/94/94 347/347/347
f 347/347/347 94/94/94 100/100/100
f 3051/3051/3051 2988/2988/2988 3081/3081/3081
f 123/123/123 138/138/138 136/136/136
f 163/163/163 174/174/174 166/166/166
f 4196/4196/4196 4311/4311/4311 4217/4217/4217
f 249/249/249 437/437/437 252/252/252
f 4209/4209/4209 4317/4317/4317 4314/4314/4314
f 4308/4308/4308 4318/4318/4318 4317/4317/4317
f 1283/1283/1283 1294/1294/1294 1285/1285/1285
f 1377/1377/1377 1386/1386/1386 1385/1385/1385
f 2235/2235/2235 2234/2234/2234 2238/2238/2238
f 4937/4937/4937 4935/4935/4935 4934/4934/4934
f 2539/2539/2539 2545/2545/2545 2517/2517/2517
f 3490/3490/3490 3493/3493/3493 3491/3491/3491
f 3519/3519/3519 3515/3515/3515 3494/3494/3494
f 3543/3543/3543 3515/3515/3515 3519/3519/3519
f 3543/3543/3543 3519/3519/3519 3561/3561/3561
f 3585/3585/3585 3564/3564/3564 3577/3577/3577
f 3582/3582/3582 3592/3592/3592 3603/3603/3603
f 2751/2751/2751 2752/2752/2752 2759/2759/2759
f 1553/1553/1553 1521/1521/1521 1534/1534/1534
f 2820/2820/2820 2745/2745/2745 2749/2749/2749
f 1542/1542/1542 1553/1553/1553 1599/1599/1599
f 2819/2819/2819 2745/2745/2745 2820/2820/2820
f 1583/1583/1583 1542/1542/1542 1599/1599/1599
f 2819/2819/2819 2794/2794/2794 2744/2744/2744
f 2743/2743/2743 2744/2744/2744 2794/2794/2794
f 1582/1582/1582 1591/1591/1591 1576/1576/1576
f 1576/1576/1576 1587/1587/1587 1574/1574/1574
f 2874/2874/2874 2726/2726/2726 2792/2792/2792
f 1601/1601/1601 1585/1585/1585 1584/1584/1584
f 892/892/892 929/929/929 931/931/931
f 929/929/929 890/890/890 930/930/930
f 2898/2898/2898 2700/2700/2700 2965/2965/2965
f 2898/2898/2898 2698/2698/2698 2700/2700/2700
f 2898/2898/2898 2699/2699/2699 2698/2698/2698
f 853/853/853 896/896/896 849/849/849
f 2959/2959/2959 2699/2699/2699 2960/2960/2960
f 922/922/922 933/933/933 915/915/915
f 2959/2959/2959 2694/2694/2694 2699/2699/2699
f 2967/2967/2967 2968/2968/2968 3021/3021/3021
f 556/556/556 558/558/558 557/557/557
f 563/563/563 605/605/605 558/558/558
f 605/605/605 627/627/627 606/606/606
f 627/627/627 628/628/628 606/606/606
f 49/49/49 65/65/65 46/46/46
f 28/28/28 34/34/34 40/40/40
f 17/17/17 34/34/34 28/28/28
f 17/17/17 39/39/39 34/34/34
f 3065/3065/3065 3027/3027/3027 3002/3002/3002
f 94/94/94 97/97/97 100/100/100
f 94/94/94 95/95/95 97/97/97
f 3092/3092/3092 3004/3004/3004 3051/3051/3051
f 138/138/138 163/163/163 166/166/166
f 3218/3218/3218 3217/3217/3217 3092/3092/3092
f 163/163/163 179/179/179 174/174/174
f 4216/4216/4216 4179/4179/4179 4217/4217/4217
f 4311/4311/4311 4208/4208/4208 4314/4314/4314
f 4317/4317/4317 4327/4327/4327 4314/4314/4314
f 1385/1385/1385 1386/1386/1386 1415/1415/1415
f 1423/1423/1423 1385/1385/1385 1415/1415/1415
f 2245/2245/2245 2236/2236/2236 2235/2235/2235
f 4715/4715/4715 4720/4720/4720 4719/4719/4719
f 4715/4715/4715 4719/4719/4719 4713/4713/4713
f 3555/3555/3555 3526/3526/3526 3523/3523/3523
f 3523/3523/3523 3526/3526/3526 3524/3524/3524
f 2519/2519/2519 2518/2518/2518 2525/2525/2525
f 3524/3524/3524 3520/3520/3520 3523/3523/3523
f 2519/2519/2519 2539/2539/2539 2517/2517/2517
f 3499/3499/3499 3520/3520/3520 3525/3525/3525
f 3564/3564/3564 3585/3585/3585 3561/3561/3561
f 3582/3582/3582 3576/3576/3576 3575/3575/3575
f 2757/2757/2757 2758/2758/2758 2760/2760/2760
f 1521/1521/1521 1533/1533/1533 1534/1534/1534
f 2749/2749/2749 2746/2746/2746 2748/2748/2748
f 1583/1583/1583 1593/1593/1593 1581/1581/1581
f 1581/1581/1581 1591/1591/1591 1582/1582/1582
f 1592/1592/1592 1587/1587/1587 1576/1576/1576
f 1587/1587/1587 1602/1602/1602 1584/1584/1584
f 1584/1584/1584 1602/1602/1602 1601/1601/1601
f 2874/2874/2874 2858/2858/2858 2726/2726/2726
f 1611/1611/1611 1585/1585/1585 1601/1601/1601
f 2868/2868/2868 2858/2858/2858 3018/3018/3018
f 2974/2974/2974 2868/2868/2868 3018/3018/3018
f 932/932/932 933/933/933 922/922/922
f 951/951/951 959/959/959 933/933/933
f 2959/2959/2959 2693/2693/2693 2694/2694/2694
f 974/974/974 989/989/989 959/959/959
f 2897/2897/2897 2896/2896/2896 2968/2968/2968
f 2967/2967/2967 2897/2897/2897 2968/2968/2968
f 765/765/765 716/716/716 984/984/984
f 2967/2967/2967 2696/2696/2696 2897/2897/2897
f 716/716/716 691/691/691 561/561/561
f 2983/2983/2983 2969/2969/2969 2967/2967/2967
f 556/556/556 563/563/563 558/558/558
f 629/629/629 630/630/630 628/628/628
f 431/431/431 469/469/469 519/519/519
f 17/17/17 32/32/32 39/39/39
f 3064/3064/3064 3002/3002/3002 2998/2998/2998
f 483/483/483 51/51/51 56/56/56
f 95/95/95 98/98/98 97/97/97
f 3218/3218/3218 3332/3332/3332 3217/3217/3217
f 3332/3332/3332 3337/3337/3337 3367/3367/3367
f 183/183/183 179/179/179 195/195/195
f 195/195/195 182/182/182 183/183/183
f 233/233/233 197/197/197 186/186/186
f 233/233/233 186/186/186 234/234/234
f 249/249/249 252/252/252 242/242/242
f 4560/4560/4560 4561/4561/4561 4680/4680/4680
f 4719/4719/4719 4780/4780/4780 4713/4713/4713
f 3525/3525/3525 3520/3520/3520 3524/3524/3524
f 2517/2517/2517 2545/2545/2545 2540/2540/2540
f 3028/3028/3028 2540/2540/2540 2545/2545/2545
f 3489/3489/3489 3490/3490/3490 3491/3491/3491
f 3489/3489/3489 3491/3491/3491 3492/3492/3492
f 3028/3028/3028 2917/2917/2917 3029/3029/3029
f 2917/2917/2917 2918/2918/2918 3029/3029/3029
f 2856/2856/2856 2918/2918/2918 2917/2917/2917
f 2832/2832/2832 2892/2892/2892 2856/2856/2856
f 2832/2832/2832 2891/2891/2891 2892/2892/2892
f 2826/2826/2826 2831/2831/2831 2760/2760/2760
f 2748/2748/2748 2747/2747/2747 2751/2751/2751
f 2749/2749/2749 2745/2745/2745 2746/2746/2746
f 2745/2745/2745 2819/2819/2819 2744/2744/2744
f 1592/1592/1592 1576/1576/1576 1591/1591/1591
f 892/892/892 890/890/890 929/929/929
f 872/872/872 890/890/890 892/892/892
f 897/897/897 922/922/922 896/896/896
f 951/951/951 933/933/933 932/932/932
f 2959/2959/2959 2896/2896/2896 2693/2693/2693
f 958/958/958 974/974/974 959/959/959
f 691/691/691 716/716/716 765/765/765
f 2969/2969/2969 2696/2696/2696 2967/2967/2967
f 629/629/629 628/628/628 627/627/627
f 40/40/40 46/46/46 28/28/28
f 33/33/33 32/32/32 13/13/13
f 12/12/12 51/51/51 33/33/33
f 92/92/92 95/95/95 94/94/94
f 3061/3061/3061 3081/3081/3081 2988/2988/2988
f 3367/3367/3367 3369/3369/3369 3332/3332/3332
f 4216/4216/4216 4202/4202/4202 4167/4167/4167
f 4167/4167/4167 4179/4179/4179 4216/4216/4216
f 245/245/245 233/233/233 234/234/234
f 4311/4311/4311 4322/4322/4322 4217/4217/4217
f 245/245/245 244/244/244 241/241/241
f 244/244/244 243/243/243 241/241/241
f 242/242/242 241/241/241 243/243/243
f 2198/2198/2198 2186/2186/2186 2199/2199/2199
f 2198/2198/2198 2195/2195/2195 2186/2186/2186
f 2234/2234/2234 2229/2229/2229 2230/2230/2230
f 1377/1377/1377 1333/1333/1333 1370/1370/1370
f 4724/4724/4724 4720/4720/4720 4781/4781/4781
f 4562/4562/4562 4560/4560/4560 4680/4680/4680
f 4562/4562/4562 4680/4680/4680 4577/4577/4577
f 2517/2517/2517 2518/2518/2518 2519/2519/2519
f 3493/3493/3493 3490/3490/3490 3494/3494/3494
f 2831/2831/2831 2886/2886/2886 2891/2891/2891
f 3567/3567/3567 3570/3570/3570 3576/3576/3576
f 3576/3576/3576 3577/3577/3577 3567/3567/3567
f 3575/3575/3575 3576/3576/3576 3570/3570/3570
f 2758/2758/2758 2826/2826/2826 2760/2760/2760
f 2759/2759/2759 2756/2756/2756 2757/2757/2757
f 1605/1605/1605 1607/1607/1607 1627/1627/1627
f 1605/1605/1605 1535/1535/1535 1607/1607/1607
f 1533/1533/1533 1518/1518/1518 1535/1535/1535
f 2748/2748/2748 2746/2746/2746 2747/2747/2747
f 1604/1604/1604 1553/1553/1553 1534/1534/1534
f 2792/2792/2792 2726/2726/2726 2743/2743/2743
f 2868/2868/2868 2813/2813/2813 2858/2858/2858
f 2699/2699/2699 2685/2685/2685 2698/2698/2698
f 2694/2694/2694 2686/2686/2686 2699/2699/2699
f 2684/2684/2684 2699/2699/2699 2686/2686/2686
f 2897/2897/2897 2695/2695/2695 2896/2896/2896
f 2897/2897/2897 2696/2696/2696 2695/2695/2695
f 691/691/691 593/593/593 561/561/561
f 2983/2983/2983 3010/3010/3010 2975/2975/2975
f 519/519/519 630/630/630 629/629/629
f 3010/3010/3010 2976/2976/2976 2975/2975/2975
f 3011/3011/3011 2976/2976/2976 3010/3010/3010
f 3012/3012/3012 2977/2977/2977 3011/3011/3011
f 3012/3012/3012 2978/2978/2978 2977/2977/2977
f 2997/2997/2997 2964/2964/2964 3019/3019/3019
f 2998/2998/2998 2706/2706/2706 2997/2997/2997
f 56/56/56 471/471/471 483/483/483
f 2988/2988/2988 2979/2979/2979 3061/3061/3061
f 2988/2988/2988 3051/3051/3051 3004/3004/3004
f 3092/3092/3092 3086/3086/3086 3004/3004/3004
f 3217/3217/3217 3109/3109/3109 3092/3092/3092
f 3375/3375/3375 3377/3377/3377 3376/3376/3376
f 187/187/187 186/186/186 182/182/182
f 244/244/244 245/245/245 234/234/234
f 508/508/508 1284/1284/1284 437/437/437
f 508/508/508 1283/1283/1283 1284/1284/1284
f 2229/2229/2229 2201/2201/2201 2230/2230/2230
f 2234/2234/2234 2231/2231/2231 2229/2229/2229
f 3497/3497/3497 3490/3490/3490 3489/3489/3489
f 2891/2891/2891 2889/2889/2889 2892/2892/2892
f 3564/3564/3564 3561/3561/3561 3547/3547/3547
f 3577/3577/3577 3564/3564/3564 3567/3567/3567
f 3582/3582/3582 3575/3575/3575 3592/3592/3592
f 3624/3624/3624 3633/3633/3633 3592/3592/3592
f 1640/1640/1640 1607/1607/1607 1608/1608/1608
f 1605/1605/1605 1533/1533/1533 1535/1535/1535
f 2752/2752/2752 2751/2751/2751 2736/2736/2736
f 2747/2747/2747 2736/2736/2736 2751/2751/2751
f 1604/1604/1604 1534/1534/1534 1533/1533/1533
f 1583/1583/1583 1599/1599/1599 1603/1603/1603
f 1593/1593/1593 1583/1583/1583 1603/1603/1603
f 2743/2743/2743 2725/2725/2725 2744/2744/2744
f 2743/2743/2743 2721/2721/2721 2725/2725/2725
f 1600/1600/1600 1592/1592/1592 1591/1591/1591
f 2743/2743/2743 2726/2726/2726 2721/2721/2721
f 2868/2868/2868 2974/2974/2974 2700/2700/2700
f 2965/2965/2965 2700/2700/2700 2974/2974/2974
f 855/855/855 854/854/854 852/852/852
f 896/896/896 853/853/853 875/875/875
f 897/897/897 896/896/896 875/875/875
f 897/897/897 932/932/932 922/922/922
f 2693/2693/2693 2681/2681/2681 2694/2694/2694
f 2896/2896/2896 2695/2695/2695 2693/2693/2693
f 974/974/974 958/958/958 966/966/966
f 966/966/966 973/973/973 974/974/974
f 973/973/973 969/969/969 984/984/984
f 2969/2969/2969 2703/2703/2703 2696/2696/2696
f 2983/2983/2983 2703/2703/2703 2969/2969/2969
f 584/584/584 627/627/627 605/605/605
f 629/629/629 627/627/627 601/601/601
f 519/519/519 629/629/629 520/520/520
f 520/520/520 431/431/431 519/519/519
f 28/28/28 46/46/46 27/27/27
f 2987/2987/2987 2978/2978/2978 3012/3012/3012
f 27/27/27 17/17/17 28/28/28
f 27/27/27 26/26/26 17/17/17
f 3019/3019/3019 2964/2964/2964 2987/2987/2987
f 2997/2997/2997 2706/2706/2706 2964/2964/2964
f 32/32/32 17/17/17 13/13/13
f 2998/2998/2998 2900/2900/2900 2706/2706/2706
f 13/13/13 12/12/12 33/33/33
f 3061/3061/3061 2979/2979/2979 3027/3027/3027
f 123/123/123 98/98/98 99/99/99
f 3092/3092/3092 3109/3109/3109 3086/3086/3086
f 222/222/222 179/179/179 163/163/163
f 179/179/179 222/222/222 218/218/218
f 194/194/194 195/195/195 179/179/179
f 195/195/195 187/187/187 182/182/182
f 234/234/234 186/186/186 226/226/226
f 4217/4217/4217 4322/4322/4322 4321/4321/4321
f 1370/1370/1370 1386/1386/1386 1377/1377/1377
f 2235/2235/2235 2231/2231/2231 2234/2234/2234
f 1446/1446/1446 1423/1423/1423 1444/1444/1444
f 2521/2521/2521 2531/2531/2531 2533/2533/2533
f 2521/2521/2521 2533/2533/2533 2518/2518/2518
f 3524/3524/3524 3526/3526/3526 3527/3527/3527
f 2520/2520/2520 2518/2518/2518 2517/2517/2517
f 2520/2520/2520 2517/2517/2517 2540/2540/2540
f 3028/3028/3028 3029/3029/3029 2540/2540/2540
f 3494/3494/3494 3490/3490/3490 3495/3495/3495
f 3495/3495/3495 3503/3503/3503 3494/3494/3494
f 3519/3519/3519 3494/3494/3494 3503/3503/3503
f 2856/2856/2856 2893/2893/2893 2918/2918/2918
f 2856/2856/2856 2892/2892/2892 2893/2893/2893
f 3547/3547/3547 3561/3561/3561 3519/3519/3519
f 3566/3566/3566 3564/3564/3564 3547/3547/3547
f 2886/2886/2886 2889/2889/2889 2891/2891/2891
f 3567/3567/3567 3564/3564/3564 3566/3566/3566
f 2886/2886/2886 2831/2831/2831 2825/2825/2825
f 3592/3592/3592 3575/3575/3575 3574/3574/3574
f 1640/1640/1640 1627/1627/1627 1607/1607/1607
f 2752/2752/2752 2756/2756/2756 2759/2759/2759
f 1606/1606/1606 1604/1604/1604 1533/1533/1533
f 1612/1612/1612 1604/1604/1604 1606/1606/1606
f 1612/1612/1612 1553/1553/1553 1604/1604/1604
f 1599/1599/1599 1619/1619/1619 1603/1603/1603
f 2745/2745/2745 2744/2744/2744 2735/2735/2735
f 1581/1581/1581 1593/1593/1593 1591/1591/1591
f 1591/1591/1591 1593/1593/1593 1600/1600/1600
f 2868/2868/2868 2700/2700/2700 2673/2673/2673
f 889/889/889 890/890/890 856/856/856
f 889/889/889 856/856/856 855/855/855
f 2698/2698/2698 2672/2672/2672 2700/2700/2700
f 2685/2685/2685 2672/2672/2672 2698/2698/2698
f 853/853/853 852/852/852 854/854/854
f 875/875/875 853/853/853 859/859/859
f 2684/2684/2684 2685/2685/2685 2699/2699/2699
f 908/908/908 932/932/932 897/897/897
f 2686/2686/2686 2681/2681/2681 2684/2684/2684
f 928/928/928 951/951/951 932/932/932
f 2681/2681/2681 2686/2686/2686 2694/2694/2694
f 969/969/969 973/973/973 966/966/966
f 2696/2696/2696 2692/2692/2692 2695/2695/2695
f 765/765/765 984/984/984 969/969/969
f 594/594/594 593/593/593 691/691/691
f 2983/2983/2983 2975/2975/2975 2703/2703/2703
f 2975/2975/2975 2702/2702/2702 2703/2703/2703
f 605/605/605 563/563/563 584/584/584
f 3011/3011/3011 2977/2977/2977 2976/2976/2976
f 3002/3002/3002 2900/2900/2900 2998/2998/2998
f 56/56/56 51/51/51 12/12/12
f 2979/2979/2979 3002/3002/3002 3027/3027/3027
f 98/98/98 95/95/95 99/99/99
f 163/163/163 138/138/138 162/162/162
f 162/162/162 222/222/222 163/163/163
f 3217/3217/3217 3332/3332/3332 3109/3109/3109
f 3109/3109/3109 3332/3332/3332 3333/3333/3333
f 3369/3369/3369 3333/3333/3333 3332/3332/3332
f 179/179/179 218/218/218 194/194/194
f 3377/3377/3377 3378/3378/3378 3376/3376/3376
f 2201/2201/2201 2183/2183/2183 2195/2195/2195
f 2201/2201/2201 2229/2229/2229 2183/2183/2183
f 1333/1333/1333 1294/1294/1294 1370/1370/1370
f 2231/2231/2231 2188/2188/2188 2229/2229/2229
f 1423/1423/1423 1415/1415/1415 1416/1416/1416
f 2236/2236/2236 2231/2231/2231 2235/2235/2235
f 4806/4806/4806 4561/4561/4561 4666/4666/4666
f 4721/4721/4721 4780/4780/4780 4719/4719/4719
f 4561/4561/4561 4560/4560/4560 4559/4559/4559
f 2551/2551/2551 3029/3029/3029 2918/2918/2918
f 3503/3503/3503 3547/3547/3547 3519/3519/3519
f 2831/2831/2831 2826/2826/2826 2825/2825/2825
f 2758/2758/2758 2754/2754/2754 2826/2826/2826
f 2757/2757/2757 2754/2754/2754 2758/2758/2758
f 2757/2757/2757 2756/2756/2756 2754/2754/2754
f 1636/1636/1636 1605/1605/1605 1627/1627/1627
f 1606/1606/1606 1533/1533/1533 1605/1605/1605
f 2745/2745/2745 2735/2735/2735 2746/2746/2746
f 1612/1612/1612 1599/1599/1599 1553/1553/1553
f 2725/2725/2725 2735/2735/2735 2744/2744/2744
f 1600/1600/1600 1625/1625/1625 1592/1592/1592
f 1592/1592/1592 1625/1625/1625 1587/1587/1587
f 2726/2726/2726 2813/2813/2813 2720/2720/2720
f 2858/2858/2858 2813/2813/2813 2726/2726/2726
f 872/872/872 856/856/856 890/890/890
f 854/854/854 855/855/855 856/856/856
f 853/853/853 854/854/854 859/859/859
f 932/932/932 908/908/908 928/928/928
f 951/951/951 958/958/958 959/959/959
f 953/953/953 958/958/958 951/951/951
f 2681/2681/2681 2693/2693/2693 2683/2683/2683
f 2695/2695/2695 2683/2683/2683 2693/2693/2693
f 953/953/953 966/966/966 958/958/958
f 2697/2697/2697 2692/2692/2692 2696/2696/2696
f 538/538/538 557/557/557 594/594/594
f 2702/2702/2702 2689/2689/2689 2703/2703/2703
f 590/590/590 627/627/627 584/584/584
f 2702/2702/2702 2975/2975/2975 2976/2976/2976
f 46/46/46 65/65/65 431/431/431
f 2977/2977/2977 2701/2701/2701 2976/2976/2976
f 27/27/27 46/46/46 38/38/38
f 2987/2987/2987 2705/2705/2705 2978/2978/2978
f 2987/2987/2987 2964/2964/2964 2707/2707/2707
f 26/26/26 16/16/16 17/17/17
f 13/13/13 17/17/17 16/16/16
f 3002/3002/3002 2979/2979/2979 2900/2900/2900
f 62/62/62 150/150/150 471/471/471
f 62/62/62 471/471/471 56/56/56
f 151/151/151 471/471/471 150/150/150
f 2988/2988/2988 2691/2691/2691 2979/2979/2979
f 3004/3004/3004 3086/3086/3086 3014/3014/3014
f 3109/3109/3109 3014/3014/3014 3086/3086/3086
f 3367/3367/3367 3376/3376/3376 3369/3369/3369
f 3376/3376/3376 3378/3378/3378 3369/3369/3369
f 2233/2233/2233 2232/2232/2232 2173/2173/2173
f 4216/4216/4216 4217/4217/4217 4218/4218/4218
f 4321/4321/4321 4218/4218/4218 4217/4217/4217
f 188/188/188 186/186/186 187/187/187
f 243/243/243 244/244/244 285/285/285
f 2186/2186/2186 2170/2170/2170 2172/2172/2172
f 255/255/255 437/437/437 249/249/249
f 2195/2195/2195 2169/2169/2169 2186/2186/2186
f 2167/2167/2167 2169/2169/2169 2195/2195/2195
f 2183/2183/2183 2167/2167/2167 2195/2195/2195
f 1380/1380/1380 1386/1386/1386 1370/1370/1370
f 1423/1423/1423 1416/1416/1416 1444/1444/1444
f 4720/4720/4720 4721/4721/4721 4719/4719/4719
f 2520/2520/2520 2521/2521/2521 2518/2518/2518
f 3029/3029/3029 2551/2551/2551 2540/2540/2540
f 3525/3525/3525 3517/3517/3517 3499/3499/3499
f 3624/3624/3624 3592/3592/3592 3574/3574/3574
f 2752/2752/2752 2754/2754/2754 2756/2756/2756
f 2752/2752/2752 2753/2753/2753 2754/2754/2754
f 1620/1620/1620 1605/1605/1605 1636/1636/1636
f 2746/2746/2746 2736/2736/2736 2747/2747/2747
f 2735/2735/2735 2736/2736/2736 2746/2746/2746
f 1599/1599/1599 1612/1612/1612 1619/1619/1619
f 1600/1600/1600 1593/1593/1593 1616/1616/1616
f 2726/2726/2726 2720/2720/2720 2721/2721/2721
f 1601/1601/1601 1602/1602/1602 1615/1615/1615
f 876/876/876 872/872/872 892/892/892
f 2868/2868/2868 2673/2673/2673 2813/2813/2813
f 886/886/886 908/908/908 897/897/897
f 910/910/910 928/928/928 908/908/908
f 2682/2682/2682 2683/2683/2683 2695/2695/2695
f 761/761/761 691/691/691 765/765/765
f 2689/2689/2689 2688/2688/2688 2696/2696/2696
f 2703/2703/2703 2689/2689/2689 2696/2696/2696
f 601/601/601 627/627/627 590/590/590
f 2976/2976/2976 2701/2701/2701 2702/2702/2702
f 2706/2706/2706 2707/2707/2707 2964/2964/2964
f 151/151/151 150/150/150 94/94/94
f 95/95/95 92/92/92 96/96/96
f 3004/3004/3004 2881/2881/2881 2988/2988/2988
f 99/99/99 95/95/95 96/96/96
f 2232/2232/2232 2171/2171/2171 2173/2173/2173
f 291/291/291 244/244/244 234/234/234
f 2186/2186/2186 2169/2169/2169 2170/2170/2170
f 247/247/247 249/249/249 242/242/242
f 508/508/508 437/437/437 255/255/255
f 2229/2229/2229 2182/2182/2182 2183/2183/2183
f 1294/1294/1294 1319/1319/1319 1370/1370/1370
f 2188/2188/2188 2185/2185/2185 2229/2229/2229
f 1416/1416/1416 1415/1415/1415 1386/1386/1386
f 4557/4557/4557 4666/4666/4666 4561/4561/4561
f 4561/4561/4561 4559/4559/4559 4557/4557/4557
f 2521/2521/2521 2524/2524/2524 2531/2531/2531
f 2540/2540/2540 2528/2528/2528 2520/2520/2520
f 3499/3499/3499 3506/3506/3506 3489/3489/3489
f 3506/3506/3506 3497/3497/3497 3489/3489/3489
f 3503/3503/3503 3533/3533/3533 3547/3547/3547
f 2886/2886/2886 2825/2825/2825 2888/2888/2888
f 3616/3616/3616 3624/3624/3624 3574/3574/3574
f 2754/2754/2754 2825/2825/2825 2826/2826/2826
f 3630/3630/3630 3634/3634/3634 3624/3624/3624
f 3630/3630/3630 3636/3636/3636 3634/3634/3634
f 1606/1606/1606 1605/1605/1605 1620/1620/1620
f 1617/1617/1617 1612/1612/1612 1606/1606/1606
f 1617/1617/1617 1618/1618/1618 1612/1612/1612
f 1625/1625/1625 1614/1614/1614 1587/1587/1587
f 1587/1587/1587 1614/1614/1614 1602/1602/1602
f 2813/2813/2813 2738/2738/2738 2720/2720/2720
f 876/876/876 917/917/917 926/926/926
f 876/876/876 892/892/892 917/917/917
f 897/897/897 875/875/875 886/886/886
f 967/967/967 969/969/969 966/966/966
f 2692/2692/2692 2682/2682/2682 2695/2695/2695
f 556/556/556 557/557/557 538/538/538
f 563/563/563 556/556/556 584/584/584
f 629/629/629 626/626/626 520/520/520
f 489/489/489 431/431/431 520/520/520
f 46/46/46 431/431/431 381/381/381
f 2701/2701/2701 2977/2977/2977 2704/2704/2704
f 46/46/46 381/381/381 38/38/38
f 2978/2978/2978 2704/2704/2704 2977/2977/2977
f 2978/2978/2978 2705/2705/2705 2704/2704/2704
f 24/24/24 26/26/26 27/27/27
f 11/11/11 13/13/13 16/16/16
f 2900/2900/2900 2678/2678/2678 2706/2706/2706
f 2691/2691/2691 2678/2678/2678 2900/2900/2900
f 2979/2979/2979 2691/2691/2691 2900/2900/2900
f 2881/2881/2881 2691/2691/2691 2988/2988/2988
f 99/99/99 138/138/138 123/123/123
f 104/104/104 138/138/138 99/99/99
f 3109/3109/3109 3108/3108/3108 3014/3014/3014
f 104/104/104 162/162/162 138/138/138
f 2172/2172/2172 2170/2170/2170 2171/2171/2171
f 291/291/291 285/285/285 244/244/244
f 255/255/255 249/249/249 247/247/247
f 2184/2184/2184 2182/2182/2182 2229/2229/2229
f 1319/1319/1319 1380/1380/1380 1370/1370/1370
f 1416/1416/1416 1386/1386/1386 1387/1387/1387
f 4723/4723/4723 4720/4720/4720 4724/4724/4724
f 4557/4557/4557 4564/4564/4564 4666/4666/4666
f 3524/3524/3524 3527/3527/3527 3528/3528/3528
f 2551/2551/2551 2528/2528/2528 2540/2540/2540
f 3529/3529/3529 3517/3517/3517 3525/3525/3525
f 2918/2918/2918 2992/2992/2992 2551/2551/2551
f 3496/3496/3496 3495/3495/3495 3490/3490/3490
f 3496/3496/3496 3490/3490/3490 3497/3497/3497
f 3506/3506/3506 3496/3496/3496 3497/3497/3497
f 3503/3503/3503 3495/3495/3495 3504/3504/3504
f 2992/2992/2992 2918/2918/2918 2893/2893/2893
f 3547/3547/3547 3533/3533/3533 3568/3568/3568
f 3566/3566/3566 3547/3547/3547 3568/3568/3568
f 3567/3567/3567 3566/3566/3566 3569/3569/3569
f 2887/2887/2887 2886/2886/2886 2888/2888/2888
f 3575/3575/3575 3570/3570/3570 3574/3574/3574
f 2754/2754/2754 2824/2824/2824 2825/2825/2825
f 2736/2736/2736 2753/2753/2753 2752/2752/2752
f 1612/1612/1612 1626/1626/1626 1619/1619/1619
f 2725/2725/2725 2722/2722/2722 2735/2735/2735
f 1616/1616/1616 1593/1593/1593 1603/1603/1603
f 2721/2721/2721 2722/2722/2722 2725/2725/2725
f 1616/1616/1616 1625/1625/1625 1600/1600/1600
f 2720/2720/2720 2717/2717/2717 2721/2721/2721
f 1614/1614/1614 1615/1615/1615 1602/1602/1602
f 2813/2813/2813 2823/2823/2823 2738/2738/2738
f 2813/2813/2813 2673/2673/2673 2823/2823/2823
f 2672/2672/2672 2673/2673/2673 2700/2700/2700
f 886/886/886 875/875/875 866/866/866
f 938/938/938 928/928/928 910/910/910
f 951/951/951 928/928/928 938/938/938
f 952/952/952 953/953/953 951/951/951
f 967/967/967 972/972/972 969/969/969
f 2697/2697/2697 2696/2696/2696 2671/2671/2671
f 2688/2688/2688 2671/2671/2671 2696/2696/2696
f 556/556/556 550/550/550 584/584/584
f 601/601/601 626/626/626 629/629/629
f 2701/2701/2701 2690/2690/2690 2702/2702/2702
f 27/27/27 38/38/38 36/36/36
f 24/24/24 27/27/27 25/25/25
f 11/11/11 12/12/12 13/13/13
f 10/10/10 12/12/12 11/11/11
f 96/96/96 92/92/92 93/93/93
f 3109/3109/3109 3333/3333/3333 3334/3334/3334
f 2197/2197/2197 2233/2233/2233 2173/2173/2173
f 187/187/187 195/195/195 194/194/194
f 226/226/226 186/186/186 188/188/188
f 234/234/234 226/226/226 282/282/282
f 285/285/285 246/246/246 243/243/243
f 242/242/242 243/243/243 246/246/246
f 1319/1319/1319 1294/1294/1294 1283/1283/1283
f 2185/2185/2185 2184/2184/2184 2229/2229/2229
f 2228/2228/2228 2231/2231/2231 2236/2236/2236
f 3542/3542/3542 3528/3528/3528 3527/3527/3527
f 3524/3524/3524 3529/3529/3529 3525/3525/3525
f 2992/2992/2992 2893/2893/2893 2993/2993/2993
f 2889/2889/2889 2893/2893/2893 2892/2892/2892
f 3569/3569/3569 3566/3566/3566 3568/3568/3568
f 3569/3569/3569 3570/3570/3570 3567/3567/3567
f 3583/3583/3583 3616/3616/3616 3574/3574/3574
f 2754/2754/2754 2755/2755/2755 2824/2824/2824
f 1606/1606/1606 1620/1620/1620 1617/1617/1617
f 2735/2735/2735 2722/2722/2722 2736/2736/2736
f 2721/2721/2721 2717/2717/2717 2722/2722/2722
f 1616/1616/1616 1643/1643/1643 1625/1625/1625
f 2720/2720/2720 2719/2719/2719 2717/2717/2717
f 2738/2738/2738 2719/2719/2719 2720/2720/2720
f 876/876/876 926/926/926 879/879/879
f 869/869/869 872/872/872 876/876/876
f 856/856/856 872/872/872 864/864/864
f 858/858/858 875/875/875 859/859/859
f 858/858/858 866/866/866 875/875/875
f 765/765/765 969/969/969 972/972/972
f 2697/2697/2697 2671/2671/2671 2692/2692/2692
f 584/584/584 550/550/550 590/590/590
f 2702/2702/2702 2690/2690/2690 2689/2689/2689
f 25/25/25 27/27/27 36/36/36
f 2707/2707/2707 2705/2705/2705 2987/2987/2987
f 26/26/26 24/24/24 18/18/18
f 2674/2674/2674 2707/2707/2707 2656/2656/2656
f 2656/2656/2656 2707/2707/2707 2706/2706/2706
f 2678/2678/2678 2656/2656/2656 2706/2706/2706
f 56/56/56 12/12/12 10/10/10
f 2691/2691/2691 2679/2679/2679 2678/2678/2678
f 91/91/91 94/94/94 150/150/150
f 91/91/91 92/92/92 94/94/94
f 2881/2881/2881 3004/3004/3004 2913/2913/2913
f 3014/3014/3014 2913/2913/2913 3004/3004/3004
f 3334/3334/3334 3333/3333/3333 3371/3371/3371
f 3369/3369/3369 3371/3371/3371 3333/3333/3333
f 3378/3378/3378 3379/3379/3379 3369/3369/3369
f 3380/3380/3380 3379/3379/3379 3378/3378/3378
f 217/217/217 194/194/194 218/218/218
f 282/282/282 291/291/291 234/234/234
f 2169/2169/2169 2168/2168/2168 2170/2170/2170
f 284/284/284 285/285/285 291/291/291
f 1387/1387/1387 1386/1386/1386 1380/1380/1380
f 4723/4723/4723 4722/4722/4722 4720/4720/4720
f 4722/4722/4722 4721/4721/4721 4720/4720/4720
f 3524/3524/3524 3528/3528/3528 3530/3530/3530
f 3517/3517/3517 3508/3508/3508 3499/3499/3499
f 3499/3499/3499 3508/3508/3508 3506/3506/3506
f 3505/3505/3505 3504/3504/3504 3495/3495/3495
f 3496/3496/3496 3507/3507/3507 3495/3495/3495
f 2893/2893/2893 2894/2894/2894 2993/2993/2993
f 2845/2845/2845 2888/2888/2888 2825/2825/2825
f 3574/3574/3574 3570/3570/3570 3572/3572/3572
f 3624/3624/3624 3616/3616/3616 3630/3630/3630
f 2754/2754/2754 2734/2734/2734 2755/2755/2755
f 2453/2453/2453 2375/2375/2375 2475/2475/2475
f 2753/2753/2753 2734/2734/2734 2754/2754/2754
f 2736/2736/2736 2734/2734/2734 2753/2753/2753
f 1617/1617/1617 1620/1620/1620 1637/1637/1637
f 2736/2736/2736 2722/2722/2722 2734/2734/2734
f 2393/2393/2393 2458/2458/2458 2457/2457/2457
f 1639/1639/1639 1616/1616/1616 1603/1603/1603
f 1643/1643/1643 1614/1614/1614 1625/1625/1625
f 2738/2738/2738 2737/2737/2737 2719/2719/2719
f 876/876/876 879/879/879 869/869/869
f 869/869/869 864/864/864 872/872/872
f 2685/2685/2685 2632/2632/2632 2672/2672/2672
f 858/858/858 859/859/859 854/854/854
f 883/883/883 886/886/886 866/866/866
f 908/908/908 886/886/886 883/883/883
f 2684/2684/2684 2681/2681/2681 2632/2632/2632
f 966/966/966 953/953/953 952/952/952
f 2692/2692/2692 2671/2671/2671 2682/2682/2682
f 594/594/594 691/691/691 761/761/761
f 2689/2689/2689 2690/2690/2690 2677/2677/2677
f 590/590/590 600/600/600 601/601/601
f 2701/2701/2701 2687/2687/2687 2690/2690/2690
f 2705/2705/2705 2676/2676/2676 2704/2704/2704
f 18/18/18 16/16/16 26/26/26
f 413/413/413 150/150/150 62/62/62
f 3109/3109/3109 3230/3230/3230 3108/3108/3108
f 3379/3379/3379 3371/3371/3371 3369/3369/3369
f 194/194/194 189/189/189 187/187/187
f 2170/2170/2170 2168/2168/2168 2171/2171/2171
f 284/284/284 246/246/246 285/285/285
f 242/242/242 246/246/246 247/247/247
f 1319/1319/1319 1360/1360/1360 1380/1380/1380
f 2231/2231/2231 2174/2174/2174 2188/2188/2188
f 1431/1431/1431 1416/1416/1416 1387/1387/1387
f 1416/1416/1416 1431/1431/1431 1442/1442/1442
f 1444/1444/1444 1416/1416/1416 1442/1442/1442
f 4556/4556/4556 4557/4557/4557 4559/4559/4559
f 4721/4721/4721 4726/4726/4726 4780/4780/4780
f 2992/2992/2992 2993/2993/2993 2550/2550/2550
f 3507/3507/3507 3505/3505/3505 3495/3495/3495
f 3506/3506/3506 3507/3507/3507 3496/3496/3496
f 3533/3533/3533 3503/3503/3503 3504/3504/3504
f 3590/3590/3590 3568/3568/3568 3533/3533/3533
f 2889/2889/2889 2890/2890/2890 2893/2893/2893
f 2886/2886/2886 2887/2887/2887 2889/2889/2889
f 3583/3583/3583 3574/3574/3574 3572/3572/3572
f 2824/2824/2824 2845/2845/2845 2825/2825/2825
f 2376/2376/2376 2375/2375/2375 2453/2453/2453
f 2379/2379/2379 2475/2475/2475 2375/2375/2375
f 2722/2722/2722 2733/2733/2733 2734/2734/2734
f 2378/2378/2378 2393/2393/2393 2457/2457/2457
f 2393/2393/2393 2473/2473/2473 2458/2458/2458
f 1603/1603/1603 1619/1619/1619 1638/1638/1638
f 1638/1638/1638 1639/1639/1639 1603/1603/1603
f 2722/2722/2722 2717/2717/2717 2723/2723/2723
f 927/927/927 926/926/926 1069/1069/1069
f 857/857/857 858/858/858 854/854/854
f 2688/2688/2688 2670/2670/2670 2671/2671/2671
f 2689/2689/2689 2670/2670/2670 2688/2688/2688
f 550/550/550 556/556/556 538/538/538
f 589/589/589 600/600/600 590/590/590
f 601/601/601 600/600/600 626/626/626
f 2690/2690/2690 2687/2687/2687 2669/2669/2669
f 489/489/489 381/381/381 431/431/431
f 2704/2704/2704 2676/2676/2676 2701/2701/2701
f 36/36/36 38/38/38 381/381/381
f 10/10/10 62/62/62 56/56/56
f 2679/2679/2679 2654/2654/2654 2678/2678/2678
f 90/90/90 92/92/92 91/91/91
f 222/222/222 162/162/162 164/164/164
f 217/217/217 218/218/218 222/222/222
f 189/189/189 188/188/188 187/187/187
f 282/282/282 284/284/284 291/291/291
f 2169/2169/2169 2166/2166/2166 2168/2168/2168
f 2167/2167/2167 2166/2166/2166 2169/2169/2169
f 1282/1282/1282 1283/1283/1283 508/508/508
f 1319/1319/1319 1283/1283/1283 1289/1289/1289
f 2174/2174/2174 2231/2231/2231 2228/2228/2228
f 1441/1441/1441 1444/1444/1444 1442/1442/1442
f 4722/4722/4722 4725/4725/4725 4721/4721/4721
f 4556/4556/4556 4559/4559/4559 4560/4560/4560
f 4725/4725/4725 4726/4726/4726 4721/4721/4721
f 3530/3530/3530 3529/3529/3529 3524/3524/3524
f 2551/2551/2551 2535/2535/2535 2528/2528/2528
f 2992/2992/2992 2550/2550/2550 2551/2551/2551
f 2893/2893/2893 2890/2890/2890 2894/2894/2894
f 2889/2889/2889 2887/2887/2887 2890/2890/2890
f 2379/2379/2379 2479/2479/2479 2475/2475/2475
f 2379/2379/2379 2450/2450/2450 2479/2479/2479
f 2377/2377/2377 2450/2450/2450 2379/2379/2379
f 2377/2377/2377 2457/2457/2457 2450/2450/2450
f 2733/2733/2733 2730/2730/2730 2734/2734/2734
f 2722/2722/2722 2724/2724/2724 2733/2733/2733
f 1643/1643/1643 1616/1616/1616 1639/1639/1639
f 2719/2719/2719 2713/2713/2713 2717/2717/2717
f 2719/2719/2719 2737/2737/2737 2713/2713/2713
f 2738/2738/2738 2823/2823/2823 2737/2737/2737
f 857/857/857 856/856/856 864/864/864
f 2672/2672/2672 2626/2626/2626 2673/2673/2673
f 854/854/854 856/856/856 857/857/857
f 2684/2684/2684 2632/2632/2632 2685/2685/2685
f 910/910/910 908/908/908 883/883/883
f 2683/2683/2683 2680/2680/2680 2681/2681/2681
f 965/965/965 967/967/967 966/966/966
f 520/520/520 626/626/626 625/625/625
f 2707/2707/2707 2675/2675/2675 2705/2705/2705
f 2707/2707/2707 2674/2674/2674 2675/2675/2675
f 9/9/9 10/10/10 11/11/11
f 2678/2678/2678 2654/2654/2654 2655/2655/2655
f 2691/2691/2691 2661/2661/2661 2679/2679/2679
f 2881/2881/2881 2661/2661/2661 2691/2691/2691
f 164/164/164 162/162/162 104/104/104
f 3109/3109/3109 3334/3334/3334 3230/3230/3230
f 194/194/194 217/217/217 191/191/191
f 2173/2173/2173 2171/2171/2171 2168/2168/2168
f 2166/2166/2166 2167/2167/2167 2159/2159/2159
f 2183/2183/2183 2159/2159/2159 2167/2167/2167
f 2182/2182/2182 2162/2162/2162 2183/2183/2183
f 1282/1282/1282 1289/1289/1289 1283/1283/1283
f 2182/2182/2182 2184/2184/2184 2163/2163/2163
f 2185/2185/2185 2164/2164/2164 2184/2184/2184
f 3548/3548/3548 3528/3528/3528 3542/3542/3542
f 2523/2523/2523 2524/2524/2524 2521/2521/2521
f 2522/2522/2522 2523/2523/2523 2521/2521/2521
f 2522/2522/2522 2521/2521/2521 2520/2520/2520
f 2520/2520/2520 2528/2528/2528 2522/2522/2522
f 3540/3540/3540 3517/3517/3517 3529/3529/3529
f 3532/3532/3532 3533/3533/3533 3504/3504/3504
f 2824/2824/2824 2852/2852/2852 2845/2845/2845
f 2755/2755/2755 2852/2852/2852 2824/2824/2824
f 2377/2377/2377 2378/2378/2378 2457/2457/2457
f 2473/2473/2473 2393/2393/2393 2394/2394/2394
f 2394/2394/2394 2446/2446/2446 2473/2473/2473
f 2463/2463/2463 2446/2446/2446 2392/2392/2392
f 2722/2722/2722 2718/2718/2718 2724/2724/2724
f 2723/2723/2723 2718/2718/2718 2722/2722/2722
f 2459/2459/2459 2472/2472/2472 2449/2449/2449
f 879/879/879 926/926/926 927/927/927
f 2632/2632/2632 2626/2626/2626 2672/2672/2672
f 860/860/860 858/858/858 857/857/857
f 865/865/865 866/866/866 858/858/858
f 2680/2680/2680 2632/2632/2632 2681/2681/2681
f 831/831/831 765/765/765 972/972/972
f 594/594/594 537/537/537 538/538/538
f 2677/2677/2677 2670/2670/2670 2689/2689/2689
f 590/590/590 550/550/550 589/589/589
f 600/600/600 625/625/625 626/626/626
f 2705/2705/2705 2675/2675/2675 2676/2676/2676
f 11/11/11 16/16/16 9/9/9
f 2655/2655/2655 2656/2656/2656 2678/2678/2678
f 1/1/1 10/10/10 9/9/9
f 1/1/1 62/62/62 10/10/10
f 412/412/412 413/413/413 62/62/62
f 2661/2661/2661 2881/2881/2881 2913/2913/2913
f 102/102/102 104/104/104 99/99/99
f 219/219/219 217/217/217 222/222/222
f 2166/2166/2166 2158/2158/2158 2168/2168/2168
f 2183/2183/2183 2162/2162/2162 2159/2159/2159
f 2163/2163/2163 2162/2162/2162 2182/2182/2182
f 1289/1289/1289 1360/1360/1360 1319/1319/1319
f 1382/1382/1382 1380/1380/1380 1360/1360/1360
f 2188/2188/2188 2164/2164/2164 2185/2185/2185
f 4557/4557/4557 4563/4563/4563 4564/4564/4564
f 4577/4577/4577 4558/4558/4558 4562/4562/4562
f 3548/3548/3548 3531/3531/3531 3528/3528/3528
f 3530/3530/3530 3528/3528/3528 3531/3531/3531
f 2550/2550/2550 2535/2535/2535 2551/2551/2551
f 3505/3505/3505 3512/3512/3512 3504/3504/3504
f 2887/2887/2887 2924/2924/2924 2890/2890/2890
f 3573/3573/3573 3571/3571/3571 3569/3569/3569
f 2888/2888/2888 2845/2845/2845 2954/2954/2954
f 3570/3570/3570 3569/3569/3569 3571/3571/3571
f 2845/2845/2845 2853/2853/2853 2954/2954/2954
f 2852/2852/2852 2853/2853/2853 2845/2845/2845
f 2835/2835/2835 2852/2852/2852 2755/2755/2755
f 2734/2734/2734 2835/2835/2835 2755/2755/2755
f 2329/2329/2329 2379/2379/2379 2375/2375/2375
f 2332/2332/2332 2377/2377/2377 2379/2379/2379
f 2358/2358/2358 2377/2377/2377 2325/2325/2325
f 2358/2358/2358 2378/2378/2378 2377/2377/2377
f 2358/2358/2358 2393/2393/2393 2378/2378/2378
f 2732/2732/2732 2733/2733/2733 2718/2718/2718
f 2392/2392/2392 2446/2446/2446 2394/2394/2394
f 2724/2724/2724 2718/2718/2718 2733/2733/2733
f 2463/2463/2463 2392/2392/2392 2454/2454/2454
f 2454/2454/2454 2396/2396/2396 2472/2472/2472
f 2666/2666/2666 2823/2823/2823 2673/2673/2673
f 2673/2673/2673 2626/2626/2626 2666/2666/2666
f 945/945/945 966/966/966 952/952/952
f 2682/2682/2682 2615/2615/2615 2683/2683/2683
f 2682/2682/2682 2671/2671/2671 2615/2615/2615
f 762/762/762 594/594/594 761/761/761
f 2677/2677/2677 2690/2690/2690 2669/2669/2669
f 599/599/599 600/600/600 589/589/589
f 598/598/598 600/600/600 599/599/599
f 2676/2676/2676 2687/2687/2687 2701/2701/2701
f 24/24/24 25/25/25 22/22/22
f 18/18/18 24/24/24 23/23/23
f 93/93/93 92/92/92 90/90/90
f 96/96/96 93/93/93 103/103/103
f 102/102/102 99/99/99 96/96/96
f 219/219/219 222/222/222 164/164/164
f 3371/3371/3371 3372/3372/3372 3334/3334/3334
f 3372/3372/3372 3371/3371/3371 3379/3379/3379
f 220/220/220 217/217/217 219/219/219
f 2197/2197/2197 2173/2173/2173 2179/2179/2179
f 194/194/194 191/191/191 189/189/189
f 2173/2173/2173 2168/2168/2168 2179/2179/2179
f 227/227/227 226/226/226 188/188/188
f 284/284/284 248/248/248 246/246/246
f 248/248/248 247/247/247 246/246/246
f 508/508/508 255/255/255 256/256/256
f 1380/1380/1380 1382/1382/1382 1387/1387/1387
f 2188/2188/2188 2165/2165/2165 2164/2164/2164
f 2174/2174/2174 2165/2165/2165 2188/2188/2188
f 4555/4555/4555 4563/4563/4563 4557/4557/4557
f 4557/4557/4557 4556/4556/4556 4555/4555/4555
f 4562/4562/4562 4556/4556/4556 4560/4560/4560
f 4727/4727/4727 4726/4726/4726 4725/4725/4725
f 2523/2523/2523 2529/2529/2529 2524/2524/2524
f 3540/3540/3540 3529/3529/3529 3530/3530/3530
f 2528/2528/2528 2535/2535/2535 2522/2522/2522
f 3506/3506/3506 3508/3508/3508 3509/3509/3509
f 3504/3504/3504 3512/3512/3512 3532/3532/3532
f 3590/3590/3590 3533/3533/3533 3532/3532/3532
f 3581/3581/3581 3568/3568/3568 3589/3589/3589
f 3568/3568/3568 3573/3573/3573 3569/3569/3569
f 3568/3568/3568 3581/3581/3581 3573/3573/3573
f 3571/3571/3571 3572/3572/3572 3570/3570/3570
f 2330/2330/2330 2376/2376/2376 2453/2453/2453
f 2332/2332/2332 2379/2379/2379 2329/2329/2329
f 2332/2332/2332 2325/2325/2325 2377/2377/2377
f 2364/2364/2364 2393/2393/2393 2358/2358/2358
f 2454/2454/2454 2392/2392/2392 2396/2396/2396
f 2717/2717/2717 2718/2718/2718 2723/2723/2723
f 2438/2438/2438 2459/2459/2459 2449/2449/2449
f 2430/2430/2430 2483/2483/2483 2459/2459/2459
f 880/880/880 879/879/879 927/927/927
f 863/863/863 857/857/857 864/864/864
f 860/860/860 865/865/865 858/858/858
f 866/866/866 865/865/865 883/883/883
f 934/934/934 951/951/951 938/938/938
f 965/965/965 972/972/972 967/967/967
f 831/831/831 972/972/972 965/965/965
f 761/761/761 765/765/765 762/762/762
f 537/537/537 594/594/594 638/638/638
f 536/536/536 538/538/538 537/537/537
f 536/536/536 550/550/550 538/538/538
f 520/520/520 625/625/625 624/624/624
f 520/520/520 624/624/624 489/489/489
f 3014/3014/3014 2908/2908/2908 2913/2913/2913
f 282/282/282 226/226/226 227/227/227
f 250/250/250 255/255/255 247/247/247
f 2164/2164/2164 2163/2163/2163 2184/2184/2184
f 4558/4558/4558 4556/4556/4556 4562/4562/4562
f 3516/3516/3516 3517/3517/3517 3540/3540/3540
f 3512/3512/3512 3505/3505/3505 3511/3511/3511
f 3589/3589/3589 3568/3568/3568 3590/3590/3590
f 2887/2887/2887 2926/2926/2926 2924/2924/2924
f 2331/2331/2331 2453/2453/2453 2452/2452/2452
f 2835/2835/2835 2882/2882/2882 2852/2852/2852
f 2330/2330/2330 2375/2375/2375 2376/2376/2376
f 2734/2734/2734 2836/2836/2836 2835/2835/2835
f 2730/2730/2730 2836/2836/2836 2734/2734/2734
f 2718/2718/2718 2728/2728/2728 2732/2732/2732
f 2393/2393/2393 2364/2364/2364 2394/2394/2394
f 2449/2449/2449 2472/2472/2472 2396/2396/2396
f 2717/2717/2717 2712/2712/2712 2718/2718/2718
f 2713/2713/2713 2712/2712/2712 2717/2717/2717
f 2438/2438/2438 2430/2430/2430 2459/2459/2459
f 1069/1069/1069 1070/1070/1070 927/927/927
f 2737/2737/2737 2710/2710/2710 2713/2713/2713
f 2737/2737/2737 2708/2708/2708 2710/2710/2710
f 2823/2823/2823 2708/2708/2708 2737/2737/2737
f 868/868/868 879/879/879 880/880/880
f 868/868/868 869/869/869 879/879/879
f 2823/2823/2823 2666/2666/2666 2708/2708/2708
f 869/869/869 868/868/868 864/864/864
f 887/887/887 910/910/910 883/883/883
f 638/638/638 594/594/594 762/762/762
f 2669/2669/2669 2606/2606/2606 2607/2607/2607
f 2687/2687/2687 2606/2606/2606 2669/2669/2669
f 381/381/381 489/489/489 457/457/457
f 2676/2676/2676 2606/2606/2606 2687/2687/2687
f 36/36/36 381/381/381 35/35/35
f 36/36/36 22/22/22 25/25/25
f 18/18/18 9/9/9 16/16/16
f 2654/2654/2654 2679/2679/2679 2661/2661/2661
f 104/104/104 102/102/102 105/105/105
f 105/105/105 164/164/164 104/104/104
f 220/220/220 219/219/219 165/165/165
f 3380/3380/3380 3372/3372/3372 3379/3379/3379
f 189/189/189 191/191/191 190/190/190
f 188/188/188 189/189/189 190/190/190
f 281/281/281 284/284/284 282/282/282
f 247/247/247 248/248/248 250/250/250
f 256/256/256 255/255/255 250/250/250
f 2159/2159/2159 2158/2158/2158 2166/2166/2166
f 1387/1387/1387 1382/1382/1382 1431/1431/1431
f 1425/1425/1425 1455/1455/1455 1441/1441/1441
f 2526/2526/2526 2523/2523/2523 2522/2522/2522
f 3511/3511/3511 3505/3505/3505 3507/3507/3507
f 3509/3509/3509 3511/3511/3511 3507/3507/3507
f 2894/2894/2894 2895/2895/2895 2993/2993/2993
f 2890/2890/2890 2895/2895/2895 2894/2894/2894
f 3623/3623/3623 3616/3616/3616 3583/3583/3583
f 2852/2852/2852 2882/2882/2882 2883/2883/2883
f 2330/2330/2330 2329/2329/2329 2375/2375/2375
f 2836/2836/2836 2882/2882/2882 2835/2835/2835
f 2733/2733/2733 2732/2732/2732 2730/2730/2730
f 2364/2364/2364 2392/2392/2392 2394/2394/2394
f 2713/2713/2713 2710/2710/2710 2712/2712/2712
f 868/868/868 867/867/867 864/864/864
f 887/887/887 883/883/883 865/865/865
f 912/912/912 910/910/910 887/887/887
f 910/910/910 912/912/912 938/938/938
f 950/950/950 951/951/951 934/934/934
f 950/950/950 952/952/952 951/951/951
f 950/950/950 945/945/945 952/952/952
f 2683/2683/2683 2615/2615/2615 2680/2680/2680
f 965/965/965 966/966/966 945/945/945
f 2594/2594/2594 2615/2615/2615 2671/2671/2671
f 762/762/762 765/765/765 831/831/831
f 2670/2670/2670 2594/2594/2594 2671/2671/2671
f 2677/2677/2677 2609/2609/2609 2670/2670/2670
f 2677/2677/2677 2669/2669/2669 2609/2609/2609
f 564/564/564 589/589/589 550/550/550
f 600/600/600 598/598/598 625/625/625
f 624/624/624 625/625/625 621/621/621
f 2675/2675/2675 2608/2608/2608 2676/2676/2676
f 2675/2675/2675 2582/2582/2582 2608/2608/2608
f 2675/2675/2675 2674/2674/2674 2657/2657/2657
f 23/23/23 24/24/24 22/22/22
f 2656/2656/2656 2657/2657/2657 2674/2674/2674
f 2656/2656/2656 2651/2651/2651 2638/2638/2638
f 2651/2651/2651 2656/2656/2656 2655/2655/2655
f 8/8/8 1/1/1 9/9/9
f 74/74/74 93/93/93 90/90/90
f 2913/2913/2913 2909/2909/2909 2661/2661/2661
f 2908/2908/2908 2909/2909/2909 2913/2913/2913
f 96/96/96 103/103/103 102/102/102
f 3334/3334/3334 3327/3327/3327 3230/3230/3230
f 165/165/165 219/219/219 164/164/164
f 3334/3334/3334 3372/3372/3372 3327/3327/3327
f 2180/2180/2180 2197/2197/2197 2179/2179/2179
f 500/500/500 508/508/508 256/256/256
f 500/500/500 1282/1282/1282 508/508/508
f 2164/2164/2164 2152/2152/2152 2163/2163/2163
f 1430/1430/1430 1431/1431/1431 1382/1382/1382
f 2228/2228/2228 2175/2175/2175 2174/2174/2174
f 1425/1425/1425 1453/1453/1453 1455/1455/1455
f 3517/3517/3517 3516/3516/3516 3508/3508/3508
f 3506/3506/3506 3509/3509/3509 3507/3507/3507
f 2890/2890/2890 2929/2929/2929 2895/2895/2895
f 2890/2890/2890 2925/2925/2925 2929/2929/2929
f 2924/2924/2924 2925/2925/2925 2890/2890/2890
f 3591/3591/3591 3589/3589/3589 3590/3590/3590
f 3580/3580/3580 3571/3571/3571 3573/3573/3573
f 2852/2852/2852 2954/2954/2954 2853/2853/2853
f 2452/2452/2452 2367/2367/2367 2331/2331/2331
f 2883/2883/2883 2981/2981/2981 2852/2852/2852
f 2331/2331/2331 2330/2330/2330 2453/2453/2453
f 2395/2395/2395 2449/2449/2449 2396/2396/2396
f 2438/2438/2438 2419/2419/2419 2430/2430/2430
f 2710/2710/2710 2709/2709/2709 2712/2712/2712
f 2709/2709/2709 2710/2710/2710 2708/2708/2708
f 2632/2632/2632 2631/2631/2631 2618/2618/2618
f 2632/2632/2632 2680/2680/2680 2631/2631/2631
f 934/934/934 938/938/938 912/912/912
f 535/535/535 536/536/536 537/537/537
f 536/536/536 564/564/564 550/550/550
f 457/457/457 489/489/489 624/624/624
f 2608/2608/2608 2606/2606/2606 2676/2676/2676
f 2675/2675/2675 2657/2657/2657 2582/2582/2582
f 2638/2638/2638 2657/2657/2657 2656/2656/2656
f 8/8/8 9/9/9 18/18/18
f 2/2/2 1/1/1 8/8/8
f 2645/2645/2645 2651/2651/2651 2655/2655/2655
f 2654/2654/2654 2645/2645/2645 2655/2655/2655
f 60/60/60 412/412/412 62/62/62
f 74/74/74 103/103/103 93/93/93
f 165/165/165 164/164/164 105/105/105
f 3381/3381/3381 3372/3372/3372 3380/3380/3380
f 281/281/281 282/282/282 227/227/227
f 2168/2168/2168 2158/2158/2158 2178/2178/2178
f 2158/2158/2158 2159/2159/2159 2151/2151/2151
f 2162/2162/2162 2151/2151/2151 2159/2159/2159
f 2152/2152/2152 2162/2162/2162 2163/2163/2163
f 1360/1360/1360 1289/1289/1289 1290/1290/1290
f 1360/1360/1360 1378/1378/1378 1382/1382/1382
f 2165/2165/2165 2155/2155/2155 2164/2164/2164
f 1431/1431/1431 1438/1438/1438 1442/1442/1442
f 1443/1443/1443 1438/1438/1438 1431/1431/1431
f 1438/1438/1438 1441/1441/1441 1442/1442/1442
f 1425/1425/1425 1441/1441/1441 1438/1438/1438
f 2200/2200/2200 2175/2175/2175 2228/2228/2228
f 4770/4770/4770 4725/4725/4725 4722/4722/4722
f 4770/4770/4770 4727/4727/4727 4725/4725/4725
f 4558/4558/4558 4553/4553/4553 4556/4556/4556
f 3548/3548/3548 3546/3546/3546 3531/3531/3531
f 2993/2993/2993 2895/2895/2895 2550/2550/2550
f 3550/3550/3550 3512/3512/3512 3511/3511/3511
f 3550/3550/3550 3532/3532/3532 3512/3512/3512
f 3550/3550/3550 3590/3590/3590 3532/3532/3532
f 2924/2924/2924 2926/2926/2926 2925/2925/2925
f 2887/2887/2887 2888/2888/2888 2953/2953/2953
f 3593/3593/3593 3623/3623/3623 3583/3583/3583
f 2852/2852/2852 2981/2981/2981 2954/2954/2954
f 2332/2332/2332 2329/2329/2329 2288/2288/2288
f 2288/2288/2288 2325/2325/2325 2332/2332/2332
f 2291/2291/2291 2358/2358/2358 2325/2325/2325
f 2732/2732/2732 2728/2728/2728 2730/2730/2730
f 2358/2358/2358 2311/2311/2311 2364/2364/2364
f 2365/2365/2365 2392/2392/2392 2364/2364/2364
f 2718/2718/2718 2727/2727/2727 2728/2728/2728
f 2390/2390/2390 2396/2396/2396 2392/2392/2392
f 2395/2395/2395 2396/2396/2396 2390/2390/2390
f 2712/2712/2712 2715/2715/2715 2718/2718/2718
f 2418/2418/2418 2432/2432/2432 2430/2430/2430
f 2417/2417/2417 2432/2432/2432 2418/2418/2418
f 2417/2417/2417 2442/2442/2442 2432/2432/2432
f 2663/2663/2663 2708/2708/2708 2666/2666/2666
f 2626/2626/2626 2663/2663/2663 2666/2666/2666
f 862/862/862 863/863/863 864/864/864
f 2626/2626/2626 2632/2632/2632 2623/2623/2623
f 873/873/873 865/865/865 860/860/860
f 2680/2680/2680 2633/2633/2633 2631/2631/2631
f 964/964/964 965/965/965 945/945/945
f 2611/2611/2611 2670/2670/2670 2610/2610/2610
f 2670/2670/2670 2609/2609/2609 2610/2610/2610
f 381/381/381 457/457/457 50/50/50
f 35/35/35 381/381/381 50/50/50
f 35/35/35 22/22/22 36/36/36
f 149/149/149 413/413/413 412/412/412
f 72/72/72 91/91/91 150/150/150
f 72/72/72 90/90/90 91/91/91
f 3230/3230/3230 3121/3121/3121 3108/3108/3108
f 3230/3230/3230 3327/3327/3327 3121/3121/3121
f 227/227/227 188/188/188 190/190/190
f 283/283/283 284/284/284 281/281/281
f 284/284/284 283/283/283 248/248/248
f 1290/1290/1290 1289/1289/1289 1282/1282/1282
f 2155/2155/2155 2152/2152/2152 2164/2164/2164
f 1290/1290/1290 1378/1378/1378 1360/1360/1360
f 1378/1378/1378 1430/1430/1430 1382/1382/1382
f 1431/1431/1431 1430/1430/1430 1443/1443/1443
f 2174/2174/2174 2155/2155/2155 2165/2165/2165
f 4938/4938/4938 4939/4939/4939 4940/4940/4940
f 4555/4555/4555 4556/4556/4556 4553/4553/4553
f 3560/3560/3560 3546/3546/3546 3548/3548/3548
f 2523/2523/2523 2530/2530/2530 2529/2529/2529
f 3531/3531/3531 3546/3546/3546 3530/3530/3530
f 3545/3545/3545 3540/3540/3540 3530/3530/3530
f 2535/2535/2535 2526/2526/2526 2522/2522/2522
f 3591/3591/3591 3590/3590/3590 3550/3550/3550
f 2887/2887/2887 2953/2953/2953 2926/2926/2926
f 3571/3571/3571 3580/3580/3580 3579/3579/3579
f 3573/3573/3573 3581/3581/3581 3580/3580/3580
f 2953/2953/2953 2888/2888/2888 2954/2954/2954
f 3572/3572/3572 3571/3571/3571 3578/3578/3578
f 3593/3593/3593 3583/3583/3583 3572/3572/3572
f 2981/2981/2981 2982/2982/2982 2954/2954/2954
f 2981/2981/2981 2883/2883/2883 2882/2882/2882
f 2283/2283/2283 2329/2329/2329 2330/2330/2330
f 2283/2283/2283 2288/2288/2288 2329/2329/2329
f 2836/2836/2836 2884/2884/2884 2882/2882/2882
f 2291/2291/2291 2325/2325/2325 2288/2288/2288
f 2728/2728/2728 2729/2729/2729 2730/2730/2730
f 2715/2715/2715 2727/2727/2727 2718/2718/2718
f 2365/2365/2365 2390/2390/2390 2392/2392/2392
f 2424/2424/2424 2438/2438/2438 2449/2449/2449
f 2709/2709/2709 2715/2715/2715 2712/2712/2712
f 2440/2440/2440 2442/2442/2442 2417/2417/2417
f 880/880/880 895/895/895 868/868/868
f 864/864/864 867/867/867 862/862/862
f 857/857/857 863/863/863 862/862/862
f 857/857/857 861/861/861 860/860/860
f 873/873/873 887/887/887 865/865/865
f 888/888/888 887/887/887 873/873/873
f 2633/2633/2633 2619/2619/2619 2631/2631/2631
f 888/888/888 912/912/912 887/887/887
f 945/945/945 950/950/950 934/934/934
f 2615/2615/2615 2633/2633/2633 2680/2680/2680
f 2669/2669/2669 2607/2607/2607 2605/2605/2605
f 552/552/552 599/599/599 589/589/589
f 598/598/598 599/599/599 552/552/552
f 625/625/625 598/598/598 621/621/621
f 1/1/1 60/60/60 62/62/62
f 148/148/148 149/149/149 412/412/412
f 413/413/413 149/149/149 150/150/150
f 149/149/149 72/72/72 150/150/150
f 103/103/103 74/74/74 88/88/88
f 106/106/106 102/102/102 103/103/103
f 3327/3327/3327 3372/3372/3372 3384/3384/3384
f 2133/2133/2133 2180/2180/2180 2179/2179/2179
f 2168/2168/2168 2133/2133/2133 2179/2179/2179
f 281/281/281 227/227/227 230/230/230
f 2151/2151/2151 2141/2141/2141 2158/2158/2158
f 2162/2162/2162 2152/2152/2152 2151/2151/2151
f 1280/1280/1280 1290/1290/1290 1282/1282/1282
f 2175/2175/2175 2155/2155/2155 2174/2174/2174
f 4727/4727/4727 4728/4728/4728 4726/4726/4726
f 3546/3546/3546 3545/3545/3545 3530/3530/3530
f 3511/3511/3511 3544/3544/3544 3550/3550/3550
f 3513/3513/3513 3544/3544/3544 3511/3511/3511
f 3572/3572/3572 3578/3578/3578 3593/3593/3593
f 2283/2283/2283 2330/2330/2330 2331/2331/2331
f 2882/2882/2882 2884/2884/2884 2981/2981/2981
f 2730/2730/2730 2884/2884/2884 2836/2836/2836
f 2291/2291/2291 2311/2311/2311 2358/2358/2358
f 2729/2729/2729 2728/2728/2728 2727/2727/2727
f 2424/2424/2424 2449/2449/2449 2395/2395/2395
f 2419/2419/2419 2418/2418/2418 2430/2430/2430
f 2618/2618/2618 2623/2623/2623 2632/2632/2632
f 860/860/860 861/861/861 873/873/873
f 888/888/888 934/934/934 912/912/912
f 946/946/946 964/964/964 945/945/945
f 964/964/964 831/831/831 965/965/965
f 830/830/830 762/762/762 831/831/831
f 638/638/638 762/762/762 706/706/706
f 2669/2669/2669 2600/2600/2600 2609/2609/2609
f 589/589/589 564/564/564 552/552/552
f 2605/2605/2605 2600/2600/2600 2669/2669/2669
f 2606/2606/2606 2605/2605/2605 2607/2607/2607
f 2606/2606/2606 2599/2599/2599 2605/2605/2605
f 621/621/621 598/598/598 608/608/608
f 624/624/624 621/621/621 623/623/623
f 2608/2608/2608 2576/2576/2576 2606/2606/2606
f 18/18/18 23/23/23 19/19/19
f 2646/2646/2646 2638/2638/2638 2651/2651/2651
f 1/1/1 2/2/2 3/3/3
f 2654/2654/2654 2648/2648/2648 2645/2645/2645
f 2661/2661/2661 2648/2648/2648 2654/2654/2654
f 103/103/103 88/88/88 107/107/107
f 3108/3108/3108 3015/3015/3015 3014/3014/3014
f 106/106/106 105/105/105 102/102/102
f 3382/3382/3382 3372/3372/3372 3381/3381/3381
f 230/230/230 227/227/227 190/190/190
f 2158/2158/2158 2130/2130/2130 2178/2178/2178
f 257/257/257 256/256/256 250/250/250
f 2155/2155/2155 2143/2143/2143 2152/2152/2152
f 2155/2155/2155 2175/2175/2175 2154/2154/2154
f 2527/2527/2527 2530/2530/2530 2523/2523/2523
f 2527/2527/2527 2523/2523/2523 2526/2526/2526
f 2537/2537/2537 2526/2526/2526 2535/2535/2535
f 2535/2535/2535 2550/2550/2550 2537/2537/2537
f 2550/2550/2550 2895/2895/2895 2537/2537/2537
f 3513/3513/3513 3511/3511/3511 3509/3509/3509
f 2982/2982/2982 2953/2953/2953 2954/2954/2954
f 3578/3578/3578 3571/3571/3571 3579/3579/3579
f 2281/2281/2281 2282/2282/2282 2367/2367/2367
f 2367/2367/2367 2282/2282/2282 2331/2331/2331
f 2291/2291/2291 2288/2288/2288 2290/2290/2290
f 2326/2326/2326 2365/2365/2365 2364/2364/2364
f 2389/2389/2389 2390/2390/2390 2365/2365/2365
f 2391/2391/2391 2395/2395/2395 2390/2390/2390
f 2424/2424/2424 2395/2395/2395 2391/2391/2391
f 2423/2423/2423 2419/2419/2419 2438/2438/2438
f 2424/2424/2424 2423/2423/2423 2438/2438/2438
f 2709/2709/2709 2662/2662/2662 2711/2711/2711
f 2708/2708/2708 2662/2662/2662 2709/2709/2709
f 2663/2663/2663 2662/2662/2662 2708/2708/2708
f 862/862/862 861/861/861 857/857/857
f 2618/2618/2618 2631/2631/2631 2619/2619/2619
f 2633/2633/2633 2622/2622/2622 2619/2619/2619
f 2622/2622/2622 2633/2633/2633 2615/2615/2615
f 552/552/552 596/596/596 598/598/598
f 623/623/623 457/457/457 624/624/624
f 2608/2608/2608 2577/2577/2577 2576/2576/2576
f 21/21/21 22/22/22 35/35/35
f 2582/2582/2582 2577/2577/2577 2608/2608/2608
f 19/19/19 23/23/23 22/22/22
f 19/19/19 8/8/8 18/18/18
f 60/60/60 148/148/148 412/412/412
f 90/90/90 72/72/72 74/74/74
f 106/106/106 103/103/103 107/107/107
f 125/125/125 165/165/165 105/105/105
f 220/220/220 165/165/165 125/125/125
f 3382/3382/3382 3384/3384/3384 3372/3372/3372
f 216/216/216 217/217/217 220/220/220
f 216/216/216 191/191/191 217/217/217
f 230/230/230 279/279/279 281/281/281
f 281/281/281 279/279/279 283/283/283
f 251/251/251 248/248/248 283/283/283
f 2132/2132/2132 2178/2178/2178 2130/2130/2130
f 250/250/250 248/248/248 251/251/251
f 358/358/358 256/256/256 257/257/257
f 358/358/358 500/500/500 256/256/256
f 1280/1280/1280 1282/1282/1282 500/500/500
f 2152/2152/2152 2143/2143/2143 2151/2151/2151
f 2200/2200/2200 2153/2153/2153 2175/2175/2175
f 4563/4563/4563 4555/4555/4555 4570/4570/4570
f 4554/4554/4554 4555/4555/4555 4553/4553/4553
f 4770/4770/4770 4729/4729/4729 4727/4727/4727
f 4729/4729/4729 4728/4728/4728 4727/4727/4727
f 3509/3509/3509 3508/3508/3508 3510/3510/3510
f 3508/3508/3508 3516/3516/3516 3510/3510/3510
f 3510/3510/3510 3513/3513/3513 3509/3509/3509
f 3591/3591/3591 3602/3602/3602 3589/3589/3589
f 2925/2925/2925 2926/2926/2926 2927/2927/2927
f 3594/3594/3594 3581/3581/3581 3589/3589/3589
f 2451/2451/2451 2371/2371/2371 2281/2281/2281
f 2981/2981/2981 2953/2953/2953 2982/2982/2982
f 2281/2281/2281 2367/2367/2367 2451/2451/2451
f 2282/2282/2282 2283/2283/2283 2331/2331/2331
f 2884/2884/2884 2730/2730/2730 2863/2863/2863
f 2727/2727/2727 2731/2731/2731 2729/2729/2729
f 2389/2389/2389 2391/2391/2391 2390/2390/2390
f 2414/2414/2414 2418/2418/2418 2419/2419/2419
f 2417/2417/2417 2418/2418/2418 2414/2414/2414
f 2417/2417/2417 2414/2414/2414 2413/2413/2413
f 2413/2413/2413 2440/2440/2440 2417/2417/2417
f 867/867/867 868/868/868 871/871/871
f 2626/2626/2626 2629/2629/2629 2663/2663/2663
f 2619/2619/2619 2616/2616/2616 2618/2618/2618
f 2616/2616/2616 2619/2619/2619 2622/2622/2622
f 2615/2615/2615 2612/2612/2612 2622/2622/2622
f 961/961/961 964/964/964 946/946/946
f 971/971/971 831/831/831 964/964/964
f 2611/2611/2611 2594/2594/2594 2670/2670/2670
f 2611/2611/2611 2595/2595/2595 2594/2594/2594
f 2611/2611/2611 2610/2610/2610 2595/2595/2595
f 535/535/535 537/537/537 638/638/638
f 2600/2600/2600 2596/2596/2596 2609/2609/2609
f 596/596/596 608/608/608 598/598/598
f 2606/2606/2606 2579/2579/2579 2599/2599/2599
f 2582/2582/2582 2657/2657/2657 2569/2569/2569
f 2657/2657/2657 2566/2566/2566 2569/2569/2569
f 21/21/21 19/19/19 22/22/22
f 14/14/14 2/2/2 8/8/8
f 2645/2645/2645 2646/2646/2646 2651/2651/2651
f 3015/3015/3015 2908/2908/2908 3014/3014/3014
f 108/108/108 125/125/125 105/105/105
f 3383/3383/3383 3382/3382/3382 3381/3381/3381
f 2127/2127/2127 2142/2142/2142 2180/2180/2180
f 2168/2168/2168 2178/2178/2178 2133/2133/2133
f 278/278/278 283/283/283 279/279/279
f 2178/2178/2178 2132/2132/2132 2131/2131/2131
f 278/278/278 251/251/251 283/283/283
f 2158/2158/2158 2129/2129/2129 2130/2130/2130
f 2143/2143/2143 2141/2141/2141 2151/2151/2151
f 1280/1280/1280 1296/1296/1296 1290/1290/1290
f 2155/2155/2155 2144/2144/2144 2143/2143/2143
f 2155/2155/2155 2150/2150/2150 2144/2144/2144
f 4769/4769/4769 4729/4729/4729 4770/4770/4770
f 4555/4555/4555 4554/4554/4554 4570/4570/4570
f 3516/3516/3516 3540/3540/3540 3518/3518/3518
f 2929/2929/2929 2934/2934/2934 2895/2895/2895
f 2925/2925/2925 2927/2927/2927 2929/2929/2929
f 3594/3594/3594 3589/3589/3589 3602/3602/3602
f 3588/3588/3588 3581/3581/3581 3594/3594/3594
f 2981/2981/2981 2955/2955/2955 2953/2953/2953
f 2981/2981/2981 2963/2963/2963 2955/2955/2955
f 2884/2884/2884 2963/2963/2963 2981/2981/2981
f 2884/2884/2884 2863/2863/2863 2963/2963/2963
f 2863/2863/2863 2730/2730/2730 2862/2862/2862
f 2730/2730/2730 2739/2739/2739 2862/2862/2862
f 2288/2288/2288 2287/2287/2287 2290/2290/2290
f 2729/2729/2729 2739/2739/2739 2730/2730/2730
f 2326/2326/2326 2364/2364/2364 2311/2311/2311
f 2727/2727/2727 2716/2716/2716 2731/2731/2731
f 2715/2715/2715 2716/2716/2716 2727/2727/2727
f 2709/2709/2709 2714/2714/2714 2715/2715/2715
f 867/867/867 871/871/871 862/862/862
f 2626/2626/2626 2623/2623/2623 2624/2624/2624
f 874/874/874 873/873/873 861/861/861
f 885/885/885 888/888/888 873/873/873
f 968/968/968 971/971/971 964/964/964
f 971/971/971 830/830/830 831/831/831
f 706/706/706 762/762/762 830/830/830
f 637/637/637 638/638/638 706/706/706
f 637/637/637 535/535/535 638/638/638
f 2609/2609/2609 2596/2596/2596 2610/2610/2610
f 564/564/564 536/536/536 534/534/534
f 564/564/564 534/534/534 552/552/552
f 2605/2605/2605 2599/2599/2599 2600/2600/2600
f 620/620/620 621/621/621 608/608/608
f 50/50/50 21/21/21 35/35/35
f 3/3/3 2/2/2 14/14/14
f 4/4/4 1/1/1 3/3/3
f 2648/2648/2648 2647/2647/2647 2645/2645/2645
f 72/72/72 149/149/149 148/148/148
f 2908/2908/2908 2907/2907/2907 2909/2909/2909
f 3108/3108/3108 3121/3121/3121 3015/3015/3015
f 250/250/250 251/251/251 258/258/258
f 2141/2141/2141 2129/2129/2129 2158/2158/2158
f 1430/1430/1430 1433/1433/1433 1443/1443/1443
f 1438/1438/1438 1413/1413/1413 1425/1425/1425
f 2175/2175/2175 2153/2153/2153 2154/2154/2154
f 2200/2200/2200 2227/2227/2227 2153/2153/2153
f 4552/4552/4552 4554/4554/4554 4553/4553/4553
f 3553/3553/3553 3545/3545/3545 3546/3546/3546
f 3518/3518/3518 3540/3540/3540 3545/3545/3545
f 2895/2895/2895 2538/2538/2538 2537/2537/2537
f 2895/2895/2895 2934/2934/2934 2538/2538/2538
f 3518/3518/3518 3510/3510/3510 3516/3516/3516
f 3602/3602/3602 3591/3591/3591 3550/3550/3550
f 3580/3580/3580 3581/3581/3581 3588/3588/3588
f 2953/2953/2953 2933/2933/2933 2926/2926/2926
f 2955/2955/2955 2933/2933/2933 2953/2953/2953
f 2279/2279/2279 2281/2281/2281 2371/2371/2371
f 2731/2731/2731 2739/2739/2739 2729/2729/2729
f 2347/2347/2347 2365/2365/2365 2326/2326/2326
f 2413/2413/2413 2414/2414/2414 2412/2412/2412
f 2439/2439/2439 2440/2440/2440 2413/2413/2413
f 936/936/936 935/935/935 895/895/895
f 893/893/893 868/868/868 895/895/895
f 2626/2626/2626 2624/2624/2624 2629/2629/2629
f 862/862/862 870/870/870 861/861/861
f 909/909/909 934/934/934 888/888/888
f 909/909/909 939/939/939 934/934/934
f 939/939/939 945/945/945 934/934/934
f 2622/2622/2622 2612/2612/2612 2616/2616/2616
f 946/946/946 945/945/945 941/941/941
f 2596/2596/2596 2595/2595/2595 2610/2610/2610
f 2599/2599/2599 2592/2592/2592 2600/2600/2600
f 621/621/621 620/620/620 623/623/623
f 2582/2582/2582 2568/2568/2568 2577/2577/2577
f 2569/2569/2569 2568/2568/2568 2582/2582/2582
f 20/20/20 19/19/19 21/21/21
f 8/8/8 19/19/19 14/14/14
f 2645/2645/2645 2640/2640/2640 2646/2646/2646
f 4/4/4 60/60/60 1/1/1
f 73/73/73 74/74/74 72/72/72
f 2661/2661/2661 2659/2659/2659 2648/2648/2648
f 2907/2907/2907 2659/2659/2659 2661/2661/2661
f 88/88/88 87/87/87 107/107/107
f 2909/2909/2909 2907/2907/2907 2661/2661/2661
f 108/108/108 105/105/105 106/106/106
f 3327/3327/3327 3384/3384/3384 3374/3374/3374
f 2133/2133/2133 2127/2127/2127 2180/2180/2180
f 277/277/277 251/251/251 278/278/278
f 2132/2132/2132 2130/2130/2130 2131/2131/2131
f 2144/2144/2144 2136/2136/2136 2143/2143/2143
f 1378/1378/1378 1433/1433/1433 1430/1430/1430
f 1433/1433/1433 1435/1435/1435 1443/1443/1443
f 1443/1443/1443 1435/1435/1435 1438/1438/1438
f 2155/2155/2155 2154/2154/2154 2150/2150/2150
f 2154/2154/2154 2153/2153/2153 2150/2150/2150
f 1425/1425/1425 1424/1424/1424 1453/1453/1453
f 4769/4769/4769 4768/4768/4768 4729/4729/4729
f 4558/4558/4558 4567/4567/4567 4553/4553/4553
f 3553/3553/3553 3546/3546/3546 3560/3560/3560
f 3518/3518/3518 3514/3514/3514 3510/3510/3510
f 2929/2929/2929 2927/2927/2927 2934/2934/2934
f 3510/3510/3510 3514/3514/3514 3513/3513/3513
f 3565/3565/3565 3544/3544/3544 3513/3513/3513
f 2933/2933/2933 2930/2930/2930 2926/2926/2926
f 3600/3600/3600 3593/3593/3593 3578/3578/3578
f 3615/3615/3615 3593/3593/3593 3600/3600/3600
f 2963/2963/2963 2863/2863/2863 2962/2962/2962
f 2288/2288/2288 2283/2283/2283 2287/2287/2287
f 2290/2290/2290 2311/2311/2311 2291/2291/2291
f 2389/2389/2389 2365/2365/2365 2347/2347/2347
f 2356/2356/2356 2389/2389/2389 2347/2347/2347
f 2715/2715/2715 2714/2714/2714 2716/2716/2716
f 2416/2416/2416 2414/2414/2414 2419/2419/2419
f 2709/2709/2709 2711/2711/2711 2714/2714/2714
f 2663/2663/2663 2629/2629/2629 2662/2662/2662
f 893/893/893 871/871/871 868/868/868
f 2618/2618/2618 2621/2621/2621 2623/2623/2623
f 874/874/874 885/885/885 873/873/873
f 909/909/909 888/888/888 885/885/885
f 968/968/968 964/964/964 961/961/961
f 2606/2606/2606 2576/2576/2576 2579/2579/2579
f 457/457/457 623/623/623 445/445/445
f 50/50/50 457/457/457 445/445/445
f 2577/2577/2577 2571/2571/2571 2576/2576/2576
f 106/106/106 107/107/107 109/109/109
f 3121/3121/3121 3327/3327/3327 3325/3325/3325
f 3327/3327/3327 3374/3374/3374 3325/3325/3325
f 3374/3374/3374 3384/3384/3384 3382/3382/3382
f 190/190/190 191/191/191 192/192/192
f 192/192/192 230/230/230 190/190/190
f 230/230/230 237/237/237 279/279/279
f 2143/2143/2143 2128/2128/2128 2141/2141/2141
f 2143/2143/2143 2134/2134/2134 2128/2128/2128
f 2144/2144/2144 2150/2150/2150 2138/2138/2138
f 1438/1438/1438 1435/1435/1435 1413/1413/1413
f 1424/1424/1424 1425/1425/1425 1413/1413/1413
f 1424/1424/1424 1454/1454/1454 1453/1453/1453
f 2227/2227/2227 2157/2157/2157 2153/2153/2153
f 4768/4768/4768 4730/4730/4730 4729/4729/4729
f 4730/4730/4730 4728/4728/4728 4729/4729/4729
f 3613/3613/3613 3553/3553/3553 3560/3560/3560
f 2542/2542/2542 2530/2530/2530 2527/2527/2527
f 2526/2526/2526 2537/2537/2537 2536/2536/2536
f 3514/3514/3514 3554/3554/3554 3513/3513/3513
f 3565/3565/3565 3550/3550/3550 3544/3544/3544
f 3586/3586/3586 3579/3579/3579 3580/3580/3580
f 2280/2280/2280 2282/2282/2282 2281/2281/2281
f 2283/2283/2283 2286/2286/2286 2287/2287/2287
f 2962/2962/2962 2863/2863/2863 2862/2862/2862
f 2311/2311/2311 2299/2299/2299 2326/2326/2326
f 2389/2389/2389 2424/2424/2424 2391/2391/2391
f 2412/2412/2412 2410/2410/2410 2413/2413/2413
f 2420/2420/2420 2439/2439/2439 2413/2413/2413
f 2623/2623/2623 2621/2621/2621 2624/2624/2624
f 2618/2618/2618 2620/2620/2620 2621/2621/2621
f 2616/2616/2616 2617/2617/2617 2618/2618/2618
f 941/941/941 945/945/945 939/939/939
f 2594/2594/2594 2612/2612/2612 2615/2615/2615
f 535/535/535 534/534/534 536/536/536
f 2600/2600/2600 2592/2592/2592 2596/2596/2596
f 579/579/579 608/608/608 596/596/596
f 620/620/620 608/608/608 592/592/592
f 623/623/623 622/622/622 445/445/445
f 48/48/48 50/50/50 445/445/445
f 2568/2568/2568 2571/2571/2571 2577/2577/2577
f 21/21/21 50/50/50 29/29/29
f 2638/2638/2638 2566/2566/2566 2657/2657/2657
f 2638/2638/2638 2646/2646/2646 2640/2640/2640
f 14/14/14 19/19/19 15/15/15
f 2645/2645/2645 2643/2643/2643 2640/2640/2640
f 2647/2647/2647 2643/2643/2643 2645/2645/2645
f 75/75/75 74/74/74 73/73/73
f 75/75/75 88/88/88 74/74/74
f 87/87/87 88/88/88 75/75/75
f 2907/2907/2907 2908/2908/2908 2906/2906/2906
f 221/221/221 220/220/220 125/125/125
f 216/216/216 220/220/220 221/221/221
f 192/192/192 235/235/235 230/230/230
f 2178/2178/2178 2131/2131/2131 2133/2133/2133
f 279/279/279 237/237/237 280/280/280
f 278/278/278 279/279/279 280/280/280
f 277/277/277 289/289/289 251/251/251
f 2129/2129/2129 2124/2124/2124 2130/2130/2130
f 289/289/289 258/258/258 251/251/251
f 257/257/257 250/250/250 258/258/258
f 2141/2141/2141 2128/2128/2128 2129/2129/2129
f 2136/2136/2136 2134/2134/2134 2143/2143/2143
f 2138/2138/2138 2136/2136/2136 2144/2144/2144
f 1433/1433/1433 1378/1378/1378 1410/1410/1410
f 4551/4551/4551 4552/4552/4552 4553/4553/4553
f 2534/2534/2534 2527/2527/2527 2526/2526/2526
f 2538/2538/2538 2536/2536/2536 2537/2537/2537
f 3565/3565/3565 3513/3513/3513 3554/3554/3554
f 3565/3565/3565 3602/3602/3602 3550/3550/3550
f 2930/2930/2930 2928/2928/2928 2926/2926/2926
f 3588/3588/3588 3587/3587/3587 3580/3580/3580
f 3578/3578/3578 3579/3579/3579 3586/3586/3586
f 3578/3578/3578 3586/3586/3586 3600/3600/3600
f 2961/2961/2961 2933/2933/2933 2955/2955/2955
f 2279/2279/2279 2280/2280/2280 2281/2281/2281
f 2963/2963/2963 2961/2961/2961 2955/2955/2955
f 2292/2292/2292 2287/2287/2287 2286/2286/2286
f 2862/2862/2862 2739/2739/2739 2962/2962/2962
f 2292/2292/2292 2290/2290/2290 2287/2287/2287
f 2311/2311/2311 2290/2290/2290 2299/2299/2299
f 2731/2731/2731 2742/2742/2742 2739/2739/2739
f 2731/2731/2731 2740/2740/2740 2742/2742/2742
f 2716/2716/2716 2740/2740/2740 2731/2731/2731
f 2716/2716/2716 2714/2714/2714 2741/2741/2741
f 2423/2423/2423 2424/2424/2424 2389/2389/2389
f 2425/2425/2425 2419/2419/2419 2423/2423/2423
f 2419/2419/2419 2422/2422/2422 2416/2416/2416
f 2412/2412/2412 2414/2414/2414 2416/2416/2416
f 2662/2662/2662 2665/2665/2665 2711/2711/2711
f 895/895/895 935/935/935 893/893/893
f 893/893/893 894/894/894 871/871/871
f 2618/2618/2618 2617/2617/2617 2620/2620/2620
f 911/911/911 939/939/939 909/909/909
f 2612/2612/2612 2614/2614/2614 2616/2616/2616
f 961/961/961 946/946/946 941/941/941
f 976/976/976 968/968/968 961/961/961
f 977/977/977 971/971/971 968/968/968
f 977/977/977 830/830/830 971/971/971
f 579/579/579 596/596/596 552/552/552
f 592/592/592 608/608/608 579/579/579
f 2579/2579/2579 2592/2592/2592 2599/2599/2599
f 622/622/622 623/623/623 620/620/620
f 2576/2576/2576 2575/2575/2575 2579/2579/2579
f 5/5/5 3/3/3 14/14/14
f 4/4/4 3/3/3 5/5/5
f 111/111/111 107/107/107 87/87/87
f 109/109/109 108/108/108 106/106/106
f 2130/2130/2130 2124/2124/2124 2131/2131/2131
f 1280/1280/1280 1279/1279/1279 1296/1296/1296
f 1378/1378/1378 1290/1290/1290 1365/1365/1365
f 4553/4553/4553 4567/4567/4567 4551/4551/4551
f 3553/3553/3553 3557/3557/3557 3545/3545/3545
f 2534/2534/2534 2526/2526/2526 2536/2536/2536
f 2934/2934/2934 2544/2544/2544 2538/2538/2538
f 2934/2934/2934 2927/2927/2927 2544/2544/2544
f 2926/2926/2926 2928/2928/2928 2927/2927/2927
f 2931/2931/2931 2930/2930/2930 2933/2933/2933
f 3595/3595/3595 3588/3588/3588 3594/3594/3594
f 3587/3587/3587 3586/3586/3586 3580/3580/3580
f 2963/2963/2963 2971/2971/2971 2961/2961/2961
f 2963/2963/2963 2973/2973/2973 2971/2971/2971
f 2962/2962/2962 2973/2973/2973 2963/2963/2963
f 2742/2742/2742 2811/2811/2811 2739/2739/2739
f 2356/2356/2356 2357/2357/2357 2389/2389/2389
f 2389/2389/2389 2402/2402/2402 2423/2423/2423
f 2422/2422/2422 2419/2419/2419 2425/2425/2425
f 2711/2711/2711 2665/2665/2665 2714/2714/2714
f 2629/2629/2629 2628/2628/2628 2662/2662/2662
f 2624/2624/2624 2628/2628/2628 2629/2629/2629
f 870/870/870 862/862/862 871/871/871
f 874/874/874 861/861/861 870/870/870
f 940/940/940 941/941/941 939/939/939
f 2614/2614/2614 2617/2617/2617 2616/2616/2616
f 2612/2612/2612 2613/2613/2613 2614/2614/2614
f 2612/2612/2612 2593/2593/2593 2613/2613/2613
f 829/829/829 830/830/830 977/977/977
f 2594/2594/2594 2593/2593/2593 2612/2612/2612
f 2588/2588/2588 2594/2594/2594 2595/2595/2595
f 2595/2595/2595 2596/2596/2596 2588/2588/2588
f 552/552/552 534/534/534 551/551/551
f 551/551/551 579/579/579 552/552/552
f 20/20/20 21/21/21 29/29/29
f 19/19/19 20/20/20 15/15/15
f 5/5/5 14/14/14 15/15/15
f 67/67/67 72/72/72 148/148/148
f 71/71/71 72/72/72 67/67/67
f 73/73/73 72/72/72 71/71/71
f 2908/2908/2908 3015/3015/3015 2906/2906/2906
f 3121/3121/3121 3016/3016/3016 3015/3015/3015
f 3383/3383/3383 3386/3386/3386 3382/3382/3382
f 2126/2126/2126 2127/2127/2127 2133/2133/2133
f 2133/2133/2133 2124/2124/2124 2126/2126/2126
f 2131/2131/2131 2124/2124/2124 2133/2133/2133
f 2129/2129/2129 2128/2128/2128 2124/2124/2124
f 259/259/259 358/358/358 257/257/257
f 1280/1280/1280 500/500/500 358/358/358
f 2137/2137/2137 2136/2136/2136 2138/2138/2138
f 2150/2150/2150 2153/2153/2153 2138/2138/2138
f 4552/4552/4552 4570/4570/4570 4554/4554/4554
f 3551/3551/3551 3514/3514/3514 3518/3518/3518
f 2283/2283/2283 2282/2282/2282 2280/2280/2280
f 2285/2285/2285 2283/2283/2283 2284/2284/2284
f 2283/2283/2283 2285/2285/2285 2286/2286/2286
f 2962/2962/2962 2972/2972/2972 2973/2973/2973
f 2739/2739/2739 2966/2966/2966 2962/2962/2962
f 2972/2972/2972 2962/2962/2962 2966/2966/2966
f 2290/2290/2290 2292/2292/2292 2299/2299/2299
f 2303/2303/2303 2326/2326/2326 2299/2299/2299
f 2714/2714/2714 2665/2665/2665 2741/2741/2741
f 2420/2420/2420 2413/2413/2413 2410/2410/2410
f 881/881/881 871/871/871 894/894/894
f 2628/2628/2628 2624/2624/2624 2625/2625/2625
f 871/871/871 881/881/881 870/870/870
f 884/884/884 885/885/885 874/874/874
f 940/940/940 939/939/939 911/911/911
f 942/942/942 961/961/961 941/941/941
f 979/979/979 961/961/961 942/942/942
f 961/961/961 979/979/979 976/976/976
f 829/829/829 706/706/706 830/830/830
f 2592/2592/2592 2591/2591/2591 2596/2596/2596
f 620/620/620 592/592/592 619/619/619
f 2575/2575/2575 2578/2578/2578 2579/2579/2579
f 2571/2571/2571 2575/2575/2575 2576/2576/2576
f 48/48/48 29/29/29 50/50/50
f 2568/2568/2568 2569/2569/2569 2566/2566/2566
f 60/60/60 67/67/67 148/148/148
f 2647/2647/2647 2648/2648/2648 2659/2659/2659
f 2659/2659/2659 2907/2907/2907 2904/2904/2904
f 2904/2904/2904 2907/2907/2907 2906/2906/2906
f 109/109/109 107/107/107 111/111/111
f 3015/3015/3015 3016/3016/3016 2906/2906/2906
f 3121/3121/3121 3125/3125/3125 3016/3016/3016
f 124/124/124 125/125/125 108/108/108
f 3373/3373/3373 3325/3325/3325 3374/3374/3374
f 2125/2125/2125 2145/2145/2145 2142/2142/2142
f 2142/2142/2142 2127/2127/2127 2125/2125/2125
f 2126/2126/2126 2125/2125/2125 2127/2127/2127
f 237/237/237 230/230/230 235/235/235
f 1348/1348/1348 1290/1290/1290 1296/1296/1296
f 1365/1365/1365 1290/1290/1290 1348/1348/1348
f 2136/2136/2136 2137/2137/2137 2117/2117/2117
f 1410/1410/1410 1378/1378/1378 1365/1365/1365
f 2139/2139/2139 2153/2153/2153 2157/2157/2157
f 3613/3613/3613 3557/3557/3557 3553/3553/3553
f 2534/2534/2534 2542/2542/2542 2527/2527/2527
f 3552/3552/3552 3518/3518/3518 3545/3545/3545
f 2927/2927/2927 2928/2928/2928 2544/2544/2544
f 3604/3604/3604 3594/3594/3594 3602/3602/3602
f 3594/3594/3594 3604/3604/3604 3595/3595/3595
f 2933/2933/2933 2935/2935/2935 2931/2931/2931
f 3587/3587/3587 3588/3588/3588 3595/3595/3595
f 2961/2961/2961 2935/2935/2935 2933/2933/2933
f 2961/2961/2961 2958/2958/2958 2935/2935/2935
f 3625/3625/3625 3615/3615/3615 3600/3600/3600
f 2971/2971/2971 2958/2958/2958 2961/2961/2961
f 2958/2958/2958 2971/2971/2971 2972/2972/2972
f 2973/2973/2973 2972/2972/2972 2971/2971/2971
f 2285/2285/2285 2289/2289/2289 2286/2286/2286
f 2984/2984/2984 2966/2966/2966 2739/2739/2739
f 2811/2811/2811 2984/2984/2984 2739/2739/2739
f 2327/2327/2327 2326/2326/2326 2303/2303/2303
f 2347/2347/2347 2326/2326/2326 2327/2327/2327
f 2716/2716/2716 2741/2741/2741 2740/2740/2740
f 2384/2384/2384 2389/2389/2389 2357/2357/2357
f 2384/2384/2384 2402/2402/2402 2389/2389/2389
f 2402/2402/2402 2425/2425/2425 2423/2423/2423
f 2411/2411/2411 2410/2410/2410 2412/2412/2412
f 2624/2624/2624 2621/2621/2621 2625/2625/2625
f 882/882/882 884/884/884 874/874/874
f 2593/2593/2593 2873/2873/2873 2613/2613/2613
f 976/976/976 977/977/977 968/968/968
f 2588/2588/2588 2593/2593/2593 2594/2594/2594
f 2596/2596/2596 2590/2590/2590 2588/2588/2588
f 535/535/535 533/533/533 534/534/534
f 2578/2578/2578 2592/2592/2592 2579/2579/2579
f 512/512/512 445/445/445 622/622/622
f 48/48/48 445/445/445 360/360/360
f 2643/2643/2643 2641/2641/2641 2640/2640/2640
f 60/60/60 66/66/66 67/67/67
f 109/109/109 110/110/110 108/108/108
f 124/124/124 108/108/108 110/110/110
f 221/221/221 125/125/125 124/124/124
f 3387/3387/3387 3374/3374/3374 3382/3382/3382
f 276/276/276 278/278/278 280/280/280
f 289/289/289 290/290/290 258/258/258
f 2134/2134/2134 2120/2120/2120 2128/2128/2128
f 2134/2134/2134 2118/2118/2118 2120/2120/2120
f 2136/2136/2136 2118/2118/2118 2134/2134/2134
f 2136/2136/2136 2117/2117/2117 2118/2118/2118
f 1365/1365/1365 1391/1391/1391 1410/1410/1410
f 2153/2153/2153 2137/2137/2137 2138/2138/2138
f 1433/1433/1433 1436/1436/1436 1435/1435/1435
f 1454/1454/1454 1424/1424/1424 1437/1437/1437
f 4549/4549/4549 4570/4570/4570 4552/4552/4552
f 4551/4551/4551 4549/4549/4549 4552/4552/4552
f 3557/3557/3557 3552/3552/3552 3545/3545/3545
f 3552/3552/3552 3551/3551/3551 3518/3518/3518
f 3602/3602/3602 3612/3612/3612 3604/3604/3604
f 3587/3587/3587 3605/3605/3605 3586/3586/3586
f 2284/2284/2284 2283/2283/2283 2280/2280/2280
f 2286/2286/2286 2289/2289/2289 2295/2295/2295
f 2295/2295/2295 2292/2292/2292 2286/2286/2286
f 2740/2740/2740 2750/2750/2750 2742/2742/2742
f 2327/2327/2327 2356/2356/2356 2347/2347/2347
f 2402/2402/2402 2422/2422/2422 2425/2425/2425
f 2422/2422/2422 2401/2401/2401 2416/2416/2416
f 2741/2741/2741 2665/2665/2665 2795/2795/2795
f 2401/2401/2401 2411/2411/2411 2412/2412/2412
f 2416/2416/2416 2401/2401/2401 2412/2412/2412
f 2406/2406/2406 2420/2420/2420 2410/2410/2410
f 2420/2420/2420 2447/2447/2447 2439/2439/2439
f 935/935/935 936/936/936 983/983/983
f 2628/2628/2628 2664/2664/2664 2662/2662/2662
f 2625/2625/2625 2630/2630/2630 2628/2628/2628
f 2620/2620/2620 2627/2627/2627 2621/2621/2621
f 2617/2617/2617 2634/2634/2634 2620/2620/2620
f 911/911/911 885/885/885 884/884/884
f 911/911/911 909/909/909 885/885/885
f 2613/2613/2613 2872/2872/2872 2614/2614/2614
f 2873/2873/2873 2872/2872/2872 2613/2613/2613
f 981/981/981 976/976/976 979/979/979
f 978/978/978 977/977/977 976/976/976
f 654/654/654 706/706/706 829/829/829
f 654/654/654 637/637/637 706/706/706
f 2590/2590/2590 2596/2596/2596 2591/2591/2591
f 2571/2571/2571 2573/2573/2573 2575/2575/2575
f 2566/2566/2566 2567/2567/2567 2568/2568/2568
f 2637/2637/2637 2566/2566/2566 2638/2638/2638
f 60/60/60 4/4/4 61/61/61
f 71/71/71 75/75/75 73/73/73
f 86/86/86 87/87/87 75/75/75
f 3121/3121/3121 3325/3325/3325 3125/3125/3125
f 3386/3386/3386 3387/3387/3387 3382/3382/3382
f 193/193/193 192/192/192 191/191/191
f 276/276/276 277/277/277 278/278/278
f 2128/2128/2128 2121/2121/2121 2124/2124/2124
f 1278/1278/1278 1296/1296/1296 1279/1279/1279
f 1278/1278/1278 1348/1348/1348 1296/1296/1296
f 1410/1410/1410 1440/1440/1440 1433/1433/1433
f 2153/2153/2153 2139/2139/2139 2137/2137/2137
f 2156/2156/2156 2157/2157/2157 2227/2227/2227
f 4551/4551/4551 4567/4567/4567 4550/4550/4550
f 3514/3514/3514 3559/3559/3559 3554/3554/3554
f 3514/3514/3514 3551/3551/3551 3559/3559/3559
f 3612/3612/3612 3602/3602/3602 3565/3565/3565
f 2930/2930/2930 2931/2931/2931 2928/2928/2928
f 2301/2301/2301 2279/2279/2279 2371/2371/2371
f 2280/2280/2280 2279/2279/2279 2301/2301/2301
f 2742/2742/2742 2750/2750/2750 2811/2811/2811
f 2328/2328/2328 2327/2327/2327 2303/2303/2303
f 2741/2741/2741 2795/2795/2795 2740/2740/2740
f 2447/2447/2447 2420/2420/2420 2406/2406/2406
f 937/937/937 935/935/935 983/983/983
f 2664/2664/2664 2665/2665/2665 2662/2662/2662
f 935/935/935 937/937/937 893/893/893
f 894/894/894 893/893/893 937/937/937
f 2630/2630/2630 2664/2664/2664 2628/2628/2628
f 2625/2625/2625 2627/2627/2627 2630/2630/2630
f 2627/2627/2627 2625/2625/2625 2621/2621/2621
f 870/870/870 877/877/877 874/874/874
f 2620/2620/2620 2636/2636/2636 2627/2627/2627
f 882/882/882 874/874/874 878/878/878
f 911/911/911 884/884/884 919/919/919
f 940/940/940 911/911/911 919/919/919
f 942/942/942 941/941/941 940/940/940
f 2588/2588/2588 2589/2589/2589 2593/2593/2593
f 539/539/539 535/535/535 637/637/637
f 534/534/534 533/533/533 529/529/529
f 2578/2578/2578 2591/2591/2591 2592/2592/2592
f 622/622/622 620/620/620 619/619/619
f 2567/2567/2567 2571/2571/2571 2568/2568/2568
f 2638/2638/2638 2639/2639/2639 2637/2637/2637
f 2640/2640/2640 2639/2639/2639 2638/2638/2638
f 2640/2640/2640 2641/2641/2641 2639/2639/2639
f 6/6/6 4/4/4 5/5/5
f 61/61/61 66/66/66 60/60/60
f 2659/2659/2659 2658/2658/2658 2647/2647/2647
f 87/87/87 86/86/86 111/111/111
f 110/110/110 109/109/109 111/111/111
f 3016/3016/3016 2912/2912/2912 2906/2906/2906
f 3125/3125/3125 3017/3017/3017 3016/3016/3016
f 3373/3373/3373 3326/3326/3326 3325/3325/3325
f 3387/3387/3387 3373/3373/3373 3374/3374/3374
f 2125/2125/2125 2126/2126/2126 2123/2123/2123
f 2124/2124/2124 2123/2123/2123 2126/2126/2126
f 277/277/277 290/290/290 289/289/289
f 258/258/258 290/290/290 262/262/262
f 2124/2124/2124 2121/2121/2121 2123/2123/2123
f 1440/1440/1440 1436/1436/1436 1433/1433/1433
f 4730/4730/4730 4768/4768/4768 4767/4767/4767
f 3557/3557/3557 3613/3613/3613 3601/3601/3601
f 2536/2536/2536 2538/2538/2538 2544/2544/2544
f 3565/3565/3565 3554/3554/3554 3559/3559/3559
f 3606/3606/3606 3587/3587/3587 3595/3595/3595
f 3606/3606/3606 3605/3605/3605 3587/3587/3587
f 3586/3586/3586 3605/3605/3605 3600/3600/3600
f 2936/2936/2936 2931/2931/2931 2935/2935/2935
f 2352/2352/2352 2301/2301/2301 2371/2371/2371
f 2936/2936/2936 2935/2935/2935 2958/2958/2958
f 2300/2300/2300 2280/2280/2280 2301/2301/2301
f 2958/2958/2958 2972/2972/2972 2957/2957/2957
f 2297/2297/2297 2295/2295/2295 2289/2289/2289
f 2811/2811/2811 2812/2812/2812 2984/2984/2984
f 2303/2303/2303 2299/2299/2299 2292/2292/2292
f 2327/2327/2327 2357/2357/2357 2356/2356/2356
f 2401/2401/2401 2409/2409/2409 2411/2411/2411
f 2665/2665/2665 2864/2864/2864 2795/2795/2795
f 2409/2409/2409 2410/2410/2410 2411/2411/2411
f 877/877/877 878/878/878 874/874/874
f 2634/2634/2634 2636/2636/2636 2620/2620/2620
f 2614/2614/2614 2635/2635/2635 2617/2617/2617
f 2872/2872/2872 2878/2878/2878 2614/2614/2614
f 2873/2873/2873 3122/3122/3122 2872/2872/2872
f 979/979/979 993/993/993 981/981/981
f 981/981/981 978/978/978 976/976/976
f 978/978/978 829/829/829 977/977/977
f 2593/2593/2593 3077/3077/3077 2873/2873/2873
f 2593/2593/2593 2589/2589/2589 3077/3077/3077
f 533/533/533 535/535/535 539/539/539
f 527/527/527 579/579/579 551/551/551
f 2575/2575/2575 2574/2574/2574 2578/2578/2578
f 2575/2575/2575 2573/2573/2573 2574/2574/2574
f 458/458/458 445/445/445 512/512/512
f 360/360/360 445/445/445 458/458/458
f 20/20/20 29/29/29 37/37/37
f 2637/2637/2637 2570/2570/2570 2566/2566/2566
f 30/30/30 15/15/15 20/20/20
f 6/6/6 5/5/5 15/15/15
f 2647/2647/2647 2644/2644/2644 2643/2643/2643
f 2647/2647/2647 2658/2658/2658 2644/2644/2644
f 2659/2659/2659 2904/2904/2904 2903/2903/2903
f 111/111/111 86/86/86 114/114/114
f 114/114/114 110/110/110 111/111/111
f 3016/3016/3016 3017/3017/3017 2912/2912/2912
f 3125/3125/3125 3325/3325/3325 3326/3326/3326
f 223/223/223 216/216/216 221/221/221
f 2122/2122/2122 2125/2125/2125 2123/2123/2123
f 235/235/235 192/192/192 193/193/193
f 290/290/290 277/277/277 276/276/276
f 259/259/259 257/257/257 258/258/258
f 2120/2120/2120 2121/2121/2121 2128/2128/2128
f 1277/1277/1277 1279/1279/1279 1280/1280/1280
f 2117/2117/2117 2105/2105/2105 2118/2118/2118
f 2137/2137/2137 2116/2116/2116 2117/2117/2117
f 1391/1391/1391 1440/1440/1440 1410/1410/1410
f 2157/2157/2157 2156/2156/2156 2139/2139/2139
f 4549/4549/4549 4546/4546/4546 4570/4570/4570
f 4730/4730/4730 4767/4767/4767 4735/4735/4735
f 2548/2548/2548 2542/2542/2542 2534/2534/2534
f 3552/3552/3552 3557/3557/3557 3601/3601/3601
f 2541/2541/2541 2534/2534/2534 2536/2536/2536
f 3611/3611/3611 3612/3612/3612 3565/3565/3565
f 3609/3609/3609 3606/3606/3606 3595/3595/3595
f 3625/3625/3625 3600/3600/3600 3605/3605/3605
f 2958/2958/2958 2957/2957/2957 2936/2936/2936
f 2972/2972/2972 2970/2970/2970 2957/2957/2957
f 2985/2985/2985 2972/2972/2972 2966/2966/2966
f 2970/2970/2970 2972/2972/2972 2985/2985/2985
f 2812/2812/2812 3013/3013/3013 2984/2984/2984
f 2984/2984/2984 2985/2985/2985 2966/2966/2966
f 3013/3013/3013 2985/2985/2985 2984/2984/2984
f 2750/2750/2750 2812/2812/2812 2811/2811/2811
f 2295/2295/2295 2303/2303/2303 2292/2292/2292
f 2387/2387/2387 2402/2402/2402 2384/2384/2384
f 2401/2401/2401 2422/2422/2422 2402/2402/2402
f 2409/2409/2409 2406/2406/2406 2410/2410/2410
f 2447/2447/2447 2406/2406/2406 2441/2441/2441
f 2665/2665/2665 2827/2827/2827 2864/2864/2864
f 2827/2827/2827 2665/2665/2665 2664/2664/2664
f 2630/2630/2630 2827/2827/2827 2664/2664/2664
f 877/877/877 870/870/870 881/881/881
f 2617/2617/2617 2635/2635/2635 2634/2634/2634
f 2614/2614/2614 2878/2878/2878 2635/2635/2635
f 828/828/828 829/829/829 978/978/978
f 539/539/539 637/637/637 654/654/654
f 527/527/527 534/534/534 529/529/529
f 527/527/527 551/551/551 534/534/534
f 592/592/592 579/579/579 527/527/527
f 2578/2578/2578 2585/2585/2585 2591/2591/2591
f 523/523/523 622/622/622 619/619/619
f 2571/2571/2571 2572/2572/2572 2573/2573/2573
f 48/48/48 360/360/360 47/47/47
f 2571/2571/2571 2567/2567/2567 2572/2572/2572
f 37/37/37 29/29/29 48/48/48
f 2566/2566/2566 2570/2570/2570 2567/2567/2567
f 2641/2641/2641 2642/2642/2642 2639/2639/2639
f 2643/2643/2643 2642/2642/2642 2641/2641/2641
f 2643/2643/2643 2644/2644/2644 2642/2642/2642
f 2658/2658/2658 2659/2659/2659 2903/2903/2903
f 76/76/76 86/86/86 75/75/75
f 2125/2125/2125 2146/2146/2146 2145/2145/2145
f 193/193/193 191/191/191 216/216/216
f 276/276/276 280/280/280 237/237/237
f 359/359/359 358/358/358 259/259/259
f 1280/1280/1280 358/358/358 359/359/359
f 1277/1277/1277 1278/1278/1278 1279/1279/1279
f 1391/1391/1391 1365/1365/1365 1348/1348/1348
f 2137/2137/2137 2139/2139/2139 2116/2116/2116
f 1401/1401/1401 1435/1435/1435 1436/1436/1436
f 1413/1413/1413 1435/1435/1435 1401/1401/1401
f 1408/1408/1408 1424/1424/1424 1413/1413/1413
f 1424/1424/1424 1408/1408/1408 1437/1437/1437
f 2156/2156/2156 2227/2227/2227 2237/2237/2237
f 4550/4550/4550 4549/4549/4549 4551/4551/4551
f 3613/3613/3613 3629/3629/3629 3601/3601/3601
f 2534/2534/2534 2541/2541/2541 2548/2548/2548
f 2544/2544/2544 2928/2928/2928 2543/2543/2543
f 3565/3565/3565 3559/3559/3559 3608/3608/3608
f 3610/3610/3610 3595/3595/3595 3604/3604/3604
f 3609/3609/3609 3595/3595/3595 3610/3610/3610
f 3621/3621/3621 3625/3625/3625 3605/3605/3605
f 2352/2352/2352 2300/2300/2300 2301/2301/2301
f 2300/2300/2300 2284/2284/2284 2280/2280/2280
f 2285/2285/2285 2297/2297/2297 2289/2289/2289
f 2795/2795/2795 2750/2750/2750 2740/2740/2740
f 2363/2363/2363 2384/2384/2384 2357/2357/2357
f 2864/2864/2864 2829/2829/2829 2795/2795/2795
f 2636/2636/2636 2634/2634/2634 2627/2627/2627
f 2872/2872/2872 3122/3122/3122 2878/2878/2878
f 1049/1049/1049 981/981/981 993/993/993
f 981/981/981 828/828/828 978/978/978
f 3122/3122/3122 2873/2873/2873 3077/3077/3077
f 654/654/654 829/829/829 828/828/828
f 2588/2588/2588 2587/2587/2587 2589/2589/2589
f 2586/2586/2586 2588/2588/2588 2590/2590/2590
f 2591/2591/2591 2586/2586/2586 2590/2590/2590
f 622/622/622 523/523/523 512/512/512
f 37/37/37 30/30/30 20/20/20
f 68/68/68 66/66/66 61/61/61
f 70/70/70 71/71/71 67/67/67
f 2905/2905/2905 2906/2906/2906 2912/2912/2912
f 223/223/223 221/221/221 124/124/124
f 2181/2181/2181 2241/2241/2241 2146/2146/2146
f 2121/2121/2121 2122/2122/2122 2123/2123/2123
f 258/258/258 262/262/262 260/260/260
f 2120/2120/2120 2119/2119/2119 2121/2121/2121
f 1277/1277/1277 1280/1280/1280 359/359/359
f 1408/1408/1408 1413/1413/1413 1401/1401/1401
f 4544/4544/4544 4546/4546/4546 4549/4549/4549
f 2536/2536/2536 2544/2544/2544 2543/2543/2543
f 3551/3551/3551 3597/3597/3597 3559/3559/3559
f 2932/2932/2932 2928/2928/2928 2931/2931/2931
f 3604/3604/3604 3612/3612/3612 3610/3610/3610
f 3606/3606/3606 3621/3621/3621 3605/3605/3605
f 2936/2936/2936 2937/2937/2937 2931/2931/2931
f 2936/2936/2936 2938/2938/2938 2937/2937/2937
f 2957/2957/2957 2938/2938/2938 2936/2936/2936
f 2293/2293/2293 2284/2284/2284 2294/2294/2294
f 2293/2293/2293 2285/2285/2285 2284/2284/2284
f 2970/2970/2970 2956/2956/2956 2957/2957/2957
f 2285/2285/2285 2296/2296/2296 2297/2297/2297
f 2985/2985/2985 2956/2956/2956 2970/2970/2970
f 2302/2302/2302 2303/2303/2303 2295/2295/2295
f 2303/2303/2303 2302/2302/2302 2305/2305/2305
f 2305/2305/2305 2328/2328/2328 2303/2303/2303
f 2328/2328/2328 2357/2357/2357 2327/2327/2327
f 2795/2795/2795 2796/2796/2796 2750/2750/2750
f 2398/2398/2398 2401/2401/2401 2402/2402/2402
f 2403/2403/2403 2409/2409/2409 2401/2401/2401
f 937/937/937 983/983/983 1027/1027/1027
f 898/898/898 894/894/894 937/937/937
f 881/881/881 894/894/894 898/898/898
f 904/904/904 884/884/884 882/882/882
f 2878/2878/2878 2875/2875/2875 2635/2635/2635
f 2878/2878/2878 3113/3113/3113 2875/2875/2875
f 979/979/979 942/942/942 940/940/940
f 979/979/979 994/994/994 993/993/993
f 3122/3122/3122 3077/3077/3077 3354/3354/3354
f 2586/2586/2586 2587/2587/2587 2588/2588/2588
f 528/528/528 527/527/527 529/529/529
f 2585/2585/2585 2586/2586/2586 2591/2591/2591
f 619/619/619 592/592/592 524/524/524
f 2578/2578/2578 2574/2574/2574 2580/2580/2580
f 2572/2572/2572 2574/2574/2574 2573/2573/2573
f 43/43/43 30/30/30 37/37/37
f 31/31/31 6/6/6 15/15/15
f 67/67/67 66/66/66 70/70/70
f 71/71/71 70/70/70 75/75/75
f 85/85/85 86/86/86 76/76/76
f 2904/2904/2904 2905/2905/2905 2903/2903/2903
f 2906/2906/2906 2905/2905/2905 2904/2904/2904
f 113/113/113 110/110/110 114/114/114
f 113/113/113 117/117/117 110/110/110
f 117/117/117 124/124/124 110/110/110
f 2110/2110/2110 2146/2146/2146 2125/2125/2125
f 236/236/236 237/237/237 235/235/235
f 290/290/290 276/276/276 273/273/273
f 2121/2121/2121 2119/2119/2119 2122/2122/2122
f 259/259/259 258/258/258 260/260/260
f 1391/1391/1391 1445/1445/1445 1440/1440/1440
f 1445/1445/1445 1436/1436/1436 1440/1440/1440
f 1426/1426/1426 1437/1437/1437 1408/1408/1408
f 4549/4549/4549 4550/4550/4550 4544/4544/4544
f 3607/3607/3607 3601/3601/3601 3629/3629/3629
f 2543/2543/2543 2541/2541/2541 2536/2536/2536
f 3552/3552/3552 3597/3597/3597 3551/3551/3551
f 2939/2939/2939 2932/2932/2932 2931/2931/2931
f 2931/2931/2931 2937/2937/2937 2939/2939/2939
f 3614/3614/3614 3609/3609/3609 3610/3610/3610
f 3621/3621/3621 3606/3606/3606 3609/3609/3609
f 2294/2294/2294 2284/2284/2284 2300/2300/2300
f 2957/2957/2957 2956/2956/2956 2938/2938/2938
f 2293/2293/2293 2296/2296/2296 2285/2285/2285
f 2302/2302/2302 2297/2297/2297 2296/2296/2296
f 2302/2302/2302 2295/2295/2295 2297/2297/2297
f 2950/2950/2950 2956/2956/2956 2985/2985/2985
f 2312/2312/2312 2328/2328/2328 2305/2305/2305
f 2796/2796/2796 2797/2797/2797 2750/2750/2750
f 2357/2357/2357 2328/2328/2328 2363/2363/2363
f 2363/2363/2363 2387/2387/2387 2384/2384/2384
f 2387/2387/2387 2398/2398/2398 2402/2402/2402
f 898/898/898 877/877/877 881/881/881
f 2635/2635/2635 2875/2875/2875 2634/2634/2634
f 904/904/904 919/919/919 884/884/884
f 3122/3122/3122 3166/3166/3166 2878/2878/2878
f 3122/3122/3122 3353/3353/3353 3166/3166/3166
f 1049/1049/1049 828/828/828 981/981/981
f 3122/3122/3122 3354/3354/3354 3353/3353/3353
f 3413/3413/3413 3429/3429/3429 3432/3432/3432
f 2589/2589/2589 3049/3049/3049 3077/3077/3077
f 524/524/524 527/527/527 526/526/526
f 527/527/527 524/524/524 592/592/592
f 524/524/524 523/523/523 619/619/619
f 48/48/48 47/47/47 37/37/37
f 2637/2637/2637 2603/2603/2603 2570/2570/2570
f 31/31/31 15/15/15 30/30/30
f 2642/2642/2642 2649/2649/2649 2639/2639/2639
f 2650/2650/2650 2644/2644/2644 2658/2658/2658
f 2903/2903/2903 2910/2910/2910 2658/2658/2658
f 114/114/114 86/86/86 85/85/85
f 223/223/223 124/124/124 117/117/117
f 224/224/224 193/193/193 216/216/216
f 2118/2118/2118 2119/2119/2119 2120/2120/2120
f 2118/2118/2118 2105/2105/2105 2119/2119/2119
f 2116/2116/2116 2105/2105/2105 2117/2117/2117
f 1355/1355/1355 1391/1391/1391 1348/1348/1348
f 1419/1419/1419 1401/1401/1401 1436/1436/1436
f 2139/2139/2139 2135/2135/2135 2116/2116/2116
f 2139/2139/2139 2156/2156/2156 2135/2135/2135
f 4767/4767/4767 4793/4793/4793 4735/4735/4735
f 3608/3608/3608 3611/3611/3611 3565/3565/3565
f 2298/2298/2298 2293/2293/2293 2294/2294/2294
f 2309/2309/2309 2305/2305/2305 2302/2302/2302
f 2750/2750/2750 2797/2797/2797 2812/2812/2812
f 2312/2312/2312 2349/2349/2349 2328/2328/2328
f 2349/2349/2349 2363/2363/2363 2328/2328/2328
f 2795/2795/2795 2828/2828/2828 2796/2796/2796
f 2795/2795/2795 2829/2829/2829 2828/2828/2828
f 2400/2400/2400 2403/2403/2403 2401/2401/2401
f 2403/2403/2403 2406/2406/2406 2409/2409/2409
f 2403/2403/2403 2405/2405/2405 2406/2406/2406
f 2441/2441/2441 2406/2406/2406 2405/2405/2405
f 2827/2827/2827 2871/2871/2871 2864/2864/2864
f 2871/2871/2871 2827/2827/2827 2870/2870/2870
f 2630/2630/2630 2870/2870/2870 2827/2827/2827
f 2630/2630/2630 2869/2869/2869 2870/2870/2870
f 2627/2627/2627 2923/2923/2923 2922/2922/2922
f 2634/2634/2634 2923/2923/2923 2627/2627/2627
f 918/918/918 919/919/919 904/904/904
f 2878/2878/2878 3165/3165/3165 3113/3113/3113
f 980/980/980 940/940/940 919/919/919
f 980/980/980 979/979/979 940/940/940
f 2878/2878/2878 3166/3166/3166 3165/3165/3165
f 994/994/994 1049/1049/1049 993/993/993
f 3427/3427/3427 3419/3419/3419 3431/3431/3431
f 3429/3429/3429 3409/3409/3409 3428/3428/3428
f 3415/3415/3415 3431/3431/3431 3419/3419/3419
f 828/828/828 797/797/797 655/655/655
f 655/655/655 654/654/654 828/828/828
f 655/655/655 565/565/565 654/654/654
f 565/565/565 539/539/539 654/654/654
f 2587/2587/2587 3049/3049/3049 2589/2589/2589
f 533/533/533 539/539/539 532/532/532
f 532/532/532 529/529/529 533/533/533
f 2578/2578/2578 2581/2581/2581 2585/2585/2585
f 2578/2578/2578 2580/2580/2580 2581/2581/2581
f 2574/2574/2574 2583/2583/2583 2580/2580/2580
f 2572/2572/2572 2583/2583/2583 2574/2574/2574
f 2572/2572/2572 2567/2567/2567 2584/2584/2584
f 2570/2570/2570 2584/2584/2584 2567/2567/2567
f 44/44/44 43/43/43 37/37/37
f 2570/2570/2570 2603/2603/2603 2584/2584/2584
f 31/31/31 30/30/30 43/43/43
f 2639/2639/2639 2652/2652/2652 2637/2637/2637
f 41/41/41 6/6/6 31/31/31
f 2639/2639/2639 2649/2649/2649 2652/2652/2652
f 2644/2644/2644 2649/2649/2649 2642/2642/2642
f 2644/2644/2644 2650/2650/2650 2649/2649/2649
f 70/70/70 66/66/66 81/81/81
f 3125/3125/3125 3063/3063/3063 3017/3017/3017
f 224/224/224 216/216/216 223/223/223
f 2110/2110/2110 2181/2181/2181 2146/2146/2146
f 235/235/235 193/193/193 236/236/236
f 2119/2119/2119 2111/2111/2111 2122/2122/2122
f 2119/2119/2119 2093/2093/2093 2111/2111/2111
f 275/275/275 260/260/260 262/262/262
f 2119/2119/2119 2087/2087/2087 2093/2093/2093
f 1278/1278/1278 1355/1355/1355 1348/1348/1348
f 1392/1392/1392 1445/1445/1445 1391/1391/1391
f 1445/1445/1445 1419/1419/1419 1436/1436/1436
f 4868/4868/4868 4864/4864/4864 4865/4865/4865
f 3601/3601/3601 3607/3607/3607 3552/3552/3552
f 2932/2932/2932 2549/2549/2549 2928/2928/2928
f 3612/3612/3612 3614/3614/3614 3610/3610/3610
f 3617/3617/3617 3621/3621/3621 3609/3609/3609
f 2938/2938/2938 2940/2940/2940 2937/2937/2937
f 2381/2381/2381 2342/2342/2342 2352/2352/2352
f 2352/2352/2352 2342/2342/2342 2300/2300/2300
f 2938/2938/2938 2950/2950/2950 2947/2947/2947
f 2956/2956/2956 2950/2950/2950 2938/2938/2938
f 2812/2812/2812 2797/2797/2797 2844/2844/2844
f 2310/2310/2310 2309/2309/2309 2302/2302/2302
f 2305/2305/2305 2309/2309/2309 2312/2312/2312
f 2363/2363/2363 2386/2386/2386 2387/2387/2387
f 2398/2398/2398 2400/2400/2400 2401/2401/2401
f 907/907/907 898/898/898 937/937/937
f 2630/2630/2630 2627/2627/2627 2869/2869/2869
f 878/878/878 900/900/900 882/882/882
f 900/900/900 904/904/904 882/882/882
f 2634/2634/2634 2875/2875/2875 2923/2923/2923
f 3113/3113/3113 3165/3165/3165 3035/3035/3035
f 3165/3165/3165 3166/3166/3166 3339/3339/3339
f 3426/3426/3426 3410/3410/3410 3427/3427/3427
f 3166/3166/3166 3353/3353/3353 3339/3339/3339
f 3419/3419/3419 3410/3410/3410 3404/3404/3404
f 3410/3410/3410 3419/3419/3419 3427/3427/3427
f 3412/3412/3412 3407/3407/3407 3413/3413/3413
f 3413/3413/3413 3407/3407/3407 3409/3409/3409
f 3429/3429/3429 3413/3413/3413 3409/3409/3409
f 3415/3415/3415 3419/3419/3419 3404/3404/3404
f 3414/3414/3414 3404/3404/3404 3403/3403/3403
f 3415/3415/3415 3404/3404/3404 3414/3414/3414
f 3418/3418/3418 3414/3414/3414 3403/3403/3403
f 3412/3412/3412 3413/3413/3413 3434/3434/3434
f 3721/3721/3721 3737/3737/3737 3738/3738/3738
f 3388/3388/3388 3077/3077/3077 3149/3149/3149
f 526/526/526 527/527/527 528/528/528
f 2585/2585/2585 2597/2597/2597 2586/2586/2586
f 2603/2603/2603 2637/2637/2637 2667/2667/2667
f 2637/2637/2637 2652/2652/2652 2667/2667/2667
f 7/7/7 4/4/4 6/6/6
f 68/68/68 81/81/81 66/66/66
f 2910/2910/2910 2660/2660/2660 2658/2658/2658
f 2905/2905/2905 2910/2910/2910 2903/2903/2903
f 3017/3017/3017 3063/3063/3063 2912/2912/2912
f 337/337/337 223/223/223 117/117/117
f 3385/3385/3385 3326/3326/3326 3373/3373/3373
f 2072/2072/2072 2110/2110/2110 2125/2125/2125
f 224/224/224 225/225/225 193/193/193
f 275/275/275 290/290/290 273/273/273
f 290/290/290 275/275/275 262/262/262
f 1392/1392/1392 1391/1391/1391 1355/1355/1355
f 4865/4865/4865 4869/4869/4869 4868/4868/4868
f 3597/3597/3597 3552/3552/3552 3607/3607/3607
f 3608/3608/3608 3559/3559/3559 3597/3597/3597
f 2939/2939/2939 2937/2937/2937 2932/2932/2932
f 3617/3617/3617 3609/3609/3609 3614/3614/3614
f 3627/3627/3627 3621/3621/3621 3617/3617/3617
f 2351/2351/2351 2381/2381/2381 2382/2382/2382
f 2938/2938/2938 2942/2942/2942 2940/2940/2940
f 2322/2322/2322 2300/2300/2300 2342/2342/2342
f 2300/2300/2300 2322/2322/2322 2294/2294/2294
f 3013/3013/3013 2812/2812/2812 2844/2844/2844
f 2318/2318/2318 2312/2312/2312 2309/2309/2309
f 2796/2796/2796 2801/2801/2801 2797/2797/2797
f 2349/2349/2349 2362/2362/2362 2363/2363/2363
f 2363/2363/2363 2362/2362/2362 2386/2386/2386
f 2386/2386/2386 2398/2398/2398 2387/2387/2387
f 2829/2829/2829 2864/2864/2864 3107/3107/3107
f 937/937/937 1027/1027/1027 1028/1028/1028
f 937/937/937 1028/1028/1028 1021/1021/1021
f 937/937/937 1021/1021/1021 906/906/906
f 994/994/994 979/979/979 980/980/980
f 3416/3416/3416 3410/3410/3410 3426/3426/3426
f 3410/3410/3410 3416/3416/3416 3396/3396/3396
f 3394/3394/3394 3410/3410/3410 3396/3396/3396
f 3428/3428/3428 3409/3409/3409 3424/3424/3424
f 3410/3410/3410 3394/3394/3394 3404/3404/3404
f 3407/3407/3407 3406/3406/3406 3409/3409/3409
f 3403/3403/3403 3404/3404/3404 3394/3394/3394
f 3403/3403/3403 3394/3394/3394 3401/3401/3401
f 3402/3402/3402 3403/3403/3403 3401/3401/3401
f 3418/3418/3418 3403/3403/3403 3402/3402/3402
f 3418/3418/3418 3402/3402/3402 3417/3417/3417
f 3412/3412/3412 3434/3434/3434 3433/3433/3433
f 3728/3728/3728 3739/3739/3739 3742/3742/3742
f 3415/3415/3415 3414/3414/3414 3418/3418/3418
f 3077/3077/3077 3049/3049/3049 3149/3149/3149
f 2604/2604/2604 3049/3049/3049 2587/2587/2587
f 2586/2586/2586 2604/2604/2604 2587/2587/2587
f 2586/2586/2586 2598/2598/2598 2604/2604/2604
f 2585/2585/2585 2581/2581/2581 2597/2597/2597
f 360/360/360 458/458/458 47/47/47
f 2584/2584/2584 2602/2602/2602 2572/2572/2572
f 47/47/47 45/45/45 37/37/37
f 37/37/37 45/45/45 44/44/44
f 2603/2603/2603 2667/2667/2667 2584/2584/2584
f 52/52/52 31/31/31 43/43/43
f 6/6/6 41/41/41 7/7/7
f 61/61/61 4/4/4 7/7/7
f 70/70/70 76/76/76 75/75/75
f 2905/2905/2905 2911/2911/2911 2910/2910/2910
f 112/112/112 113/113/113 114/114/114
f 3063/3063/3063 3125/3125/3125 3148/3148/3148
f 2122/2122/2122 2072/2072/2072 2125/2125/2125
f 236/236/236 286/286/286 237/237/237
f 286/286/286 276/276/276 237/237/237
f 2105/2105/2105 2087/2087/2087 2119/2119/2119
f 1278/1278/1278 1277/1277/1277 1276/1276/1276
f 1355/1355/1355 1278/1278/1278 1281/1281/1281
f 2160/2160/2160 2156/2156/2156 2237/2237/2237
f 4574/4574/4574 4544/4544/4544 4550/4550/4550
f 3626/3626/3626 3607/3607/3607 3629/3629/3629
f 2541/2541/2541 2543/2543/2543 2546/2546/2546
f 2546/2546/2546 2543/2543/2543 2549/2549/2549
f 2549/2549/2549 2543/2543/2543 2928/2928/2928
f 3618/3618/3618 3612/3612/3612 3611/3611/3611
f 2937/2937/2937 2941/2941/2941 2932/2932/2932
f 2937/2937/2937 2940/2940/2940 2941/2941/2941
f 2381/2381/2381 2351/2351/2351 2342/2342/2342
f 2942/2942/2942 2943/2943/2943 2940/2940/2940
f 2947/2947/2947 2942/2942/2942 2938/2938/2938
f 2298/2298/2298 2294/2294/2294 2322/2322/2322
f 2308/2308/2308 2293/2293/2293 2298/2298/2298
f 2306/2306/2306 2304/2304/2304 2296/2296/2296
f 2293/2293/2293 2306/2306/2306 2296/2296/2296
f 2797/2797/2797 2814/2814/2814 2844/2844/2844
f 2398/2398/2398 2399/2399/2399 2400/2400/2400
f 2829/2829/2829 3107/3107/3107 2828/2828/2828
f 2405/2405/2405 2431/2431/2431 2441/2441/2441
f 3150/3150/3150 2871/2871/2871 2870/2870/2870
f 2627/2627/2627 2879/2879/2879 2869/2869/2869
f 2922/2922/2922 2879/2879/2879 2627/2627/2627
f 3113/3113/3113 2923/2923/2923 2875/2875/2875
f 975/975/975 919/919/919 918/918/918
f 3035/3035/3035 2923/2923/2923 3113/3113/3113
f 975/975/975 980/980/980 919/919/919
f 1056/1056/1056 980/980/980 975/975/975
f 3423/3423/3423 3416/3416/3416 3426/3426/3426
f 3406/3406/3406 3408/3408/3408 3409/3409/3409
f 3424/3424/3424 3409/3409/3409 3408/3408/3408
f 3396/3396/3396 3393/3393/3393 3394/3394/3394
f 3401/3401/3401 3394/3394/3394 3389/3389/3389
f 3407/3407/3407 3405/3405/3405 3406/3406/3406
f 3402/3402/3402 3401/3401/3401 3389/3389/3389
f 3399/3399/3399 3405/3405/3405 3407/3407/3407
f 3407/3407/3407 3412/3412/3412 3399/3399/3399
f 3417/3417/3417 3402/3402/3402 3411/3411/3411
f 3411/3411/3411 3402/3402/3402 3400/3400/3400
f 3411/3411/3411 3400/3400/3400 3399/3399/3399
f 3411/3411/3411 3399/3399/3399 3412/3412/3412
f 3411/3411/3411 3412/3412/3412 3433/3433/3433
f 3728/3728/3728 3742/3742/3742 3741/3741/3741
f 696/696/696 655/655/655 797/797/797
f 3727/3727/3727 3740/3740/3740 3739/3739/3739
f 3736/3736/3736 3737/3737/3737 3721/3721/3721
f 3721/3721/3721 3738/3738/3738 3744/3744/3744
f 696/696/696 565/565/565 655/655/655
f 543/543/543 539/539/539 565/565/565
f 532/532/532 530/530/530 529/529/529
f 530/530/530 528/528/528 529/529/529
f 2598/2598/2598 2586/2586/2586 2597/2597/2597
f 531/531/531 526/526/526 528/528/528
f 531/531/531 525/525/525 526/526/526
f 524/524/524 526/526/526 525/525/525
f 2580/2580/2580 2583/2583/2583 2581/2581/2581
f 2572/2572/2572 2602/2602/2602 2583/2583/2583
f 2668/2668/2668 2667/2667/2667 2652/2652/2652
f 2649/2649/2649 2653/2653/2653 2652/2652/2652
f 2650/2650/2650 2653/2653/2653 2649/2649/2649
f 2658/2658/2658 2660/2660/2660 2650/2650/2650
f 85/85/85 76/76/76 78/78/78
f 85/85/85 112/112/112 114/114/114
f 2912/2912/2912 2911/2911/2911 2905/2905/2905
f 3125/3125/3125 3326/3326/3326 3309/3309/3309
f 355/355/355 224/224/224 223/223/223
f 2073/2073/2073 2181/2181/2181 2110/2110/2110
f 2072/2072/2072 2073/2073/2073 2110/2110/2110
f 2093/2093/2093 2063/2063/2063 2111/2111/2111
f 272/272/272 273/273/273 276/276/276
f 2093/2093/2093 2066/2066/2066 2063/2063/2063
f 338/338/338 359/359/359 259/259/259
f 1276/1276/1276 1281/1281/1281 1278/1278/1278
f 2109/2109/2109 2105/2105/2105 2116/2116/2116
f 1392/1392/1392 1418/1418/1418 1445/1445/1445
f 2135/2135/2135 2109/2109/2109 2116/2116/2116
f 2156/2156/2156 2160/2160/2160 2135/2135/2135
f 4735/4735/4735 4793/4793/4793 4764/4764/4764
f 4544/4544/4544 4545/4545/4545 4546/4546/4546
f 4764/4764/4764 4738/4738/4738 4735/4735/4735
f 4738/4738/4738 4737/4737/4737 4735/4735/4735
f 3626/3626/3626 3629/3629/3629 3635/3635/3635
f 2541/2541/2541 2552/2552/2552 2548/2548/2548
f 2950/2950/2950 2942/2942/2942 2947/2947/2947
f 2308/2308/2308 2306/2306/2306 2293/2293/2293
f 2296/2296/2296 2304/2304/2304 2302/2302/2302
f 2985/2985/2985 2980/2980/2980 2950/2950/2950
f 2814/2814/2814 2797/2797/2797 2802/2802/2802
f 2318/2318/2318 2349/2349/2349 2312/2312/2312
f 2362/2362/2362 2349/2349/2349 2345/2345/2345
f 2828/2828/2828 2801/2801/2801 2796/2796/2796
f 2400/2400/2400 2404/2404/2404 2403/2403/2403
f 1837/1837/1837 2052/2052/2052 1796/1796/1796
f 3150/3150/3150 2864/2864/2864 2871/2871/2871
f 2869/2869/2869 3088/3088/3088 2870/2870/2870
f 877/877/877 898/898/898 899/899/899
f 3035/3035/3035 3165/3165/3165 3339/3339/3339
f 3424/3424/3424 3408/3408/3408 3425/3425/3425
f 3423/3423/3423 3426/3426/3426 3430/3430/3430
f 1056/1056/1056 994/994/994 980/980/980
f 3406/3406/3406 3398/3398/3398 3408/3408/3408
f 3394/3394/3394 3393/3393/3393 3389/3389/3389
f 3397/3397/3397 3398/3398/3398 3406/3406/3406
f 3405/3405/3405 3397/3397/3397 3406/3406/3406
f 3399/3399/3399 3397/3397/3397 3405/3405/3405
f 3399/3399/3399 3392/3392/3392 3397/3397/3397
f 3400/3400/3400 3389/3389/3389 3392/3392/3392
f 3400/3400/3400 3392/3392/3392 3399/3399/3399
f 3389/3389/3389 3400/3400/3400 3402/3402/3402
f 3741/3741/3741 3720/3720/3720 3728/3728/3728
f 3741/3741/3741 3736/3736/3736 3720/3720/3720
f 3727/3727/3727 3735/3735/3735 3740/3740/3740
f 3739/3739/3739 3726/3726/3726 3727/3727/3727
f 3728/3728/3728 3726/3726/3726 3739/3739/3739
f 543/543/543 532/532/532 539/539/539
f 530/530/530 531/531/531 528/528/528
f 2581/2581/2581 2601/2601/2601 2597/2597/2597
f 523/523/523 511/511/511 503/503/503
f 512/512/512 523/523/523 503/503/503
f 512/512/512 459/459/459 458/458/458
f 2602/2602/2602 2840/2840/2840 2583/2583/2583
f 2652/2652/2652 2653/2653/2653 2668/2668/2668
f 77/77/77 76/76/76 70/70/70
f 112/112/112 115/115/115 113/113/113
f 3063/3063/3063 2911/2911/2911 2912/2912/2912
f 113/113/113 116/116/116 117/117/117
f 116/116/116 337/337/337 117/117/117
f 356/356/356 223/223/223 337/337/337
f 3309/3309/3309 3148/3148/3148 3125/3125/3125
f 355/355/355 223/223/223 356/356/356
f 2187/2187/2187 2181/2181/2181 2176/2176/2176
f 2073/2073/2073 2149/2149/2149 2181/2181/2181
f 229/229/229 225/225/225 224/224/224
f 2122/2122/2122 2111/2111/2111 2058/2058/2058
f 2063/2063/2063 2058/2058/2058 2111/2111/2111
f 260/260/260 275/275/275 264/264/264
f 261/261/261 259/259/259 260/260/260
f 2087/2087/2087 2066/2066/2066 2093/2093/2093
f 2105/2105/2105 2086/2086/2086 2087/2087/2087
f 3620/3620/3620 3608/3608/3608 3597/3597/3597
f 3620/3620/3620 3597/3597/3597 3607/3607/3607
f 3622/3622/3622 3614/3614/3614 3612/3612/3612
f 2940/2940/2940 2952/2952/2952 2941/2941/2941
f 3628/3628/3628 3627/3627/3627 3617/3617/3617
f 2952/2952/2952 2940/2940/2940 2943/2943/2943
f 2322/2322/2322 2342/2342/2342 2351/2351/2351
f 2298/2298/2298 2322/2322/2322 2308/2308/2308
f 2950/2950/2950 2945/2945/2945 2942/2942/2942
f 2945/2945/2945 2950/2950/2950 2980/2980/2980
f 2310/2310/2310 2319/2319/2319 2309/2309/2309
f 2309/2309/2309 2319/2319/2319 2318/2318/2318
f 2797/2797/2797 2801/2801/2801 2802/2802/2802
f 2345/2345/2345 2349/2349/2349 2318/2318/2318
f 2386/2386/2386 2388/2388/2388 2398/2398/2398
f 2398/2398/2398 2397/2397/2397 2399/2399/2399
f 2404/2404/2404 2405/2405/2405 2403/2403/2403
f 2407/2407/2407 2405/2405/2405 2404/2404/2404
f 1837/1837/1837 2077/2077/2077 2052/2052/2052
f 2407/2407/2407 2431/2431/2431 2405/2405/2405
f 1796/1796/1796 1795/1795/1795 1837/1837/1837
f 1795/1795/1795 1796/1796/1796 1794/1794/1794
f 1028/1028/1028 1027/1027/1027 1121/1121/1121
f 2435/2435/2435 2441/2441/2441 2431/2431/2431
f 2870/2870/2870 3088/3088/3088 3150/3150/3150
f 2869/2869/2869 2879/2879/2879 3088/3088/3088
f 878/878/878 877/877/877 900/900/900
f 2923/2923/2923 2879/2879/2879 2922/2922/2922
f 2923/2923/2923 3035/3035/3035 3031/3031/3031
f 3408/3408/3408 3435/3435/3435 3425/3425/3425
f 4452/4452/4452 4462/4462/4462 4458/4458/4458
f 4459/4459/4459 4463/4463/4463 4464/4464/4464
f 4463/4463/4463 4459/4459/4459 4461/4461/4461
f 3398/3398/3398 3422/3422/3422 3408/3408/3408
f 3416/3416/3416 3423/3423/3423 3395/3395/3395
f 3416/3416/3416 3395/3395/3395 3396/3396/3396
f 3396/3396/3396 3395/3395/3395 3393/3393/3393
f 3393/3393/3393 3395/3395/3395 3390/3390/3390
f 3397/3397/3397 3391/3391/3391 3398/3398/3398
f 3393/3393/3393 3390/3390/3390 3389/3389/3389
f 3389/3389/3389 3390/3390/3390 3391/3391/3391
f 3392/3392/3392 3391/3391/3391 3397/3397/3397
f 3392/3392/3392 3389/3389/3389 3391/3391/3391
f 3728/3728/3728 3713/3713/3713 3726/3726/3726
f 3713/3713/3713 3728/3728/3728 3720/3720/3720
f 3720/3720/3720 3736/3736/3736 3721/3721/3721
f 3714/3714/3714 3720/3720/3720 3721/3721/3721
f 3049/3049/3049 2604/2604/2604 3149/3149/3149
f 2598/2598/2598 2861/2861/2861 2604/2604/2604
f 2598/2598/2598 2597/2597/2597 2861/2861/2861
f 521/521/521 524/524/524 525/525/525
f 523/523/523 524/524/524 511/511/511
f 2583/2583/2583 2601/2601/2601 2581/2581/2581
f 459/459/459 408/408/408 458/458/458
f 47/47/47 458/458/458 408/408/408
f 47/47/47 408/408/408 45/45/45
f 2667/2667/2667 2602/2602/2602 2584/2584/2584
f 55/55/55 43/43/43 44/44/44
f 52/52/52 43/43/43 55/55/55
f 2660/2660/2660 2653/2653/2653 2650/2650/2650
f 113/113/113 115/115/115 116/116/116
f 3063/3063/3063 3148/3148/3148 3069/3069/3069
f 356/356/356 337/337/337 116/116/116
f 2181/2181/2181 2149/2149/2149 2176/2176/2176
f 2072/2072/2072 2122/2122/2122 2058/2058/2058
f 236/236/236 193/193/193 225/225/225
f 340/340/340 236/236/236 225/225/225
f 286/286/286 236/236/236 287/287/287
f 272/272/272 276/276/276 286/286/286
f 1276/1276/1276 1277/1277/1277 359/359/359
f 2105/2105/2105 2109/2109/2109 2086/2086/2086
f 1418/1418/1418 1420/1420/1420 1445/1445/1445
f 1445/1445/1445 1420/1420/1420 1419/1419/1419
f 3607/3607/3607 3626/3626/3626 3620/3620/3620
f 2541/2541/2541 2546/2546/2546 2554/2554/2554
f 3619/3619/3619 3611/3611/3611 3608/3608/3608
f 2932/2932/2932 2553/2553/2553 2549/2549/2549
f 2941/2941/2941 2553/2553/2553 2932/2932/2932
f 3622/3622/3622 3612/3612/3612 3618/3618/3618
f 2382/2382/2382 2383/2383/2383 2351/2351/2351
f 2304/2304/2304 2310/2310/2310 2302/2302/2302
f 2844/2844/2844 3078/3078/3078 3013/3013/3013
f 2400/2400/2400 2399/2399/2399 2408/2408/2408
f 2408/2408/2408 2404/2404/2404 2400/2400/2400
f 2435/2435/2435 2431/2431/2431 2407/2407/2407
f 2441/2441/2441 2435/2435/2435 2476/2476/2476
f 937/937/937 906/906/906 907/907/907
f 2923/2923/2923 3031/3031/3031 2879/2879/2879
f 4456/4456/4456 4459/4459/4459 4464/4464/4464
f 4454/4454/4454 4459/4459/4459 4456/4456/4456
f 4454/4454/4454 4461/4461/4461 4459/4459/4459
f 4460/4460/4460 4454/4454/4454 4455/4455/4455
f 4461/4461/4461 4454/4454/4454 4460/4460/4460
f 3398/3398/3398 3421/3421/3421 3422/3422/3422
f 3395/3395/3395 3420/3420/3420 3390/3390/3390
f 3391/3391/3391 3421/3421/3421 3398/3398/3398
f 3390/3390/3390 3420/3420/3420 3391/3391/3391
f 649/649/649 565/565/565 696/696/696
f 3729/3729/3729 3735/3735/3735 3727/3727/3727
f 3719/3719/3719 3725/3725/3725 3727/3727/3727
f 3719/3719/3719 3727/3727/3727 3726/3726/3726
f 2604/2604/2604 3046/3046/3046 3149/3149/3149
f 2861/2861/2861 3046/3046/3046 2604/2604/2604
f 530/530/530 532/532/532 540/540/540
f 2601/2601/2601 2846/2846/2846 2597/2597/2597
f 511/511/511 524/524/524 521/521/521
f 2583/2583/2583 2839/2839/2839 2601/2601/2601
f 2840/2840/2840 2839/2839/2839 2583/2583/2583
f 53/53/53 31/31/31 52/52/52
f 31/31/31 53/53/53 41/41/41
f 69/69/69 68/68/68 61/61/61
f 3063/3063/3063 3069/3069/3069 2911/2911/2911
f 2176/2176/2176 2177/2177/2177 2187/2187/2187
f 2058/2058/2058 2048/2048/2048 2072/2072/2072
f 225/225/225 229/229/229 340/340/340
f 287/287/287 272/272/272 286/286/286
f 275/275/275 273/273/273 264/264/264
f 2066/2066/2066 2087/2087/2087 2065/2065/2065
f 261/261/261 338/338/338 259/259/259
f 1281/1281/1281 1276/1276/1276 1275/1275/1275
f 1407/1407/1407 1426/1426/1426 1408/1408/1408
f 2552/2552/2552 2541/2541/2541 2554/2554/2554
f 3619/3619/3619 3608/3608/3608 3620/3620/3620
f 2546/2546/2546 2549/2549/2549 2553/2553/2553
f 2941/2941/2941 2952/2952/2952 2553/2553/2553
f 3617/3617/3617 3614/3614/3614 3628/3628/3628
f 3614/3614/3614 3622/3622/3622 3628/3628/3628
f 2351/2351/2351 2383/2383/2383 2354/2354/2354
f 2333/2333/2333 2322/2322/2322 2351/2351/2351
f 2942/2942/2942 2944/2944/2944 2943/2943/2943
f 2316/2316/2316 2308/2308/2308 2322/2322/2322
f 2942/2942/2942 2945/2945/2945 2944/2944/2944
f 2307/2307/2307 2304/2304/2304 2306/2306/2306
f 3013/3013/3013 3120/3120/3120 2985/2985/2985
f 2397/2397/2397 2408/2408/2408 2399/2399/2399
f 2076/2076/2076 2052/2052/2052 2077/2077/2077
f 2407/2407/2407 2404/2404/2404 2415/2415/2415
f 2427/2427/2427 2407/2407/2407 2415/2415/2415
f 2436/2436/2436 2435/2435/2435 2407/2407/2407
f 899/899/899 898/898/898 907/907/907
f 3035/3035/3035 3033/3033/3033 3031/3031/3031
f 1016/1016/1016 1056/1056/1056 975/975/975
f 4456/4456/4456 4464/4464/4464 4431/4431/4431
f 3035/3035/3035 3362/3362/3362 3140/3140/3140
f 4458/4458/4458 4450/4450/4450 4452/4452/4452
f 4457/4457/4457 4450/4450/4450 4458/4458/4458
f 3420/3420/3420 3421/3421/3421 3391/3391/3391
f 3720/3720/3720 3711/3711/3711 3713/3713/3713
f 3714/3714/3714 3711/3711/3711 3720/3720/3720
f 3743/3743/3743 3721/3721/3721 3744/3744/3744
f 3725/3725/3725 3729/3729/3729 3727/3727/3727
f 3713/3713/3713 3719/3719/3719 3726/3726/3726
f 542/542/542 531/531/531 530/530/530
f 2597/2597/2597 2846/2846/2846 2861/2861/2861
f 503/503/503 459/459/459 512/512/512
f 478/478/478 44/44/44 45/45/45
f 2865/2865/2865 2667/2667/2667 2668/2668/2668
f 68/68/68 77/77/77 81/81/81
f 77/77/77 70/70/70 81/81/81
f 78/78/78 76/76/76 77/77/77
f 85/85/85 78/78/78 112/112/112
f 449/449/449 355/355/355 356/356/356
f 224/224/224 355/355/355 229/229/229
f 2058/2058/2058 2063/2063/2063 2050/2050/2050
f 2066/2066/2066 2050/2050/2050 2063/2063/2063
f 264/264/264 263/263/263 260/260/260
f 2109/2109/2109 2082/2082/2082 2086/2086/2086
f 1419/1419/1419 1420/1420/1420 1400/1400/1400
f 1419/1419/1419 1400/1400/1400 1401/1401/1401
f 1400/1400/1400 1398/1398/1398 1401/1401/1401
f 1408/1408/1408 1401/1401/1401 1398/1398/1398
f 2160/2160/2160 2140/2140/2140 2135/2135/2135
f 1407/1407/1407 1447/1447/1447 1426/1426/1426
f 4545/4545/4545 4544/4544/4544 4542/4542/4542
f 3626/3626/3626 3635/3635/3635 3632/3632/3632
f 2333/2333/2333 2351/2351/2351 2354/2354/2354
f 2316/2316/2316 2322/2322/2322 2333/2333/2333
f 2308/2308/2308 2316/2316/2316 2306/2306/2306
f 2313/2313/2313 2304/2304/2304 2307/2307/2307
f 2945/2945/2945 2980/2980/2980 2946/2946/2946
f 3078/3078/3078 3120/3120/3120 3013/3013/3013
f 3120/3120/3120 2980/2980/2980 2985/2985/2985
f 2814/2814/2814 2802/2802/2802 2844/2844/2844
f 2319/2319/2319 2345/2345/2345 2318/2318/2318
f 2828/2828/2828 2802/2802/2802 2801/2801/2801
f 2366/2366/2366 2362/2362/2362 2345/2345/2345
f 2362/2362/2362 2366/2366/2366 2386/2386/2386
f 2388/2388/2388 2386/2386/2386 2366/2366/2366
f 2388/2388/2388 2397/2397/2397 2398/2398/2398
f 1837/1837/1837 2075/2075/2075 2076/2076/2076
f 1837/1837/1837 2076/2076/2076 2077/2077/2077
f 1838/1838/1838 2075/2075/2075 1837/1837/1837
f 1836/1836/1836 1838/1838/1838 1837/1837/1837
f 2436/2436/2436 2407/2407/2407 2427/2427/2427
f 1795/1795/1795 1836/1836/1836 1837/1837/1837
f 906/906/906 899/899/899 907/907/907
f 877/877/877 899/899/899 900/900/900
f 3031/3031/3031 3032/3032/3032 2879/2879/2879
f 905/905/905 904/904/904 900/900/900
f 905/905/905 918/918/918 904/904/904
f 4450/4450/4450 4442/4442/4442 4452/4452/4452
f 4455/4455/4455 4454/4454/4454 4453/4453/4453
f 4455/4455/4455 4453/4453/4453 4460/4460/4460
f 4457/4457/4457 4460/4460/4460 4453/4453/4453
f 4457/4457/4457 4449/4449/4449 4450/4450/4450
f 3722/3722/3722 3714/3714/3714 3721/3721/3721
f 3712/3712/3712 3711/3711/3711 3714/3714/3714
f 3721/3721/3721 3743/3743/3743 3722/3722/3722
f 565/565/565 649/649/649 543/543/543
f 3046/3046/3046 3124/3124/3124 3149/3149/3149
f 545/545/545 540/540/540 532/532/532
f 525/525/525 522/522/522 521/521/521
f 503/503/503 511/511/511 501/501/501
f 408/408/408 478/478/478 45/45/45
f 2667/2667/2667 2841/2841/2841 2602/2602/2602
f 55/55/55 44/44/44 478/478/478
f 2866/2866/2866 2865/2865/2865 2668/2668/2668
f 41/41/41 53/53/53 42/42/42
f 41/41/41 42/42/42 7/7/7
f 2653/2653/2653 2859/2859/2859 2668/2668/2668
f 2911/2911/2911 2660/2660/2660 2910/2910/2910
f 115/115/115 118/118/118 116/116/116
f 269/269/269 273/273/273 272/272/272
f 2066/2066/2066 2065/2065/2065 2050/2050/2050
f 260/260/260 263/263/263 261/261/261
f 1392/1392/1392 1355/1355/1355 1371/1371/1371
f 1371/1371/1371 1418/1418/1418 1392/1392/1392
f 2135/2135/2135 2113/2113/2113 2109/2109/2109
f 2135/2135/2135 2140/2140/2140 2113/2113/2113
f 2160/2160/2160 2196/2196/2196 2140/2140/2140
f 4544/4544/4544 4574/4574/4574 4531/4531/4531
f 3632/3632/3632 3620/3620/3620 3626/3626/3626
f 2248/2248/2248 2240/2240/2240 2247/2247/2247
f 2554/2554/2554 2546/2546/2546 2555/2555/2555
f 3620/3620/3620 3631/3631/3631 3619/3619/3619
f 2553/2553/2553 2555/2555/2555 2546/2546/2546
f 3619/3619/3619 3618/3618/3618 3611/3611/3611
f 2553/2553/2553 2952/2952/2952 2556/2556/2556
f 2333/2333/2333 2323/2323/2323 2316/2316/2316
f 2945/2945/2945 2946/2946/2946 2944/2944/2944
f 2313/2313/2313 2310/2310/2310 2304/2304/2304
f 2857/2857/2857 3078/3078/3078 2844/2844/2844
f 2802/2802/2802 2857/2857/2857 2844/2844/2844
f 2828/2828/2828 2919/2919/2919 2802/2802/2802
f 2404/2404/2404 2408/2408/2408 2415/2415/2415
f 1838/1838/1838 2081/2081/2081 2075/2075/2075
f 2461/2461/2461 2427/2427/2427 2465/2465/2465
f 2436/2436/2436 2427/2427/2427 2461/2461/2461
f 2435/2435/2435 2436/2436/2436 2476/2476/2476
f 2476/2476/2476 2436/2436/2436 2477/2477/2477
f 2477/2477/2477 2436/2436/2436 2461/2461/2461
f 1835/1835/1835 1836/1836/1836 1795/1795/1795
f 906/906/906 1021/1021/1021 982/982/982
f 901/901/901 900/900/900 899/899/899
f 901/901/901 905/905/905 900/900/900
f 3031/3031/3031 3033/3033/3033 3032/3032/3032
f 905/905/905 921/921/921 918/918/918
f 921/921/921 975/975/975 918/918/918
f 3140/3140/3140 3067/3067/3067 3035/3035/3035
f 4456/4456/4456 4430/4430/4430 4454/4454/4454
f 4430/4430/4430 4434/4434/4434 4454/4454/4454
f 4434/4434/4434 4453/4453/4453 4454/4454/4454
f 4449/4449/4449 4457/4457/4457 4453/4453/4453
f 4442/4442/4442 4448/4448/4448 4452/4452/4452
f 3723/3723/3723 3729/3729/3729 3725/3725/3725
f 3710/3710/3710 3713/3713/3713 3711/3711/3711
f 3710/3710/3710 3711/3711/3711 3712/3712/3712
f 3719/3719/3719 3713/3713/3713 3716/3716/3716
f 544/544/544 532/532/532 543/543/543
f 544/544/544 545/545/545 532/532/532
f 542/542/542 525/525/525 531/531/531
f 2601/2601/2601 2847/2847/2847 2846/2846/2846
f 509/509/509 511/511/511 521/521/521
f 2839/2839/2839 2847/2847/2847 2601/2601/2601
f 476/476/476 459/459/459 503/503/503
f 408/408/408 459/459/459 475/475/475
f 2840/2840/2840 2602/2602/2602 2841/2841/2841
f 2667/2667/2667 2865/2865/2865 2841/2841/2841
f 63/63/63 61/61/61 7/7/7
f 2911/2911/2911 3038/3038/3038 2660/2660/2660
f 122/122/122 115/115/115 112/112/112
f 118/118/118 132/132/132 116/116/116
f 132/132/132 356/356/356 116/116/116
f 428/428/428 356/356/356 132/132/132
f 3148/3148/3148 3309/3309/3309 3154/3154/3154
f 367/367/367 355/355/355 449/449/449
f 367/367/367 229/229/229 355/355/355
f 340/340/340 288/288/288 236/236/236
f 287/287/287 236/236/236 288/288/288
f 2058/2058/2058 2050/2050/2050 2048/2048/2048
f 338/338/338 1276/1276/1276 359/359/359
f 2113/2113/2113 2088/2088/2088 2109/2109/2109
f 1398/1398/1398 1407/1407/1407 1408/1408/1408
f 4538/4538/4538 4531/4531/4531 4574/4574/4574
f 4533/4533/4533 4531/4531/4531 4538/4538/4538
f 3619/3619/3619 3622/3622/3622 3618/3618/3618
f 2360/2360/2360 2354/2354/2354 2383/2383/2383
f 2943/2943/2943 2944/2944/2944 2951/2951/2951
f 2323/2323/2323 2315/2315/2315 2316/2316/2316
f 2316/2316/2316 2315/2315/2315 2306/2306/2306
f 2319/2319/2319 2346/2346/2346 2345/2345/2345
f 3107/3107/3107 3153/3153/3153 2828/2828/2828
f 2078/2078/2078 2052/2052/2052 2076/2076/2076
f 2408/2408/2408 2421/2421/2421 2415/2415/2415
f 2075/2075/2075 2081/2081/2081 2076/2076/2076
f 2427/2427/2427 2415/2415/2415 2443/2443/2443
f 2465/2465/2465 2427/2427/2427 2443/2443/2443
f 1021/1021/1021 1068/1068/1068 982/982/982
f 3088/3088/3088 3221/3221/3221 3150/3150/3150
f 2879/2879/2879 3089/3089/3089 3088/3088/3088
f 3033/3033/3033 3034/3034/3034 3032/3032/3032
f 3035/3035/3035 3067/3067/3067 3033/3033/3033
f 921/921/921 1016/1016/1016 975/975/975
f 4456/4456/4456 4431/4431/4431 4430/4430/4430
f 4449/4449/4449 4440/4440/4440 4450/4450/4450
f 4434/4434/4434 4451/4451/4451 4453/4453/4453
f 4453/4453/4453 4451/4451/4451 4449/4449/4449
f 4450/4450/4450 4440/4440/4440 4442/4442/4442
f 3715/3715/3715 3712/3712/3712 3714/3714/3714
f 3710/3710/3710 3716/3716/3716 3713/3713/3713
f 649/649/649 585/585/585 543/543/543
f 3734/3734/3734 3729/3729/3729 3723/3723/3723
f 3719/3719/3719 3723/3723/3723 3725/3725/3725
f 2861/2861/2861 3042/3042/3042 3046/3046/3046
f 2861/2861/2861 2915/2915/2915 3042/3042/3042
f 541/541/541 530/530/530 540/540/540
f 541/541/541 542/542/542 530/530/530
f 501/501/501 511/511/511 509/509/509
f 2840/2840/2840 2877/2877/2877 2839/2839/2839
f 2841/2841/2841 2877/2877/2877 2840/2840/2840
f 495/495/495 55/55/55 478/478/478
f 57/57/57 52/52/52 55/55/55
f 52/52/52 57/57/57 53/53/53
f 2859/2859/2859 2866/2866/2866 2668/2668/2668
f 69/69/69 61/61/61 63/63/63
f 68/68/68 69/69/69 82/82/82
f 68/68/68 82/82/82 77/77/77
f 2860/2860/2860 2653/2653/2653 2660/2660/2660
f 2660/2660/2660 3038/3038/3038 2860/2860/2860
f 3039/3039/3039 2911/2911/2911 3079/3079/3079
f 122/122/122 118/118/118 115/115/115
f 3069/3069/3069 3079/3079/3079 2911/2911/2911
f 2102/2102/2102 2177/2177/2177 2176/2176/2176
f 2176/2176/2176 2149/2149/2149 2074/2074/2074
f 340/340/340 229/229/229 366/366/366
f 2050/2050/2050 2046/2046/2046 2048/2048/2048
f 270/270/270 272/272/272 287/287/287
f 270/270/270 269/269/269 272/272/272
f 269/269/269 264/264/264 273/273/273
f 2065/2065/2065 2047/2047/2047 2050/2050/2050
f 263/263/263 338/338/338 261/261/261
f 2087/2087/2087 2064/2064/2064 2065/2065/2065
f 2086/2086/2086 2064/2064/2064 2087/2087/2087
f 2088/2088/2088 2082/2082/2082 2109/2109/2109
f 1355/1355/1355 1281/1281/1281 1371/1371/1371
f 1371/1371/1371 1417/1417/1417 1418/1418/1418
f 1417/1417/1417 1412/1412/1412 1418/1418/1418
f 1412/1412/1412 1420/1420/1420 1418/1418/1418
f 1420/1420/1420 1412/1412/1412 1400/1400/1400
f 4531/4531/4531 4542/4542/4542 4544/4544/4544
f 4738/4738/4738 4739/4739/4739 4737/4737/4737
f 3632/3632/3632 3631/3631/3631 3620/3620/3620
f 3632/3632/3632 3637/3637/3637 3631/3631/3631
f 2468/2468/2468 2467/2467/2467 2462/2462/2462
f 2553/2553/2553 2556/2556/2556 2555/2555/2555
f 2462/2462/2462 2455/2455/2455 2383/2383/2383
f 2383/2383/2383 2455/2455/2455 2360/2360/2360
f 2354/2354/2354 2360/2360/2360 2333/2333/2333
f 2334/2334/2334 2323/2323/2323 2333/2333/2333
f 2346/2346/2346 2319/2319/2319 2344/2344/2344
f 2366/2366/2366 2345/2345/2345 2346/2346/2346
f 2828/2828/2828 3153/3153/3153 2919/2919/2919
f 2397/2397/2397 2426/2426/2426 2428/2428/2428
f 2408/2408/2408 2397/2397/2397 2428/2428/2428
f 2408/2408/2408 2428/2428/2428 2421/2421/2421
f 2076/2076/2076 2079/2079/2079 2078/2078/2078
f 2415/2415/2415 2421/2421/2421 2443/2443/2443
f 1021/1021/1021 1028/1028/1028 1122/1122/1122
f 1122/1122/1122 1028/1028/1028 1121/1121/1121
f 1795/1795/1795 1794/1794/1794 1793/1793/1793
f 903/903/903 899/899/899 906/906/906
f 3221/3221/3221 3088/3088/3088 3089/3089/3089
f 2879/2879/2879 3032/3032/3032 3089/3089/3089
f 902/902/902 901/901/901 899/899/899
f 3033/3033/3033 3067/3067/3067 3034/3034/3034
f 4451/4451/4451 4438/4438/4438 4449/4449/4449
f 4449/4449/4449 4438/4438/4438 4440/4440/4440
f 3046/3046/3046 3042/3042/3042 3124/3124/3124
f 2861/2861/2861 2914/2914/2914 2915/2915/2915
f 2846/2846/2846 2914/2914/2914 2861/2861/2861
f 2846/2846/2846 2847/2847/2847 2914/2914/2914
f 2839/2839/2839 2876/2876/2876 2847/2847/2847
f 501/501/501 476/476/476 503/503/503
f 2839/2839/2839 2877/2877/2877 2876/2876/2876
f 475/475/475 478/478/478 408/408/408
f 495/495/495 478/478/478 480/480/480
f 2865/2865/2865 2866/2866/2866 3036/3036/3036
f 57/57/57 55/55/55 495/495/495
f 2860/2860/2860 2859/2859/2859 2653/2653/2653
f 3038/3038/3038 2911/2911/2911 3039/3039/3039
f 3148/3148/3148 3154/3154/3154 3069/3069/3069
f 449/449/449 356/356/356 702/702/702
f 2161/2161/2161 2102/2102/2102 2176/2176/2176
f 2176/2176/2176 2074/2074/2074 2161/2161/2161
f 2073/2073/2073 2074/2074/2074 2149/2149/2149
f 367/367/367 366/366/366 229/229/229
f 2073/2073/2073 2072/2072/2072 2032/2032/2032
f 2032/2032/2032 2072/2072/2072 2048/2048/2048
f 2050/2050/2050 2047/2047/2047 2046/2046/2046
f 266/266/266 264/264/264 269/269/269
f 264/264/264 265/265/265 263/263/263
f 2065/2065/2065 2064/2064/2064 2047/2047/2047
f 1275/1275/1275 1276/1276/1276 338/338/338
f 1400/1400/1400 1412/1412/1412 1396/1396/1396
f 1396/1396/1396 1398/1398/1398 1400/1400/1400
f 2148/2148/2148 2140/2140/2140 2196/2196/2196
f 4532/4532/4532 4531/4531/4531 4533/4533/4533
f 2462/2462/2462 2467/2467/2467 2455/2455/2455
f 2355/2355/2355 2333/2333/2333 2360/2360/2360
f 2334/2334/2334 2333/2333/2333 2355/2355/2355
f 2944/2944/2944 2991/2991/2991 2951/2951/2951
f 2990/2990/2990 2991/2991/2991 2944/2944/2944
f 2314/2314/2314 2315/2315/2315 2323/2323/2323
f 2944/2944/2944 2949/2949/2949 2990/2990/2990
f 2314/2314/2314 2306/2306/2306 2315/2315/2315
f 2307/2307/2307 2306/2306/2306 2314/2314/2314
f 2944/2944/2944 2948/2948/2948 2949/2949/2949
f 2313/2313/2313 2307/2307/2307 2314/2314/2314
f 2944/2944/2944 2946/2946/2946 2948/2948/2948
f 2317/2317/2317 2319/2319/2319 2310/2310/2310
f 2802/2802/2802 2921/2921/2921 2857/2857/2857
f 2317/2317/2317 2344/2344/2344 2319/2319/2319
f 3153/3153/3153 3236/3236/3236 2919/2919/2919
f 2421/2421/2421 2456/2456/2456 2443/2443/2443
f 2081/2081/2081 2079/2079/2079 2076/2076/2076
f 1183/1183/1183 1122/1122/1122 1121/1121/1121
f 1793/1793/1793 1835/1835/1835 1795/1795/1795
f 4438/4438/4438 4451/4451/4451 4434/4434/4434
f 4439/4439/4439 4440/4440/4440 4438/4438/4438
f 4440/4440/4440 4439/4439/4439 4441/4441/4441
f 4440/4440/4440 4441/4441/4441 4442/4442/4442
f 3722/3722/3722 3715/3715/3715 3714/3714/3714
f 3731/3731/3731 3710/3710/3710 3712/3712/3712
f 3719/3719/3719 3716/3716/3716 3723/3723/3723
f 3723/3723/3723 3716/3716/3716 3724/3724/3724
f 3710/3710/3710 3717/3717/3717 3716/3716/3716
f 3732/3732/3732 3722/3722/3722 3743/3743/3743
f 544/544/544 543/543/543 585/585/585
f 525/525/525 542/542/542 566/566/566
f 522/522/522 525/525/525 566/566/566
f 522/522/522 509/509/509 521/521/521
f 3047/3047/3047 2847/2847/2847 2876/2876/2876
f 459/459/459 476/476/476 475/475/475
f 2865/2865/2865 3036/3036/3036 2841/2841/2841
f 2866/2866/2866 2867/2867/2867 3037/3037/3037
f 7/7/7 42/42/42 64/64/64
f 2859/2859/2859 2867/2867/2867 2866/2866/2866
f 79/79/79 78/78/78 77/77/77
f 78/78/78 79/79/79 83/83/83
f 83/83/83 122/122/122 78/78/78
f 78/78/78 122/122/122 112/112/112
f 132/132/132 118/118/118 133/133/133
f 3154/3154/3154 3309/3309/3309 3319/3319/3319
f 396/396/396 288/288/288 340/340/340
f 2140/2140/2140 2089/2089/2089 2113/2113/2113
f 4740/4740/4740 4738/4738/4738 4764/4764/4764
f 2240/2240/2240 2246/2246/2246 2247/2247/2247
f 2562/2562/2562 2555/2555/2555 2556/2556/2556
f 2952/2952/2952 2562/2562/2562 2556/2556/2556
f 2943/2943/2943 2562/2562/2562 2952/2952/2952
f 2562/2562/2562 2943/2943/2943 2951/2951/2951
f 2355/2355/2355 2340/2340/2340 2334/2334/2334
f 2340/2340/2340 2323/2323/2323 2334/2334/2334
f 2310/2310/2310 2313/2313/2313 2317/2317/2317
f 3120/3120/3120 3066/3066/3066 2980/2980/2980
f 2946/2946/2946 2980/2980/2980 3066/3066/3066
f 2346/2346/2346 2370/2370/2370 2366/2366/2366
f 2366/2366/2366 2370/2370/2370 2388/2388/2388
f 2919/2919/2919 3238/3238/3238 2920/2920/2920
f 2370/2370/2370 2397/2397/2397 2388/2388/2388
f 3236/3236/3236 3238/3238/3238 2919/2919/2919
f 2079/2079/2079 2080/2080/2080 2078/2078/2078
f 2456/2456/2456 2428/2428/2428 2448/2448/2448
f 2421/2421/2421 2428/2428/2428 2456/2456/2456
f 3034/3034/3034 3050/3050/3050 3032/3032/3032
f 920/920/920 905/905/905 901/901/901
f 3140/3140/3140 3139/3139/3139 3067/3067/3067
f 4429/4429/4429 4434/4434/4434 4430/4430/4430
f 4434/4434/4434 4436/4436/4436 4438/4438/4438
f 4439/4439/4439 4438/4438/4438 4436/4436/4436
f 3715/3715/3715 3731/3731/3731 3712/3712/3712
f 3734/3734/3734 3723/3723/3723 3724/3724/3724
f 2915/2915/2915 3043/3043/3043 3042/3042/3042
f 2847/2847/2847 3047/3047/3047 2914/2914/2914
f 480/480/480 478/478/478 475/475/475
f 3036/3036/3036 2877/2877/2877 2841/2841/2841
f 64/64/64 63/63/63 7/7/7
f 82/82/82 69/69/69 63/63/63
f 77/77/77 80/80/80 79/79/79
f 428/428/428 702/702/702 356/356/356
f 368/368/368 449/449/449 702/702/702
f 368/368/368 367/367/367 449/449/449
f 366/366/366 367/367/367 368/368/368
f 2047/2047/2047 2045/2045/2045 2046/2046/2046
f 264/264/264 266/266/266 265/265/265
f 301/301/301 263/263/263 265/265/265
f 263/263/263 330/330/330 338/338/338
f 330/330/330 1275/1275/1275 338/338/338
f 2086/2086/2086 2062/2062/2062 2064/2064/2064
f 1274/1274/1274 1281/1281/1281 1275/1275/1275
f 1281/1281/1281 1274/1274/1274 1269/1269/1269
f 1371/1371/1371 1281/1281/1281 1269/1269/1269
f 1412/1412/1412 1417/1417/1417 1371/1371/1371
f 2140/2140/2140 2103/2103/2103 2089/2089/2089
f 2148/2148/2148 2103/2103/2103 2140/2140/2140
f 4542/4542/4542 4541/4541/4541 4543/4543/4543
f 4531/4531/4531 4541/4541/4541 4542/4542/4542
f 4739/4739/4739 4738/4738/4738 4740/4740/4740
f 2225/2225/2225 2246/2246/2246 2240/2240/2240
f 2240/2240/2240 2226/2226/2226 2225/2225/2225
f 2563/2563/2563 2554/2554/2554 2555/2555/2555
f 2562/2562/2562 2563/2563/2563 2555/2555/2555
f 2372/2372/2372 2360/2360/2360 2455/2455/2455
f 2360/2360/2360 2372/2372/2372 2355/2355/2355
f 2951/2951/2951 2991/2991/2991 3095/3095/3095
f 2324/2324/2324 2323/2323/2323 2340/2340/2340
f 2324/2324/2324 2314/2314/2314 2323/2323/2323
f 2320/2320/2320 2314/2314/2314 2324/2324/2324
f 2946/2946/2946 3066/3066/3066 2948/2948/2948
f 2857/2857/2857 3041/3041/3041 3078/3078/3078
f 2857/2857/2857 2921/2921/2921 3041/3041/3041
f 2370/2370/2370 2346/2346/2346 2344/2344/2344
f 2919/2919/2919 2920/2920/2920 2802/2802/2802
f 2370/2370/2370 2426/2426/2426 2397/2397/2397
f 2078/2078/2078 2080/2080/2080 2202/2202/2202
f 2428/2428/2428 2426/2426/2426 2437/2437/2437
f 2428/2428/2428 2437/2437/2437 2448/2448/2448
f 1122/1122/1122 1068/1068/1068 1021/1021/1021
f 1828/1828/1828 1835/1835/1835 1793/1793/1793
f 1794/1794/1794 1792/1792/1792 1793/1793/1793
f 906/906/906 982/982/982 903/903/903
f 903/903/903 902/902/902 899/899/899
f 3089/3089/3089 3032/3032/3032 3082/3082/3082
f 3032/3032/3032 3050/3050/3050 3082/3082/3082
f 921/921/921 905/905/905 920/920/920
f 4429/4429/4429 4430/4430/4430 4431/4431/4431
f 4429/4429/4429 4433/4433/4433 4434/4434/4434
f 4442/4442/4442 4447/4447/4447 4448/4448/4448
f 4443/4443/4443 4447/4447/4447 4442/4442/4442
f 4434/4434/4434 4435/4435/4435 4436/4436/4436
f 4442/4442/4442 4441/4441/4441 4443/4443/4443
f 3752/3752/3752 3747/3747/3747 3748/3748/3748
f 3748/3748/3748 3747/3747/3747 3746/3746/3746
f 3748/3748/3748 3746/3746/3746 3751/3751/3751
f 3722/3722/3722 3732/3732/3732 3715/3715/3715
f 3718/3718/3718 3724/3724/3724 3716/3716/3716
f 3717/3717/3717 3718/3718/3718 3716/3716/3716
f 57/57/57 495/495/495 641/641/641
f 3037/3037/3037 3036/3036/3036 2866/2866/2866
f 53/53/53 421/421/421 42/42/42
f 3037/3037/3037 2867/2867/2867 3052/3052/3052
f 2860/2860/2860 2867/2867/2867 2859/2859/2859
f 3038/3038/3038 3062/3062/3062 2860/2860/2860
f 3039/3039/3039 3062/3062/3062 3038/3038/3038
f 122/122/122 83/83/83 126/126/126
f 3039/3039/3039 3079/3079/3079 3080/3080/3080
f 3079/3079/3079 3069/3069/3069 3080/3080/3080
f 132/132/132 133/133/133 428/428/428
f 3154/3154/3154 3080/3080/3080 3069/3069/3069
f 2161/2161/2161 2108/2108/2108 2102/2102/2102
f 366/366/366 390/390/390 340/340/340
f 288/288/288 270/270/270 287/287/287
f 301/301/301 330/330/330 263/263/263
f 2082/2082/2082 2062/2062/2062 2086/2086/2086
f 1269/1269/1269 1363/1363/1363 1371/1371/1371
f 2113/2113/2113 2089/2089/2089 2088/2088/2088
f 1407/1407/1407 1448/1448/1448 1447/1447/1447
f 4541/4541/4541 4531/4531/4531 4530/4530/4530
f 4532/4532/4532 4529/4529/4529 4531/4531/4531
f 2464/2464/2464 2467/2467/2467 2474/2474/2474
f 2455/2455/2455 2464/2464/2464 2372/2372/2372
f 2562/2562/2562 2951/2951/2951 3095/3095/3095
f 2320/2320/2320 2313/2313/2313 2314/2314/2314
f 2321/2321/2321 2313/2313/2313 2320/2320/2320
f 3231/3231/3231 3078/3078/3078 3213/3213/3213
f 3078/3078/3078 3041/3041/3041 3213/3213/3213
f 3078/3078/3078 3231/3231/3231 3120/3120/3120
f 2317/2317/2317 2313/2313/2313 2321/2321/2321
f 2921/2921/2921 2802/2802/2802 2920/2920/2920
f 2344/2344/2344 2369/2369/2369 2370/2370/2370
f 2370/2370/2370 2369/2369/2369 2426/2426/2426
f 2426/2426/2426 2369/2369/2369 2429/2429/2429
f 1197/1197/1197 1122/1122/1122 1183/1183/1183
f 1001/1001/1001 982/982/982 1068/1068/1068
f 903/903/903 916/916/916 902/902/902
f 3067/3067/3067 3050/3050/3050 3034/3034/3034
f 947/947/947 921/921/921 920/920/920
f 947/947/947 1016/1016/1016 921/921/921
f 3747/3747/3747 3752/3752/3752 3750/3750/3750
f 4441/4441/4441 4439/4439/4439 4444/4444/4444
f 4443/4443/4443 4441/4441/4441 4444/4444/4444
f 3745/3745/3745 3746/3746/3746 3747/3747/3747
f 3748/3748/3748 3751/3751/3751 3754/3754/3754
f 3751/3751/3751 3746/3746/3746 3753/3753/3753
f 3770/3770/3770 3773/3773/3773 3780/3780/3780
f 3710/3710/3710 3731/3731/3731 3730/3730/3730
f 3730/3730/3730 3717/3717/3717 3710/3710/3710
f 3124/3124/3124 3123/3123/3123 3245/3245/3245
f 3042/3042/3042 3123/3123/3123 3124/3124/3124
f 553/553/553 585/585/585 736/736/736
f 585/585/585 553/553/553 544/544/544
f 3043/3043/3043 3044/3044/3044 3042/3042/3042
f 2915/2915/2915 3068/3068/3068 3043/3043/3043
f 2914/2914/2914 3068/3068/3068 2915/2915/2915
f 477/477/477 476/476/476 501/501/501
f 477/477/477 475/475/475 476/476/476
f 480/480/480 475/475/475 477/477/477
f 679/679/679 495/495/495 480/480/480
f 2877/2877/2877 3036/3036/3036 3070/3070/3070
f 77/77/77 82/82/82 80/80/80
f 2867/2867/2867 2860/2860/2860 3052/3052/3052
f 126/126/126 83/83/83 139/139/139
f 134/134/134 133/133/133 118/118/118
f 3186/3186/3186 3154/3154/3154 3319/3319/3319
f 396/396/396 340/340/340 390/390/390
f 2046/2046/2046 2032/2032/2032 2048/2048/2048
f 268/268/268 269/269/269 270/270/270
f 268/268/268 266/266/266 269/269/269
f 267/267/267 266/266/266 268/268/268
f 2064/2064/2064 2045/2045/2045 2047/2047/2047
f 1274/1274/1274 1275/1275/1275 450/450/450
f 4543/4543/4543 4541/4541/4541 4571/4571/4571
f 2464/2464/2464 2474/2474/2474 2482/2482/2482
f 2226/2226/2226 2221/2221/2221 2225/2225/2225
f 2464/2464/2464 2455/2455/2455 2467/2467/2467
f 2562/2562/2562 2564/2564/2564 2563/2563/2563
f 2372/2372/2372 2340/2340/2340 2355/2355/2355
f 2340/2340/2340 2341/2341/2341 2324/2324/2324
f 3095/3095/3095 2991/2991/2991 2565/2565/2565
f 2324/2324/2324 2341/2341/2341 2339/2339/2339
f 2949/2949/2949 3090/3090/3090 2990/2990/2990
f 3040/3040/3040 2949/2949/2949 2948/2948/2948
f 3066/3066/3066 3120/3120/3120 3231/3231/3231
f 2317/2317/2317 2321/2321/2321 2344/2344/2344
f 2344/2344/2344 2350/2350/2350 2369/2369/2369
f 2203/2203/2203 2202/2202/2202 2080/2080/2080
f 2437/2437/2437 2426/2426/2426 2448/2448/2448
f 1763/1763/1763 1828/1828/1828 1793/1793/1793
f 1792/1792/1792 1791/1791/1791 1763/1763/1763
f 925/925/925 920/920/920 901/901/901
f 3138/3138/3138 3050/3050/3050 3067/3067/3067
f 1004/1004/1004 1016/1016/1016 947/947/947
f 4432/4432/4432 4429/4429/4429 4431/4431/4431
f 4432/4432/4432 4433/4433/4433 4429/4429/4429
f 4433/4433/4433 4435/4435/4435 4434/4434/4434
f 4443/4443/4443 4446/4446/4446 4447/4447/4447
f 4444/4444/4444 4446/4446/4446 4443/4443/4443
f 3754/3754/3754 3751/3751/3751 3755/3755/3755
f 3746/3746/3746 3745/3745/3745 3756/3756/3756
f 3751/3751/3751 3753/3753/3753 3755/3755/3755
f 3745/3745/3745 3757/3757/3757 3756/3756/3756
f 3746/3746/3746 3756/3756/3756 3753/3753/3753
f 3773/3773/3773 3770/3770/3770 3766/3766/3766
f 3780/3780/3780 3767/3767/3767 3770/3770/3770
f 3781/3781/3781 3767/3767/3767 3780/3780/3780
f 3730/3730/3730 3718/3718/3718 3717/3717/3717
f 3123/3123/3123 3042/3042/3042 3045/3045/3045
f 3042/3042/3042 3044/3044/3044 3045/3045/3045
f 545/545/545 541/541/541 540/540/540
f 547/547/547 542/542/542 541/541/541
f 2914/2914/2914 3055/3055/3055 3068/3068/3068
f 566/566/566 542/542/542 547/547/547
f 510/510/510 509/509/509 522/522/522
f 3047/3047/3047 3048/3048/3048 2914/2914/2914
f 502/502/502 477/477/477 501/501/501
f 2877/2877/2877 3047/3047/3047 2876/2876/2876
f 495/495/495 679/679/679 641/641/641
f 57/57/57 641/641/641 433/433/433
f 433/433/433 53/53/53 57/57/57
f 421/421/421 53/53/53 433/433/433
f 84/84/84 79/79/79 80/80/80
f 84/84/84 83/83/83 79/79/79
f 3076/3076/3076 2860/2860/2860 3062/3062/3062
f 118/118/118 122/122/122 134/134/134
f 3080/3080/3080 3062/3062/3062 3039/3039/3039
f 3080/3080/3080 3117/3117/3117 3062/3062/3062
f 3080/3080/3080 3154/3154/3154 3186/3186/3186
f 702/702/702 428/428/428 703/703/703
f 2101/2101/2101 2100/2100/2100 2102/2102/2102
f 2099/2099/2099 2101/2101/2101 2102/2102/2102
f 2108/2108/2108 2099/2099/2099 2102/2102/2102
f 2074/2074/2074 2073/2073/2073 2032/2032/2032
f 2046/2046/2046 2034/2034/2034 2032/2032/2032
f 2045/2045/2045 2034/2034/2034 2046/2046/2046
f 267/267/267 265/265/265 266/266/266
f 450/450/450 1275/1275/1275 330/330/330
f 2082/2082/2082 2067/2067/2067 2062/2062/2062
f 2082/2082/2082 2088/2088/2088 2067/2067/2067
f 2088/2088/2088 2089/2089/2089 2067/2067/2067
f 1371/1371/1371 1406/1406/1406 1412/1412/1412
f 1363/1363/1363 1406/1406/1406 1371/1371/1371
f 1397/1397/1397 1396/1396/1396 1412/1412/1412
f 1407/1407/1407 1398/1398/1398 1395/1395/1395
f 1448/1448/1448 1407/1407/1407 1405/1405/1405
f 4529/4529/4529 4530/4530/4530 4531/4531/4531
f 4539/4539/4539 4529/4529/4529 4532/4532/4532
f 2564/2564/2564 2562/2562/2562 2565/2565/2565
f 2341/2341/2341 2340/2340/2340 2372/2372/2372
f 2562/2562/2562 3095/3095/3095 2565/2565/2565
f 2991/2991/2991 3336/3336/3336 2565/2565/2565
f 2320/2320/2320 2324/2324/2324 2339/2339/2339
f 3090/3090/3090 2949/2949/2949 3040/3040/3040
f 3066/3066/3066 3192/3192/3192 2948/2948/2948
f 2335/2335/2335 2321/2321/2321 2320/2320/2320
f 2320/2320/2320 2336/2336/2336 2335/2335/2335
f 2920/2920/2920 3114/3114/3114 2921/2921/2921
f 2335/2335/2335 2344/2344/2344 2321/2321/2321
f 2344/2344/2344 2335/2335/2335 2350/2350/2350
f 2369/2369/2369 2350/2350/2350 2385/2385/2385
f 2369/2369/2369 2385/2385/2385 2429/2429/2429
f 2203/2203/2203 2080/2080/2080 2204/2204/2204
f 2426/2426/2426 2429/2429/2429 2448/2448/2448
f 1153/1153/1153 1068/1068/1068 1122/1122/1122
f 1197/1197/1197 1153/1153/1153 1122/1122/1122
f 1792/1792/1792 1763/1763/1763 1793/1793/1793
f 916/916/916 903/903/903 982/982/982
f 925/925/925 901/901/901 902/902/902
f 3050/3050/3050 3138/3138/3138 3082/3082/3082
f 3756/3756/3756 3760/3760/3760 3753/3753/3753
f 3765/3765/3765 3766/3766/3766 3756/3756/3756
f 3756/3756/3756 3766/3766/3766 3760/3760/3760
f 3766/3766/3766 3770/3770/3770 3760/3760/3760
f 3765/3765/3765 3771/3771/3771 3773/3773/3773
f 3765/3765/3765 3773/3773/3773 3766/3766/3766
f 3771/3771/3771 3778/3778/3778 3773/3773/3773
f 548/548/548 541/541/541 545/545/545
f 548/548/548 547/547/547 541/541/541
f 522/522/522 616/616/616 510/510/510
f 501/501/501 509/509/509 502/502/502
f 3047/3047/3047 2877/2877/2877 3070/3070/3070
f 3073/3073/3073 3037/3037/3037 3074/3074/3074
f 42/42/42 421/421/421 64/64/64
f 3052/3052/3052 3074/3074/3074 3037/3037/3037
f 153/153/153 64/64/64 488/488/488
f 153/153/153 63/63/63 64/64/64
f 3053/3053/3053 3052/3052/3052 2860/2860/2860
f 3053/3053/3053 2860/2860/2860 3076/3076/3076
f 134/134/134 145/145/145 133/133/133
f 384/384/384 428/428/428 133/133/133
f 3117/3117/3117 3080/3080/3080 3186/3186/3186
f 384/384/384 703/703/703 428/428/428
f 704/704/704 702/702/702 703/703/703
f 369/369/369 702/702/702 704/704/704
f 369/369/369 368/368/368 702/702/702
f 2074/2074/2074 2108/2108/2108 2161/2161/2161
f 368/368/368 369/369/369 366/366/366
f 396/396/396 429/429/429 288/288/288
f 271/271/271 270/270/270 288/288/288
f 271/271/271 268/268/268 270/270/270
f 300/300/300 301/301/301 265/265/265
f 2045/2045/2045 2064/2064/2064 2041/2041/2041
f 301/301/301 450/450/450 330/330/330
f 2068/2068/2068 2067/2067/2067 2089/2089/2089
f 1395/1395/1395 1398/1398/1398 1396/1396/1396
f 1395/1395/1395 1405/1405/1405 1407/1407/1407
f 2368/2368/2368 2372/2372/2372 2464/2464/2464
f 2224/2224/2224 2225/2225/2225 2221/2221/2221
f 2368/2368/2368 2341/2341/2341 2372/2372/2372
f 2341/2341/2341 2368/2368/2368 2339/2339/2339
f 2990/2990/2990 3336/3336/3336 2991/2991/2991
f 2320/2320/2320 2338/2338/2338 2337/2337/2337
f 2320/2320/2320 2337/2337/2337 2336/2336/2336
f 3192/3192/3192 3040/3040/3040 2948/2948/2948
f 3066/3066/3066 3231/3231/3231 3192/3192/3192
f 3193/3193/3193 3213/3213/3213 3041/3041/3041
f 2385/2385/2385 2444/2444/2444 2429/2429/2429
f 2429/2429/2429 2444/2444/2444 2448/2448/2448
f 2448/2448/2448 2444/2444/2444 2481/2481/2481
f 1763/1763/1763 1791/1791/1791 1694/1694/1694
f 1791/1791/1791 1767/1767/1767 1694/1694/1694
f 3082/3082/3082 3198/3198/3198 3089/3089/3089
f 3139/3139/3139 3136/3136/3136 3067/3067/3067
f 4437/4437/4437 4435/4435/4435 4433/4433/4433
f 3749/3749/3749 3747/3747/3747 3750/3750/3750
f 3749/3749/3749 3745/3745/3745 3747/3747/3747
f 3757/3757/3757 3745/3745/3745 3749/3749/3749
f 3755/3755/3755 3769/3769/3769 3754/3754/3754
f 3759/3759/3759 3769/3769/3769 3755/3755/3755
f 3753/3753/3753 3759/3759/3759 3755/3755/3755
f 3760/3760/3760 3759/3759/3759 3753/3753/3753
f 3757/3757/3757 3765/3765/3765 3756/3756/3756
f 3767/3767/3767 3759/3759/3759 3760/3760/3760
f 3770/3770/3770 3767/3767/3767 3760/3760/3760
f 3123/3123/3123 3137/3137/3137 3245/3245/3245
f 3718/3718/3718 3733/3733/3733 3724/3724/3724
f 569/569/569 553/553/553 736/736/736
f 3044/3044/3044 3129/3129/3129 3045/3045/3045
f 546/546/546 545/545/545 544/544/544
f 566/566/566 616/616/616 522/522/522
f 3048/3048/3048 3055/3055/3055 2914/2914/2914
f 3047/3047/3047 3071/3071/3071 3048/3048/3048
f 692/692/692 480/480/480 477/477/477
f 3070/3070/3070 3071/3071/3071 3047/3047/3047
f 679/679/679 480/480/480 692/692/692
f 739/739/739 641/641/641 679/679/679
f 3037/3037/3037 3075/3075/3075 3036/3036/3036
f 3073/3073/3073 3075/3075/3075 3037/3037/3037
f 64/64/64 421/421/421 488/488/488
f 134/134/134 122/122/122 126/126/126
f 267/267/267 268/268/268 271/271/271
f 2089/2089/2089 2103/2103/2103 2068/2068/2068
f 1395/1395/1395 1396/1396/1396 1397/1397/1397
f 2148/2148/2148 2147/2147/2147 2103/2103/2103
f 2464/2464/2464 2482/2482/2482 2478/2478/2478
f 2368/2368/2368 2464/2464/2464 2460/2460/2460
f 2460/2460/2460 2464/2464/2464 2478/2478/2478
f 2221/2221/2221 2219/2219/2219 2224/2224/2224
f 2219/2219/2219 2221/2221/2221 2220/2220/2220
f 2368/2368/2368 2361/2361/2361 2339/2339/2339
f 2990/2990/2990 3330/3330/3330 3336/3336/3336
f 2335/2335/2335 2336/2336/2336 2343/2343/2343
f 3231/3231/3231 3232/3232/3232 3192/3192/3192
f 3366/3366/3366 3232/3232/3232 3213/3213/3213
f 3213/3213/3213 3232/3232/3232 3231/3231/3231
f 2348/2348/2348 2335/2335/2335 2343/2343/2343
f 3193/3193/3193 3366/3366/3366 3213/3213/3213
f 2921/2921/2921 3114/3114/3114 3041/3041/3041
f 2350/2350/2350 2335/2335/2335 2359/2359/2359
f 2385/2385/2385 2350/2350/2350 2359/2359/2359
f 1797/1797/1797 2275/2275/2275 1828/1828/1828
f 943/943/943 925/925/925 902/902/902
f 3082/3082/3082 3138/3138/3138 3198/3198/3198
f 948/948/948 920/920/920 925/925/925
f 3067/3067/3067 3135/3135/3135 3138/3138/3138
f 4433/4433/4433 4432/4432/4432 4437/4437/4437
f 3762/3762/3762 3749/3749/3749 3750/3750/3750
f 3758/3758/3758 3757/3757/3757 3749/3749/3749
f 3251/3251/3251 3134/3134/3134 3136/3136/3136
f 3758/3758/3758 3763/3763/3763 3757/3757/3757
f 3763/3763/3763 3765/3765/3765 3757/3757/3757
f 3134/3134/3134 3251/3251/3251 3137/3137/3137
f 3763/3763/3763 3771/3771/3771 3765/3765/3765
f 3776/3776/3776 3778/3778/3778 3771/3771/3771
f 3776/3776/3776 3779/3779/3779 3778/3778/3778
f 3777/3777/3777 3779/3779/3779 3776/3776/3776
f 3123/3123/3123 3045/3045/3045 3129/3129/3129
f 782/782/782 569/569/569 1053/1053/1053
f 546/546/546 544/544/544 553/553/553
f 502/502/502 509/509/509 510/510/510
f 656/656/656 477/477/477 502/502/502
f 3036/3036/3036 3075/3075/3075 3070/3070/3070
f 488/488/488 421/421/421 675/675/675
f 3062/3062/3062 3117/3117/3117 3076/3076/3076
f 697/697/697 703/703/703 384/384/384
f 2100/2100/2100 2101/2101/2101 2097/2097/2097
f 2074/2074/2074 2036/2036/2036 2108/2108/2108
f 369/369/369 370/370/370 366/366/366
f 267/267/267 274/274/274 265/265/265
f 2041/2041/2041 2031/2031/2031 2045/2045/2045
f 314/314/314 450/450/450 301/301/301
f 2064/2064/2064 2039/2039/2039 2041/2041/2041
f 2062/2062/2062 2039/2039/2039 2064/2064/2064
f 2062/2062/2062 2053/2053/2053 2039/2039/2039
f 2053/2053/2053 2062/2062/2062 2067/2067/2067
f 1268/1268/1268 1363/1363/1363 1269/1269/1269
f 1406/1406/1406 1379/1379/1379 1412/1412/1412
f 1379/1379/1379 1397/1397/1397 1412/1412/1412
f 4571/4571/4571 4541/4541/4541 4530/4530/4530
f 4740/4740/4740 4741/4741/4741 4739/4739/4739
f 2223/2223/2223 2224/2224/2224 2219/2219/2219
f 2218/2218/2218 2219/2219/2219 2220/2220/2220
f 2338/2338/2338 2339/2339/2339 2361/2361/2361
f 2339/2339/2339 2338/2338/2338 2320/2320/2320
f 3090/3090/3090 3330/3330/3330 2990/2990/2990
f 2343/2343/2343 2336/2336/2336 2337/2337/2337
f 2359/2359/2359 2335/2335/2335 2348/2348/2348
f 3114/3114/3114 3193/3193/3193 3041/3041/3041
f 2359/2359/2359 2434/2434/2434 2385/2385/2385
f 3238/3238/3238 3237/3237/3237 2920/2920/2920
f 2385/2385/2385 2434/2434/2434 2444/2444/2444
f 2203/2203/2203 2204/2204/2204 2205/2205/2205
f 1797/1797/1797 1828/1828/1828 1763/1763/1763
f 995/995/995 916/916/916 982/982/982
f 943/943/943 902/902/902 916/916/916
f 948/948/948 947/947/947 920/920/920
f 963/963/963 1004/1004/1004 947/947/947
f 793/793/793 1004/1004/1004 963/963/963
f 3067/3067/3067 3136/3136/3136 3135/3135/3135
f 4445/4445/4445 4437/4437/4437 4432/4432/4432
f 3137/3137/3137 3132/3132/3132 3134/3134/3134
f 3137/3137/3137 3123/3123/3123 3132/3132/3132
f 1053/1053/1053 1046/1046/1046 782/782/782
f 3129/3129/3129 3131/3131/3131 3123/3123/3123
f 548/548/548 545/545/545 546/546/546
f 3044/3044/3044 3043/3043/3043 3127/3127/3127
f 3048/3048/3048 3072/3072/3072 3055/3055/3055
f 657/657/657 477/477/477 656/656/656
f 658/658/658 657/657/657 656/656/656
f 502/502/502 658/658/658 656/656/656
f 659/659/659 660/660/660 657/657/657
f 660/660/660 477/477/477 657/657/657
f 659/659/659 657/657/657 658/658/658
f 660/660/660 692/692/692 477/477/477
f 692/692/692 740/740/740 679/679/679
f 740/740/740 739/739/739 679/679/679
f 3096/3096/3096 3073/3073/3073 3074/3074/3074
f 63/63/63 153/153/153 120/120/120
f 89/89/89 80/80/80 82/82/82
f 89/89/89 84/84/84 80/80/80
f 145/145/145 384/384/384 133/133/133
f 2099/2099/2099 2097/2097/2097 2101/2101/2101
f 371/371/371 370/370/370 369/369/369
f 294/294/294 271/271/271 288/288/288
f 2045/2045/2045 2031/2031/2031 2034/2034/2034
f 265/265/265 274/274/274 300/300/300
f 1264/1264/1264 450/450/450 314/314/314
f 1264/1264/1264 1274/1274/1274 450/450/450
f 1269/1269/1269 1274/1274/1274 1264/1264/1264
f 1269/1269/1269 1264/1264/1264 1268/1268/1268
f 2069/2069/2069 2068/2068/2068 2103/2103/2103
f 1394/1394/1394 1395/1395/1395 1397/1397/1397
f 2460/2460/2460 2478/2478/2478 2470/2470/2470
f 2361/2361/2361 2368/2368/2368 2460/2460/2460
f 2460/2460/2460 2380/2380/2380 2361/2361/2361
f 2218/2218/2218 2215/2215/2215 2219/2219/2219
f 2218/2218/2218 2217/2217/2217 2215/2215/2215
f 3040/3040/3040 3355/3355/3355 3090/3090/3090
f 3040/3040/3040 3192/3192/3192 3355/3355/3355
f 2920/2920/2920 3237/3237/3237 3114/3114/3114
f 2444/2444/2444 2434/2434/2434 2481/2481/2481
f 1797/1797/1797 1817/1817/1817 2275/2275/2275
f 1126/1126/1126 1001/1001/1001 1068/1068/1068
f 1001/1001/1001 995/995/995 982/982/982
f 943/943/943 916/916/916 995/995/995
f 3138/3138/3138 3191/3191/3191 3198/3198/3198
f 3135/3135/3135 3191/3191/3191 3138/3138/3138
f 3762/3762/3762 3775/3775/3775 3761/3761/3761
f 3761/3761/3761 3749/3749/3749 3762/3762/3762
f 3136/3136/3136 3134/3134/3134 3135/3135/3135
f 3764/3764/3764 3771/3771/3771 3763/3763/3763
f 3764/3764/3764 3776/3776/3776 3771/3771/3771
f 3777/3777/3777 3776/3776/3776 3764/3764/3764
f 3132/3132/3132 3123/3123/3123 3131/3131/3131
f 569/569/569 554/554/554 553/553/553
f 554/554/554 546/546/546 553/553/553
f 3043/3043/3043 3068/3068/3068 3127/3127/3127
f 555/555/555 547/547/547 548/548/548
f 3055/3055/3055 3141/3141/3141 3068/3068/3068
f 566/566/566 547/547/547 555/555/555
f 616/616/616 566/566/566 578/578/578
f 3048/3048/3048 3071/3071/3071 3072/3072/3072
f 686/686/686 658/658/658 502/502/502
f 661/661/661 660/660/660 659/659/659
f 707/707/707 661/661/661 659/659/659
f 658/658/658 707/707/707 659/659/659
f 686/686/686 707/707/707 658/658/658
f 798/798/798 787/787/787 661/661/661
f 787/787/787 660/660/660 661/661/661
f 787/787/787 692/692/692 660/660/660
f 798/798/798 661/661/661 707/707/707
f 3070/3070/3070 3116/3116/3116 3071/3071/3071
f 3075/3075/3075 3110/3110/3110 3070/3070/3070
f 738/738/738 641/641/641 739/739/739
f 3073/3073/3073 3096/3096/3096 3075/3075/3075
f 82/82/82 63/63/63 120/120/120
f 3117/3117/3117 3143/3143/3143 3076/3076/3076
f 3186/3186/3186 3222/3222/3222 3117/3117/3117
f 703/703/703 697/697/697 704/704/704
f 2057/2057/2057 2100/2100/2100 2097/2097/2097
f 372/372/372 369/369/369 704/704/704
f 371/371/371 369/369/369 372/372/372
f 2036/2036/2036 2099/2099/2099 2108/2108/2108
f 370/370/370 390/390/390 366/366/366
f 429/429/429 396/396/396 390/390/390
f 2034/2034/2034 2030/2030/2030 2032/2032/2032
f 294/294/294 288/288/288 307/307/307
f 297/297/297 314/314/314 300/300/300
f 301/301/301 300/300/300 314/314/314
f 2041/2041/2041 2039/2039/2039 2031/2031/2031
f 1362/1362/1362 1363/1363/1363 1268/1268/1268
f 2068/2068/2068 2054/2054/2054 2067/2067/2067
f 1363/1363/1363 1389/1389/1389 1406/1406/1406
f 1379/1379/1379 1394/1394/1394 1397/1397/1397
f 2147/2147/2147 2104/2104/2104 2103/2103/2103
f 4530/4530/4530 4679/4679/4679 4571/4571/4571
f 1405/1405/1405 1450/1450/1450 1448/1448/1448
f 4529/4529/4529 4526/4526/4526 4530/4530/4530
f 4739/4739/4739 4741/4741/4741 4762/4762/4762
f 4528/4528/4528 4523/4523/4523 4539/4539/4539
f 2338/2338/2338 2361/2361/2361 2380/2380/2380
f 2338/2338/2338 2380/2380/2380 2373/2373/2373
f 2217/2217/2217 2216/2216/2216 2215/2215/2215
f 2373/2373/2373 2337/2337/2337 2338/2338/2338
f 3355/3355/3355 3330/3330/3330 3090/3090/3090
f 2343/2343/2343 2337/2337/2337 2353/2353/2353
f 2359/2359/2359 2348/2348/2348 2433/2433/2433
f 2359/2359/2359 2433/2433/2433 2434/2434/2434
f 2207/2207/2207 2205/2205/2205 2206/2206/2206
f 2481/2481/2481 2434/2434/2434 2480/2480/2480
f 2205/2205/2205 2204/2204/2204 2206/2206/2206
f 1153/1153/1153 1126/1126/1126 1068/1068/1068
f 1692/1692/1692 1797/1797/1797 1763/1763/1763
f 944/944/944 925/925/925 943/943/943
f 1765/1765/1765 1690/1690/1690 1767/1767/1767
f 925/925/925 944/944/944 986/986/986
f 986/986/986 948/948/948 925/925/925
f 792/792/792 963/963/963 947/947/947
f 963/963/963 792/792/792 793/793/793
f 3761/3761/3761 3758/3758/3758 3749/3749/3749
f 3134/3134/3134 3133/3133/3133 3135/3135/3135
f 3758/3758/3758 3764/3764/3764 3763/3763/3763
f 3127/3127/3127 3129/3129/3129 3044/3044/3044
f 546/546/546 549/549/549 548/548/548
f 3072/3072/3072 3141/3141/3141 3055/3055/3055
f 1012/1012/1012 787/787/787 798/798/798
f 840/840/840 1012/1012/1012 798/798/798
f 707/707/707 840/840/840 798/798/798
f 686/686/686 840/840/840 707/707/707
f 1012/1012/1012 692/692/692 787/787/787
f 1000/1000/1000 692/692/692 1012/1012/1012
f 3070/3070/3070 3110/3110/3110 3116/3116/3116
f 740/740/740 692/692/692 1000/1000/1000
f 642/642/642 433/433/433 641/641/641
f 3096/3096/3096 3111/3111/3111 3075/3075/3075
f 141/141/141 139/139/139 83/83/83
f 146/146/146 145/145/145 134/134/134
f 145/145/145 697/697/697 384/384/384
f 3313/3313/3313 3222/3222/3222 3186/3186/3186
f 2098/2098/2098 2097/2097/2097 2099/2099/2099
f 2036/2036/2036 2074/2074/2074 2032/2032/2032
f 429/429/429 307/307/307 288/288/288
f 274/274/274 267/267/267 271/271/271
f 507/507/507 1264/1264/1264 314/314/314
f 2067/2067/2067 2054/2054/2054 2053/2053/2053
f 1362/1362/1362 1389/1389/1389 1363/1363/1363
f 1389/1389/1389 1379/1379/1379 1406/1406/1406
f 4741/4741/4741 4740/4740/4740 4742/4742/4742
f 2469/2469/2469 2460/2460/2460 2470/2470/2470
f 2219/2219/2219 2222/2222/2222 2223/2223/2223
f 2460/2460/2460 2469/2469/2469 2380/2380/2380
f 2215/2215/2215 2222/2222/2222 2219/2219/2219
f 2216/2216/2216 2213/2213/2213 2215/2215/2215
f 2337/2337/2337 2373/2373/2373 2353/2353/2353
f 3352/3352/3352 3355/3355/3355 3192/3192/3192
f 3352/3352/3352 3192/3192/3192 3328/3328/3328
f 2374/2374/2374 2348/2348/2348 2343/2343/2343
f 2343/2343/2343 2353/2353/2353 2374/2374/2374
f 3192/3192/3192 3232/3232/3232 3328/3328/3328
f 2433/2433/2433 2348/2348/2348 2374/2374/2374
f 2206/2206/2206 2208/2208/2208 2207/2207/2207
f 2434/2434/2434 2433/2433/2433 2480/2480/2480
f 1126/1126/1126 995/995/995 1001/1001/1001
f 948/948/948 792/792/792 947/947/947
f 1790/1790/1790 1684/1684/1684 1765/1765/1765
f 3774/3774/3774 3761/3761/3761 3775/3775/3775
f 3761/3761/3761 3768/3768/3768 3758/3758/3758
f 3764/3764/3764 3758/3758/3758 3768/3768/3768
f 3132/3132/3132 3133/3133/3133 3134/3134/3134
f 3772/3772/3772 3764/3764/3764 3768/3768/3768
f 3772/3772/3772 3777/3777/3777 3764/3764/3764
f 1046/1046/1046 571/571/571 782/782/782
f 569/569/569 782/782/782 571/571/571
f 3131/3131/3131 3129/3129/3129 3152/3152/3152
f 3068/3068/3068 3145/3145/3145 3127/3127/3127
f 548/548/548 581/581/581 555/555/555
f 555/555/555 578/578/578 566/566/566
f 502/502/502 510/510/510 616/616/616
f 3071/3071/3071 3141/3141/3141 3072/3072/3072
f 653/653/653 686/686/686 502/502/502
f 686/686/686 781/781/781 1012/1012/1012
f 1012/1012/1012 840/840/840 686/686/686
f 3071/3071/3071 3116/3116/3116 3141/3141/3141
f 1008/1008/1008 740/740/740 1000/1000/1000
f 3110/3110/3110 3111/3111/3111 3151/3151/3151
f 3075/3075/3075 3111/3111/3111 3110/3110/3110
f 642/642/642 434/434/434 433/433/433
f 421/421/421 433/433/433 434/434/434
f 3052/3052/3052 3053/3053/3053 3087/3087/3087
f 141/141/141 83/83/83 84/84/84
f 134/134/134 126/126/126 135/135/135
f 3117/3117/3117 3144/3144/3144 3143/3143/3143
f 3117/3117/3117 3210/3210/3210 3144/3144/3144
f 768/768/768 704/704/704 697/697/697
f 768/768/768 372/372/372 704/704/704
f 2034/2034/2034 2031/2031/2031 2030/2030/2030
f 2031/2031/2031 2039/2039/2039 2028/2028/2028
f 2070/2070/2070 2069/2069/2069 2103/2103/2103
f 1405/1405/1405 1395/1395/1395 1376/1376/1376
f 4523/4523/4523 4526/4526/4526 4529/4529/4529
f 4529/4529/4529 4539/4539/4539 4523/4523/4523
f 2373/2373/2373 2380/2380/2380 2469/2469/2469
f 2471/2471/2471 2373/2373/2373 2469/2469/2469
f 2214/2214/2214 2222/2222/2222 2215/2215/2215
f 2213/2213/2213 2214/2214/2214 2215/2215/2215
f 2210/2210/2210 2213/2213/2213 2212/2212/2212
f 2211/2211/2211 2208/2208/2208 2210/2210/2210
f 2211/2211/2211 2210/2210/2210 2212/2212/2212
f 3366/3366/3366 3328/3328/3328 3232/3232/3232
f 2209/2209/2209 2208/2208/2208 2206/2206/2206
f 2480/2480/2480 2433/2433/2433 2466/2466/2466
f 1692/1692/1692 1817/1817/1817 1797/1797/1797
f 1694/1694/1694 1692/1692/1692 1763/1763/1763
f 1026/1026/1026 943/943/943 995/995/995
f 1767/1767/1767 1690/1690/1690 1694/1694/1694
f 1684/1684/1684 1690/1690/1690 1765/1765/1765
f 685/685/685 815/815/815 793/793/793
f 3761/3761/3761 3774/3774/3774 3768/3768/3768
f 549/549/549 546/546/546 554/554/554
f 3141/3141/3141 3145/3145/3145 3068/3068/3068
f 1025/1025/1025 1012/1012/1012 781/781/781
f 1025/1025/1025 1000/1000/1000 1012/1012/1012
f 3110/3110/3110 3151/3151/3151 3116/3116/3116
f 675/675/675 421/421/421 434/434/434
f 3052/3052/3052 3087/3087/3087 3074/3074/3074
f 89/89/89 82/82/82 120/120/120
f 3076/3076/3076 3143/3143/3143 3126/3126/3126
f 141/141/141 140/140/140 139/139/139
f 126/126/126 139/139/139 140/140/140
f 135/135/135 146/146/146 134/134/134
f 341/341/341 145/145/145 146/146/146
f 145/145/145 341/341/341 447/447/447
f 3222/3222/3222 3210/3210/3210 3117/3117/3117
f 2090/2090/2090 2097/2097/2097 2098/2098/2098
f 371/371/371 375/375/375 370/370/370
f 2036/2036/2036 2098/2098/2098 2099/2099/2099
f 2031/2031/2031 2029/2029/2029 2030/2030/2030
f 292/292/292 274/274/274 271/271/271
f 274/274/274 297/297/297 300/300/300
f 314/314/314 297/297/297 309/309/309
f 2040/2040/2040 2028/2028/2028 2039/2039/2039
f 1268/1268/1268 1264/1264/1264 1259/1259/1259
f 2069/2069/2069 2054/2054/2054 2068/2068/2068
f 2054/2054/2054 2069/2069/2069 2070/2070/2070
f 2104/2104/2104 2070/2070/2070 2103/2103/2103
f 1376/1376/1376 1395/1395/1395 1394/1394/1394
f 4521/4521/4521 4523/4523/4523 4528/4528/4528
f 2471/2471/2471 2445/2445/2445 2373/2373/2373
f 2353/2353/2353 2373/2373/2373 2445/2445/2445
f 2466/2466/2466 2445/2445/2445 2471/2471/2471
f 2210/2210/2210 2214/2214/2214 2213/2213/2213
f 2209/2209/2209 2214/2214/2214 2210/2210/2210
f 2374/2374/2374 2353/2353/2353 2445/2445/2445
f 2374/2374/2374 2445/2445/2445 2466/2466/2466
f 2208/2208/2208 2209/2209/2209 2210/2210/2210
f 2433/2433/2433 2374/2374/2374 2466/2466/2466
f 1178/1178/1178 1126/1126/1126 1153/1153/1153
f 1126/1126/1126 1026/1026/1026 995/995/995
f 1690/1690/1690 1687/1687/1687 1694/1694/1694
f 948/948/948 986/986/986 987/987/987
f 987/987/987 792/792/792 948/948/948
f 1790/1790/1790 1764/1764/1764 1684/1684/1684
f 708/708/708 815/815/815 685/685/685
f 683/683/683 708/708/708 685/685/685
f 683/683/683 571/571/571 708/708/708
f 3132/3132/3132 3131/3131/3131 3133/3133/3133
f 3127/3127/3127 3152/3152/3152 3129/3129/3129
f 549/549/549 591/591/591 548/548/548
f 3141/3141/3141 3146/3146/3146 3145/3145/3145
f 3116/3116/3116 3142/3142/3142 3141/3141/3141
f 740/740/740 805/805/805 739/739/739
f 738/738/738 642/642/642 641/641/641
f 3076/3076/3076 3087/3087/3087 3053/3053/3053
f 89/89/89 141/141/141 84/84/84
f 126/126/126 140/140/140 135/135/135
f 767/767/767 372/372/372 768/768/768
f 375/375/375 376/376/376 370/370/370
f 376/376/376 390/390/390 370/370/370
f 2032/2032/2032 2030/2030/2030 2024/2024/2024
f 293/293/293 271/271/271 294/294/294
f 2031/2031/2031 2028/2028/2028 2029/2029/2029
f 292/292/292 271/271/271 293/293/293
f 363/363/363 507/507/507 314/314/314
f 507/507/507 1259/1259/1259 1264/1264/1264
f 2039/2039/2039 2053/2053/2053 2040/2040/2040
f 1376/1376/1376 1394/1394/1394 1379/1379/1379
f 4657/4657/4657 4679/4679/4679 4530/4530/4530
f 1181/1181/1181 1126/1126/1126 1178/1178/1178
f 1782/1782/1782 1817/1817/1817 1692/1692/1692
f 1687/1687/1687 1692/1692/1692 1694/1694/1694
f 1690/1690/1690 1684/1684/1684 1687/1687/1687
f 685/685/685 793/793/793 792/792/792
f 570/570/570 569/569/569 571/571/571
f 3127/3127/3127 3195/3195/3195 3152/3152/3152
f 591/591/591 583/583/583 548/548/548
f 583/583/583 581/581/581 548/548/548
f 581/581/581 582/582/582 555/555/555
f 555/555/555 582/582/582 578/578/578
f 3141/3141/3141 3142/3142/3142 3146/3146/3146
f 502/502/502 616/616/616 653/653/653
f 653/653/653 781/781/781 686/686/686
f 1025/1025/1025 781/781/781 1000/1000/1000
f 804/804/804 739/739/739 805/805/805
f 3074/3074/3074 3112/3112/3112 3096/3096/3096
f 3087/3087/3087 3118/3118/3118 3074/3074/3074
f 152/152/152 120/120/120 153/153/153
f 3076/3076/3076 3126/3126/3126 3087/3087/3087
f 2090/2090/2090 2057/2057/2057 2097/2097/2097
f 2036/2036/2036 2032/2032/2032 2024/2024/2024
f 297/297/297 274/274/274 292/292/292
f 1259/1259/1259 507/507/507 363/363/363
f 2040/2040/2040 2053/2053/2053 2054/2054/2054
f 1270/1270/1270 1362/1362/1362 1268/1268/1268
f 1367/1367/1367 1379/1379/1379 1389/1389/1389
f 2054/2054/2054 2070/2070/2070 2055/2055/2055
f 2114/2114/2114 2070/2070/2070 2104/2104/2104
f 1449/1449/1449 1450/1450/1450 1405/1405/1405
f 4530/4530/4530 4526/4526/4526 4657/4657/4657
f 1691/1691/1691 1782/1782/1782 1692/1692/1692
f 1126/1126/1126 1181/1181/1181 1133/1133/1133
f 1026/1026/1026 1126/1126/1126 1133/1133/1133
f 1687/1687/1687 1691/1691/1691 1692/1692/1692
f 1026/1026/1026 1039/1039/1039 943/943/943
f 1039/1039/1039 944/944/944 943/943/943
f 1039/1039/1039 986/986/986 944/944/944
f 1684/1684/1684 1686/1686/1686 1687/1687/1687
f 986/986/986 1066/1066/1066 987/987/987
f 1764/1764/1764 1682/1682/1682 1684/1684/1684
f 1764/1764/1764 1685/1685/1685 1682/1682/1682
f 595/595/595 571/571/571 683/683/683
f 595/595/595 570/570/570 571/571/571
f 568/568/568 554/554/554 569/569/569
f 568/568/568 549/549/549 554/554/554
f 616/616/616 578/578/578 643/643/643
f 616/616/616 643/643/643 653/653/653
f 777/777/777 781/781/781 653/653/653
f 1000/1000/1000 781/781/781 1036/1036/1036
f 1000/1000/1000 1036/1036/1036 1015/1015/1015
f 1000/1000/1000 1015/1015/1015 1008/1008/1008
f 805/805/805 740/740/740 1008/1008/1008
f 738/738/738 739/739/739 804/804/804
f 3096/3096/3096 3112/3112/3112 3111/3111/3111
f 143/143/143 141/141/141 89/89/89
f 448/448/448 447/447/447 341/341/341
f 145/145/145 447/447/447 697/697/697
f 697/697/697 447/447/447 826/826/826
f 826/826/826 768/768/768 697/697/697
f 3222/3222/3222 3313/3313/3313 3210/3210/3210
f 2056/2056/2056 2057/2057/2057 2090/2090/2090
f 2061/2061/2061 2090/2090/2090 2098/2098/2098
f 2061/2061/2061 2098/2098/2098 2036/2036/2036
f 295/295/295 293/293/293 294/294/294
f 2054/2054/2054 2044/2044/2044 2040/2040/2040
f 1270/1270/1270 1268/1268/1268 1259/1259/1259
f 1362/1362/1362 1372/1372/1372 1389/1389/1389
f 1270/1270/1270 1372/1372/1372 1362/1362/1362
f 1372/1372/1372 1358/1358/1358 1389/1389/1389
f 1358/1358/1358 1367/1367/1367 1389/1389/1389
f 1367/1367/1367 1376/1376/1376 1379/1379/1379
f 1376/1376/1376 1404/1404/1404 1405/1405/1405
f 4743/4743/4743 4741/4741/4741 4742/4742/4742
f 4526/4526/4526 4523/4523/4523 4524/4524/4524
f 1039/1039/1039 1026/1026/1026 1133/1133/1133
f 1686/1686/1686 1688/1688/1688 1687/1687/1687
f 1066/1066/1066 986/986/986 1039/1039/1039
f 1689/1689/1689 1688/1688/1688 1686/1686/1686
f 1011/1011/1011 792/792/792 987/987/987
f 1684/1684/1684 1683/1683/1683 1686/1686/1686
f 1682/1682/1682 1683/1683/1683 1684/1684/1684
f 705/705/705 685/685/685 792/792/792
f 1682/1682/1682 1678/1678/1678 1681/1681/1681
f 1685/1685/1685 1678/1678/1678 1682/1682/1682
f 684/684/684 683/683/683 685/685/685
f 682/682/682 595/595/595 683/683/683
f 1677/1677/1677 1764/1764/1764 1753/1753/1753
f 1764/1764/1764 1824/1824/1824 1753/1753/1753
f 570/570/570 568/568/568 569/569/569
f 1798/1798/1798 1762/1762/1762 1824/1824/1824
f 1762/1762/1762 1798/1798/1798 1778/1778/1778
f 3142/3142/3142 3169/3169/3169 3146/3146/3146
f 781/781/781 1035/1035/1035 1036/1036/1036
f 3116/3116/3116 3169/3169/3169 3142/3142/3142
f 3118/3118/3118 3112/3112/3112 3074/3074/3074
f 152/152/152 153/153/153 488/488/488
f 3087/3087/3087 3119/3119/3119 3118/3118/3118
f 3087/3087/3087 3126/3126/3126 3119/3119/3119
f 372/372/372 373/373/373 371/371/371
f 376/376/376 375/375/375 371/371/371
f 373/373/373 376/376/376 371/371/371
f 307/307/307 429/429/429 296/296/296
f 307/307/307 296/296/296 294/294/294
f 296/296/296 295/295/295 294/294/294
f 2028/2028/2028 2040/2040/2040 2016/2016/2016
f 363/363/363 314/314/314 309/309/309
f 2033/2033/2033 2040/2040/2040 2044/2044/2044
f 2055/2055/2055 2043/2043/2043 2054/2054/2054
f 1404/1404/1404 1449/1449/1449 1405/1405/1405
f 2115/2115/2115 2070/2070/2070 2114/2114/2114
f 4526/4526/4526 4527/4527/4527 4657/4657/4657
f 4741/4741/4741 4743/4743/4743 4762/4762/4762
f 1782/1782/1782 1691/1691/1691 1840/1840/1840
f 1747/1747/1747 1840/1840/1840 1691/1691/1691
f 1827/1827/1827 1840/1840/1840 1747/1747/1747
f 1688/1688/1688 1747/1747/1747 1691/1691/1691
f 1687/1687/1687 1688/1688/1688 1691/1691/1691
f 1133/1133/1133 1119/1119/1119 1039/1039/1039
f 1133/1133/1133 1189/1189/1189 1119/1119/1119
f 1754/1754/1754 1747/1747/1747 1688/1688/1688
f 1119/1119/1119 1066/1066/1066 1039/1039/1039
f 1689/1689/1689 1754/1754/1754 1688/1688/1688
f 1175/1175/1175 1066/1066/1066 1119/1119/1119
f 1011/1011/1011 705/705/705 792/792/792
f 705/705/705 684/684/684 685/685/685
f 1685/1685/1685 1764/1764/1764 1677/1677/1677
f 595/595/595 632/632/632 570/570/570
f 591/591/591 549/549/549 568/568/568
f 3127/3127/3127 3145/3145/3145 3195/3195/3195
f 597/597/597 581/581/581 583/583/583
f 597/597/597 582/582/582 581/581/581
f 3146/3146/3146 3197/3197/3197 3145/3145/3145
f 777/777/777 1035/1035/1035 781/781/781
f 3169/3169/3169 3116/3116/3116 3168/3168/3168
f 3168/3168/3168 3116/3116/3116 3151/3151/3151
f 805/805/805 1008/1008/1008 1015/1015/1015
f 725/725/725 642/642/642 738/738/738
f 434/434/434 676/676/676 675/675/675
f 142/142/142 143/143/143 89/89/89
f 160/160/160 146/146/146 135/135/135
f 160/160/160 341/341/341 146/146/146
f 826/826/826 767/767/767 768/768/768
f 374/374/374 372/372/372 767/767/767
f 2035/2035/2035 2061/2061/2061 2036/2036/2036
f 2024/2024/2024 2030/2030/2030 2029/2029/2029
f 309/309/309 297/297/297 292/292/292
f 1259/1259/1259 363/363/363 387/387/387
f 2054/2054/2054 2043/2043/2043 2044/2044/2044
f 4744/4744/4744 4743/4743/4743 4742/4742/4742
f 4526/4526/4526 4524/4524/4524 4527/4527/4527
f 4521/4521/4521 4522/4522/4522 4523/4523/4523
f 4522/4522/4522 4524/4524/4524 4523/4523/4523
f 1754/1754/1754 1827/1827/1827 1747/1747/1747
f 1175/1175/1175 1119/1119/1119 1189/1189/1189
f 1847/1847/1847 1827/1827/1827 1754/1754/1754
f 1847/1847/1847 1754/1754/1754 1815/1815/1815
f 1066/1066/1066 1175/1175/1175 1123/1123/1123
f 1730/1730/1730 1754/1754/1754 1689/1689/1689
f 987/987/987 1066/1066/1066 1123/1123/1123
f 1686/1686/1686 1730/1730/1730 1689/1689/1689
f 987/987/987 1123/1123/1123 1011/1011/1011
f 1683/1683/1683 1730/1730/1730 1686/1686/1686
f 1682/1682/1682 1681/1681/1681 1683/1683/1683
f 682/682/682 683/683/683 684/684/684
f 632/632/632 595/595/595 682/682/682
f 653/653/653 643/643/643 777/777/777
f 3168/3168/3168 3170/3170/3170 3169/3169/3169
f 1015/1015/1015 1031/1031/1031 805/805/805
f 3111/3111/3111 3171/3171/3171 3151/3151/3151
f 806/806/806 738/738/738 804/804/804
f 434/434/434 642/642/642 725/725/725
f 3147/3147/3147 3118/3118/3118 3119/3119/3119
f 89/89/89 120/120/120 121/121/121
f 3143/3143/3143 3163/3163/3163 3126/3126/3126
f 142/142/142 141/141/141 143/143/143
f 3144/3144/3144 3163/3163/3163 3143/3143/3143
f 382/382/382 341/341/341 160/160/160
f 3210/3210/3210 3211/3211/3211 3144/3144/3144
f 3313/3313/3313 3211/3211/3211 3210/3210/3210
f 2057/2057/2057 2056/2056/2056 2038/2038/2038
f 743/743/743 374/374/374 767/767/767
f 2090/2090/2090 1841/1841/1841 2056/2056/2056
f 373/373/373 372/372/372 374/374/374
f 373/373/373 473/473/473 376/376/376
f 2024/2024/2024 2035/2035/2035 2036/2036/2036
f 2028/2028/2028 2024/2024/2024 2029/2029/2029
f 2016/2016/2016 2040/2040/2040 2033/2033/2033
f 1255/1255/1255 1270/1270/1270 1259/1259/1259
f 2070/2070/2070 2071/2071/2071 2055/2055/2055
f 4527/4527/4527 4524/4524/4524 4525/4525/4525
f 1815/1815/1815 2272/2272/2272 1847/1847/1847
f 1730/1730/1730 1815/1815/1815 1754/1754/1754
f 2272/2272/2272 1815/1815/1815 1814/1814/1814
f 1730/1730/1730 1814/1814/1814 1815/1815/1815
f 1145/1145/1145 1011/1011/1011 1123/1123/1123
f 1731/1731/1731 1683/1683/1683 1681/1681/1681
f 1678/1678/1678 1680/1680/1680 1681/1681/1681
f 1685/1685/1685 1677/1677/1677 1678/1678/1678
f 1677/1677/1677 1753/1753/1753 1672/1672/1672
f 3195/3195/3195 3145/3145/3145 3196/3196/3196
f 3145/3145/3145 3197/3197/3197 3196/3196/3196
f 3146/3146/3146 3169/3169/3169 3197/3197/3197
f 776/776/776 777/777/777 643/643/643
f 1036/1036/1036 1035/1035/1035 1072/1072/1072
f 1072/1072/1072 1038/1038/1038 1036/1036/1036
f 1036/1036/1036 1038/1038/1038 1015/1015/1015
f 1031/1031/1031 1030/1030/1030 805/805/805
f 1030/1030/1030 804/804/804 805/805/805
f 725/725/725 738/738/738 806/806/806
f 142/142/142 140/140/140 141/141/141
f 808/808/808 826/826/826 447/447/447
f 767/767/767 826/826/826 808/808/808
f 2090/2090/2090 2061/2061/2061 2060/2060/2060
f 2024/2024/2024 2028/2028/2028 2007/2007/2007
f 310/310/310 363/363/363 309/309/309
f 1251/1251/1251 1259/1259/1259 387/387/387
f 1255/1255/1255 1259/1259/1259 1251/1251/1251
f 2051/2051/2051 2043/2043/2043 2055/2055/2055
f 1367/1367/1367 1358/1358/1358 1357/1357/1357
f 1357/1357/1357 1376/1376/1376 1367/1367/1367
f 1375/1375/1375 1376/1376/1376 1357/1357/1357
f 1376/1376/1376 1375/1375/1375 1404/1404/1404
f 2070/2070/2070 2115/2115/2115 2071/2071/2071
f 4513/4513/4513 4522/4522/4522 4521/4521/4521
f 2272/2272/2272 1814/1814/1814 2267/2267/2267
f 1730/1730/1730 1731/1731/1731 1814/1814/1814
f 1683/1683/1683 1731/1731/1731 1730/1730/1730
f 705/705/705 1011/1011/1011 1090/1090/1090
f 1681/1681/1681 1680/1680/1680 1731/1731/1731
f 1678/1678/1678 1679/1679/1679 1680/1680/1680
f 790/790/790 682/682/682 684/684/684
f 682/682/682 809/809/809 632/632/632
f 568/568/568 570/570/570 632/632/632
f 597/597/597 633/633/633 582/582/582
f 578/578/578 582/582/582 633/633/633
f 1784/1784/1784 1781/1781/1781 1776/1776/1776
f 777/777/777 776/776/776 1029/1029/1029
f 1029/1029/1029 1035/1035/1035 777/777/777
f 1784/1784/1784 1799/1799/1799 1775/1775/1775
f 3170/3170/3170 3168/3168/3168 3220/3220/3220
f 3171/3171/3171 3219/3219/3219 3151/3151/3151
f 434/434/434 725/725/725 676/676/676
f 675/675/675 487/487/487 488/488/488
f 675/675/675 676/676/676 487/487/487
f 487/487/487 152/152/152 488/488/488
f 3118/3118/3118 3147/3147/3147 3112/3112/3112
f 3119/3119/3119 3167/3167/3167 3147/3147/3147
f 3126/3126/3126 3167/3167/3167 3119/3119/3119
f 341/341/341 461/461/461 448/448/448
f 341/341/341 382/382/382 461/461/461
f 808/808/808 743/743/743 767/767/767
f 374/374/374 386/386/386 373/373/373
f 1841/1841/1841 2090/2090/2090 2060/2060/2060
f 467/467/467 376/376/376 473/473/473
f 467/467/467 390/390/390 376/376/376
f 2028/2028/2028 2010/2010/2010 2007/2007/2007
f 2010/2010/2010 2028/2028/2028 2016/2016/2016
f 292/292/292 310/310/310 309/309/309
f 363/363/363 310/310/310 387/387/387
f 2055/2055/2055 2071/2071/2071 2051/2051/2051
f 1814/1814/1814 1731/1731/1731 1813/1813/1813
f 1812/1812/1812 2267/2267/2267 1814/1814/1814
f 1812/1812/1812 1814/1814/1814 1813/1813/1813
f 1145/1145/1145 1090/1090/1090 1011/1011/1011
f 705/705/705 790/790/790 684/684/684
f 1678/1678/1678 1670/1670/1670 1679/1679/1679
f 1677/1677/1677 1670/1670/1670 1678/1678/1678
f 1762/1762/1762 1753/1753/1753 1824/1824/1824
f 617/617/617 583/583/583 591/591/591
f 578/578/578 650/650/650 643/643/643
f 3151/3151/3151 3219/3219/3219 3168/3168/3168
f 3112/3112/3112 3171/3171/3171 3111/3111/3111
f 3112/3112/3112 3172/3172/3172 3171/3171/3171
f 3112/3112/3112 3147/3147/3147 3172/3172/3172
f 120/120/120 152/152/152 121/121/121
f 121/121/121 142/142/142 89/89/89
f 3126/3126/3126 3173/3173/3173 3167/3167/3167
f 3126/3126/3126 3163/3163/3163 3173/3173/3173
f 3163/3163/3163 3144/3144/3144 3164/3164/3164
f 135/135/135 140/140/140 160/160/160
f 808/808/808 447/447/447 448/448/448
f 442/442/442 374/374/374 743/743/743
f 386/386/386 374/374/374 442/442/442
f 2060/2060/2060 2061/2061/2061 2035/2035/2035
f 2003/2003/2003 2035/2035/2035 2024/2024/2024
f 296/296/296 429/429/429 302/302/302
f 2043/2043/2043 2033/2033/2033 2044/2044/2044
f 1251/1251/1251 387/387/387 365/365/365
f 1270/1270/1270 1255/1255/1255 1321/1321/1321
f 1321/1321/1321 1372/1372/1372 1270/1270/1270
f 1449/1449/1449 1404/1404/1404 1456/1456/1456
f 4745/4745/4745 4743/4743/4743 4744/4744/4744
f 4522/4522/4522 4525/4525/4525 4524/4524/4524
f 1812/1812/1812 2265/2265/2265 2267/2267/2267
f 1812/1812/1812 1813/1813/1813 1731/1731/1731
f 1731/1731/1731 1745/1745/1745 1812/1812/1812
f 1745/1745/1745 1731/1731/1731 1680/1680/1680
f 705/705/705 1090/1090/1090 1071/1071/1071
f 1071/1071/1071 790/790/790 705/705/705
f 809/809/809 682/682/682 790/790/790
f 632/632/632 635/635/635 568/568/568
f 1762/1762/1762 1778/1778/1778 1722/1722/1722
f 635/635/635 591/591/591 568/568/568
f 617/617/617 591/591/591 635/635/635
f 1778/1778/1778 1676/1676/1676 1722/1722/1722
f 617/617/617 597/597/597 583/583/583
f 633/633/633 650/650/650 578/578/578
f 1784/1784/1784 1727/1727/1727 1781/1781/1781
f 775/775/775 776/776/776 643/643/643
f 1015/1015/1015 1038/1038/1038 1031/1031/1031
f 161/161/161 140/140/140 142/142/142
f 3211/3211/3211 3164/3164/3164 3144/3144/3144
f 1841/1841/1841 1785/1785/1785 2038/2038/2038
f 2038/2038/2038 2056/2056/2056 1841/1841/1841
f 298/298/298 292/292/292 293/293/293
f 292/292/292 311/311/311 310/310/310
f 2023/2023/2023 2033/2033/2033 2043/2043/2043
f 1249/1249/1249 1255/1255/1255 1251/1251/1251
f 1321/1321/1321 1255/1255/1255 1249/1249/1249
f 1321/1321/1321 1337/1337/1337 1372/1372/1372
f 1372/1372/1372 1359/1359/1359 1358/1358/1358
f 4525/4525/4525 4522/4522/4522 4676/4676/4676
f 4522/4522/4522 4513/4513/4513 4676/4676/4676
f 2265/2265/2265 1812/1812/1812 1783/1783/1783
f 1783/1783/1783 1812/1812/1812 1745/1745/1745
f 1679/1679/1679 1745/1745/1745 1680/1680/1680
f 2262/2262/2262 2265/2265/2265 1783/1783/1783
f 1670/1670/1670 1744/1744/1744 1679/1679/1679
f 790/790/790 1071/1071/1071 809/809/809
f 1672/1672/1672 1670/1670/1670 1677/1677/1677
f 809/809/809 800/800/800 632/632/632
f 701/701/701 635/635/635 632/632/632
f 1778/1778/1778 1777/1777/1777 1676/1676/1676
f 1781/1781/1781 1726/1726/1726 1776/1776/1776
f 775/775/775 643/643/643 650/650/650
f 776/776/776 775/775/775 1029/1029/1029
f 1775/1775/1775 1728/1728/1728 1784/1784/1784
f 1035/1035/1035 1081/1081/1081 1072/1072/1072
f 3168/3168/3168 3219/3219/3219 3220/3220/3220
f 1034/1034/1034 1031/1031/1031 1038/1038/1038
f 804/804/804 1030/1030/1030 1032/1032/1032
f 804/804/804 1032/1032/1032 806/806/806
f 1693/1693/1693 1789/1789/1789 1788/1788/1788
f 835/835/835 725/725/725 806/806/806
f 121/121/121 152/152/152 154/154/154
f 3211/3211/3211 3242/3242/3242 3164/3164/3164
f 461/461/461 808/808/808 448/448/448
f 401/401/401 473/473/473 373/373/373
f 401/401/401 474/474/474 473/473/473
f 401/401/401 373/373/373 386/386/386
f 295/295/295 296/296/296 302/302/302
f 2024/2024/2024 2007/2007/2007 2003/2003/2003
f 298/298/298 293/293/293 295/295/295
f 312/312/312 311/311/311 292/292/292
f 2004/2004/2004 2010/2010/2010 2016/2016/2016
f 2004/2004/2004 2016/2016/2016 2015/2015/2015
f 2033/2033/2033 2015/2015/2015 2016/2016/2016
f 2033/2033/2033 2023/2023/2023 2015/2015/2015
f 2051/2051/2051 2027/2027/2027 2043/2043/2043
f 1359/1359/1359 1372/1372/1372 1337/1337/1337
f 4745/4745/4745 4746/4746/4746 4743/4743/4743
f 1679/1679/1679 1783/1783/1783 1745/1745/1745
f 1744/1744/1744 1783/1783/1783 1679/1679/1679
f 1172/1172/1172 1071/1071/1071 1090/1090/1090
f 1669/1669/1669 1670/1670/1670 1672/1672/1672
f 799/799/799 701/701/701 632/632/632
f 1776/1776/1776 1676/1676/1676 1777/1777/1777
f 597/597/597 617/617/617 651/651/651
f 651/651/651 633/633/633 597/597/597
f 1781/1781/1781 1727/1727/1727 1726/1726/1726
f 1098/1098/1098 1035/1035/1035 1029/1029/1029
f 1098/1098/1098 1081/1081/1081 1035/1035/1035
f 1081/1081/1081 1038/1038/1038 1072/1072/1072
f 1030/1030/1030 1031/1031/1031 1034/1034/1034
f 1760/1760/1760 1789/1789/1789 1693/1693/1693
f 154/154/154 152/152/152 487/487/487
f 154/154/154 155/155/155 121/121/121
f 442/442/442 743/743/743 808/808/808
f 1987/1987/1987 2035/2035/2035 2003/2003/2003
f 430/430/430 390/390/390 467/467/467
f 430/430/430 429/429/429 390/390/390
f 2007/2007/2007 1999/1999/1999 2003/2003/2003
f 1999/1999/1999 2007/2007/2007 2010/2010/2010
f 310/310/310 365/365/365 387/387/387
f 1250/1250/1250 1251/1251/1251 365/365/365
f 2043/2043/2043 2027/2027/2027 2023/2023/2023
f 1250/1250/1250 1249/1249/1249 1251/1251/1251
f 1359/1359/1359 1337/1337/1337 1347/1347/1347
f 1358/1358/1358 1359/1359/1359 1347/1347/1347
f 2106/2106/2106 2071/2071/2071 2115/2115/2115
f 4525/4525/4525 4660/4660/4660 4527/4527/4527
f 4676/4676/4676 4513/4513/4513 4514/4514/4514
f 1830/1830/1830 2262/2262/2262 1783/1783/1783
f 1830/1830/1830 1783/1783/1783 1744/1744/1744
f 1172/1172/1172 1188/1188/1188 1071/1071/1071
f 1811/1811/1811 1830/1830/1830 1744/1744/1744
f 800/800/800 799/799/799 632/632/632
f 1753/1753/1753 1671/1671/1671 1672/1672/1672
f 1753/1753/1753 1762/1762/1762 1671/1671/1671
f 1671/1671/1671 1762/1762/1762 1722/1722/1722
f 1676/1676/1676 1665/1665/1665 1722/1722/1722
f 1776/1776/1776 1673/1673/1673 1676/1676/1676
f 1060/1060/1060 1029/1029/1029 775/775/775
f 1032/1032/1032 1061/1061/1061 806/806/806
f 1061/1061/1061 835/835/835 806/806/806
f 835/835/835 832/832/832 725/725/725
f 832/832/832 677/677/677 725/725/725
f 677/677/677 676/676/676 725/725/725
f 3147/3147/3147 3214/3214/3214 3172/3172/3172
f 487/487/487 676/676/676 677/677/677
f 3167/3167/3167 3214/3214/3214 3147/3147/3147
f 160/160/160 140/140/140 161/161/161
f 383/383/383 382/382/382 160/160/160
f 1785/1785/1785 1841/1841/1841 1809/1809/1809
f 403/403/403 386/386/386 442/442/442
f 1809/1809/1809 1841/1841/1841 2060/2060/2060
f 430/430/430 302/302/302 429/429/429
f 1250/1250/1250 365/365/365 320/320/320
f 1347/1347/1347 1357/1357/1357 1358/1358/1358
f 1346/1346/1346 1375/1375/1375 1357/1357/1357
f 1399/1399/1399 1456/1456/1456 1404/1404/1404
f 4676/4676/4676 4660/4660/4660 4525/4525/4525
f 4512/4512/4512 4511/4511/4511 4513/4513/4513
f 4514/4514/4514 4513/4513/4513 4511/4511/4511
f 2266/2266/2266 1830/1830/1830 1811/1811/1811
f 1188/1188/1188 1157/1157/1157 1071/1071/1071
f 1670/1670/1670 1668/1668/1668 1744/1744/1744
f 1670/1670/1670 1669/1669/1669 1668/1668/1668
f 800/800/800 809/809/809 1071/1071/1071
f 1722/1722/1722 1666/1666/1666 1671/1671/1671
f 1722/1722/1722 1665/1665/1665 1666/1666/1666
f 1776/1776/1776 1726/1726/1726 1673/1673/1673
f 775/775/775 650/650/650 803/803/803
f 1784/1784/1784 1728/1728/1728 1727/1727/1727
f 1799/1799/1799 1761/1761/1761 1775/1775/1775
f 1775/1775/1775 1761/1761/1761 1728/1728/1728
f 1059/1059/1059 1034/1034/1034 1038/1038/1038
f 3167/3167/3167 3241/3241/3241 3214/3214/3214
f 3173/3173/3173 3241/3241/3241 3167/3167/3167
f 144/144/144 142/142/142 121/121/121
f 144/144/144 161/161/161 142/142/142
f 160/160/160 161/161/161 377/377/377
f 3164/3164/3164 3199/3199/3199 3163/3163/3163
f 382/382/382 709/709/709 461/461/461
f 709/709/709 808/808/808 461/461/461
f 442/442/442 808/808/808 709/709/709
f 1809/1809/1809 1758/1758/1758 1785/1785/1785
f 402/402/402 386/386/386 403/403/403
f 401/401/401 386/386/386 402/402/402
f 402/402/402 474/474/474 401/401/401
f 2026/2026/2026 1809/1809/1809 2060/2060/2060
f 2035/2035/2035 2026/2026/2026 2060/2060/2060
f 474/474/474 467/467/467 473/473/473
f 1987/1987/1987 2026/2026/2026 2035/2035/2035
f 299/299/299 295/295/295 302/302/302
f 299/299/299 298/298/298 295/295/295
f 320/320/320 365/365/365 310/310/310
f 2023/2023/2023 2011/2011/2011 2015/2015/2015
f 1249/1249/1249 1267/1267/1267 1321/1321/1321
f 2051/2051/2051 2042/2042/2042 2027/2027/2027
f 2042/2042/2042 2051/2051/2051 2071/2071/2071
f 1346/1346/1346 1357/1357/1357 1347/1347/1347
f 2042/2042/2042 2071/2071/2071 2106/2106/2106
f 4746/4746/4746 4745/4745/4745 4747/4747/4747
f 1744/1744/1744 1668/1668/1668 1811/1811/1811
f 1669/1669/1669 1663/1663/1663 1668/1668/1668
f 1071/1071/1071 1157/1157/1157 800/800/800
f 1671/1671/1671 1669/1669/1669 1672/1672/1672
f 1676/1676/1676 1673/1673/1673 1661/1661/1661
f 775/775/775 803/803/803 1060/1060/1060
f 1098/1098/1098 1029/1029/1029 1060/1060/1060
f 1761/1761/1761 1675/1675/1675 1728/1728/1728
f 1081/1081/1081 1059/1059/1059 1038/1038/1038
f 1057/1057/1057 1034/1034/1034 1059/1059/1059
f 1030/1030/1030 1034/1034/1034 1057/1057/1057
f 1058/1058/1058 1032/1032/1032 1030/1030/1030
f 1674/1674/1674 1760/1760/1760 1693/1693/1693
f 1788/1788/1788 1772/1772/1772 1693/1693/1693
f 3164/3164/3164 3242/3242/3242 3199/3199/3199
f 709/709/709 382/382/382 383/383/383
f 2015/2015/2015 2011/2011/2011 2004/2004/2004
f 310/310/310 311/311/311 320/320/320
f 1266/1266/1266 1330/1330/1330 1337/1337/1337
f 1347/1347/1347 1337/1337/1337 1330/1330/1330
f 1375/1375/1375 1399/1399/1399 1404/1404/1404
f 4660/4660/4660 4676/4676/4676 4514/4514/4514
f 1811/1811/1811 1803/1803/1803 2266/2266/2266
f 1803/1803/1803 1811/1811/1811 1668/1668/1668
f 1182/1182/1182 800/800/800 1157/1157/1157
f 1671/1671/1671 1663/1663/1663 1669/1669/1669
f 1663/1663/1663 1671/1671/1671 1666/1666/1666
f 1009/1009/1009 701/701/701 799/799/799
f 1661/1661/1661 1650/1650/1650 1676/1676/1676
f 750/750/750 651/651/651 617/617/617
f 749/749/749 633/633/633 651/651/651
f 633/633/633 749/749/749 650/650/650
f 650/650/650 749/749/749 803/803/803
f 1728/1728/1728 1667/1667/1667 1727/1727/1727
f 1728/1728/1728 1675/1675/1675 1667/1667/1667
f 1675/1675/1675 1761/1761/1761 1760/1760/1760
f 1675/1675/1675 1760/1760/1760 1674/1674/1674
f 1057/1057/1057 1058/1058/1058 1030/1030/1030
f 1092/1092/1092 1061/1061/1061 1032/1032/1032
f 144/144/144 121/121/121 155/155/155
f 161/161/161 144/144/144 354/354/354
f 389/389/389 161/161/161 354/354/354
f 377/377/377 383/383/383 160/160/160
f 405/405/405 403/403/403 442/442/442
f 402/402/402 678/678/678 474/474/474
f 2004/2004/2004 1999/1999/1999 2010/2010/2010
f 312/312/312 292/292/292 298/298/298
f 320/320/320 311/311/311 321/321/321
f 2027/2027/2027 2020/2020/2020 2023/2023/2023
f 2020/2020/2020 2027/2027/2027 2042/2042/2042
f 1321/1321/1321 1267/1267/1267 1337/1337/1337
f 1267/1267/1267 1266/1266/1266 1337/1337/1337
f 1346/1346/1346 1347/1347/1347 1330/1330/1330
f 1399/1399/1399 1421/1421/1421 1457/1457/1457
f 1457/1457/1457 1456/1456/1456 1399/1399/1399
f 1105/1105/1105 800/800/800 1182/1182/1182
f 800/800/800 1105/1105/1105 799/799/799
f 1666/1666/1666 1660/1660/1660 1663/1663/1663
f 1666/1666/1666 1665/1665/1665 1660/1660/1660
f 1009/1009/1009 753/753/753 701/701/701
f 753/753/753 635/635/635 701/701/701
f 1650/1650/1650 1660/1660/1660 1665/1665/1665
f 1676/1676/1676 1650/1650/1650 1665/1665/1665
f 635/635/635 750/750/750 617/617/617
f 749/749/749 651/651/651 750/750/750
f 1143/1143/1143 1098/1098/1098 1060/1060/1060
f 1654/1654/1654 1675/1675/1675 1674/1674/1674
f 1079/1079/1079 1032/1032/1032 1058/1058/1058
f 1032/1032/1032 1079/1079/1079 1092/1092/1092
f 1772/1772/1772 1695/1695/1695 1693/1693/1693
f 446/446/446 154/154/154 487/487/487
f 3163/3163/3163 3199/3199/3199 3173/3173/3173
f 723/723/723 442/442/442 709/709/709
f 405/405/405 442/442/442 723/723/723
f 404/404/404 403/403/403 405/405/405
f 423/423/423 678/678/678 402/402/402
f 474/474/474 678/678/678 493/493/493
f 467/467/467 474/474/474 493/493/493
f 316/316/316 312/312/312 298/298/298
f 321/321/321 1252/1252/1252 320/320/320
f 1252/1252/1252 1250/1250/1250 320/320/320
f 1242/1242/1242 1250/1250/1250 1252/1252/1252
f 1242/1242/1242 1249/1249/1249 1250/1250/1250
f 2042/2042/2042 2106/2106/2106 2085/2085/2085
f 4747/4747/4747 4750/4750/4750 4746/4746/4746
f 4750/4750/4750 4751/4751/4751 4746/4746/4746
f 1664/1664/1664 1803/1803/1803 1668/1668/1668
f 1663/1663/1663 1664/1664/1664 1668/1668/1668
f 1663/1663/1663 1659/1659/1659 1664/1664/1664
f 1659/1659/1659 1663/1663/1663 1660/1660/1660
f 1105/1105/1105 1135/1135/1135 799/799/799
f 799/799/799 1135/1135/1135 1009/1009/1009
f 753/753/753 750/750/750 635/635/635
f 1726/1726/1726 1727/1727/1727 1662/1662/1662
f 1143/1143/1143 1081/1081/1081 1098/1098/1098
f 1081/1081/1081 1143/1143/1143 1132/1132/1132
f 1081/1081/1081 1132/1132/1132 1059/1059/1059
f 1082/1082/1082 1057/1057/1057 1059/1059/1059
f 722/722/722 487/487/487 677/677/677
f 1773/1773/1773 1695/1695/1695 1772/1772/1772
f 1787/1787/1787 1756/1756/1756 1773/1773/1773
f 354/354/354 144/144/144 155/155/155
f 1785/1785/1785 1757/1757/1757 1786/1786/1786
f 1757/1757/1757 1785/1785/1785 1758/1758/1758
f 404/404/404 402/402/402 403/403/403
f 2026/2026/2026 1987/1987/1987 1960/1960/1960
f 1987/1987/1987 2003/2003/2003 1989/1989/1989
f 303/303/303 299/299/299 302/302/302
f 1999/1999/1999 1989/1989/1989 2003/2003/2003
f 2004/2004/2004 1985/1985/1985 1999/1999/1999
f 2020/2020/2020 2011/2011/2011 2023/2023/2023
f 1267/1267/1267 1249/1249/1249 1243/1243/1243
f 2085/2085/2085 2025/2025/2025 2042/2042/2042
f 1329/1329/1329 1346/1346/1346 1330/1330/1330
f 4509/4509/4509 4511/4511/4511 4512/4512/4512
f 1803/1803/1803 1664/1664/1664 1659/1659/1659
f 1182/1182/1182 1135/1135/1135 1105/1105/1105
f 2269/2269/2269 1803/1803/1803 1771/1771/1771
f 749/749/749 1041/1041/1041 803/803/803
f 1726/1726/1726 1662/1662/1662 1673/1673/1673
f 803/803/803 1041/1041/1041 1060/1060/1060
f 1041/1041/1041 1143/1143/1143 1060/1060/1060
f 1727/1727/1727 1667/1667/1667 1662/1662/1662
f 1667/1667/1667 1675/1675/1675 1652/1652/1652
f 1059/1059/1059 1132/1132/1132 1127/1127/1127
f 1675/1675/1675 1654/1654/1654 1652/1652/1652
f 1082/1082/1082 1058/1058/1058 1057/1057/1057
f 1079/1079/1079 1106/1106/1106 1092/1092/1092
f 1656/1656/1656 1654/1654/1654 1674/1674/1674
f 1693/1693/1693 1656/1656/1656 1674/1674/1674
f 832/832/832 835/835/835 833/833/833
f 446/446/446 487/487/487 722/722/722
f 156/156/156 155/155/155 154/154/154
f 1787/1787/1787 1786/1786/1786 1756/1756/1756
f 456/456/456 709/709/709 383/383/383
f 423/423/423 402/402/402 404/404/404
f 720/720/720 678/678/678 423/423/423
f 678/678/678 720/720/720 493/493/493
f 1999/1999/1999 1985/1985/1985 1989/1989/1989
f 1243/1243/1243 1249/1249/1249 1242/1242/1242
f 2020/2020/2020 2042/2042/2042 2019/2019/2019
f 2025/2025/2025 2019/2019/2019 2042/2042/2042
f 1346/1346/1346 1329/1329/1329 1356/1356/1356
f 1399/1399/1399 1375/1375/1375 1366/1366/1366
f 1803/1803/1803 1659/1659/1659 1771/1771/1771
f 1097/1097/1097 1009/1009/1009 1135/1135/1135
f 1009/1009/1009 1097/1097/1097 753/753/753
f 1660/1660/1660 1650/1650/1650 1659/1659/1659
f 750/750/750 753/753/753 1024/1024/1024
f 1661/1661/1661 1647/1647/1647 1650/1650/1650
f 1041/1041/1041 750/750/750 1024/1024/1024
f 1041/1041/1041 749/749/749 750/750/750
f 1647/1647/1647 1661/1661/1661 1673/1673/1673
f 1647/1647/1647 1673/1673/1673 1662/1662/1662
f 1667/1667/1667 1649/1649/1649 1662/1662/1662
f 1155/1155/1155 1143/1143/1143 1041/1041/1041
f 1179/1179/1179 1143/1143/1143 1155/1155/1155
f 1667/1667/1667 1652/1652/1652 1649/1649/1649
f 1132/1132/1132 1143/1143/1143 1179/1179/1179
f 1654/1654/1654 1653/1653/1653 1652/1652/1652
f 1655/1655/1655 1653/1653/1653 1654/1654/1654
f 1127/1127/1127 1082/1082/1082 1059/1059/1059
f 1082/1082/1082 1102/1102/1102 1058/1058/1058
f 1058/1058/1058 1106/1106/1106 1079/1079/1079
f 1061/1061/1061 1092/1092/1092 1064/1064/1064
f 835/835/835 1061/1061/1061 1064/1064/1064
f 1656/1656/1656 1693/1693/1693 1695/1695/1695
f 677/677/677 832/832/832 833/833/833
f 456/456/456 383/383/383 377/377/377
f 1808/1808/1808 1758/1758/1758 1809/1809/1809
f 313/313/313 302/302/302 430/430/430
f 313/313/313 303/303/303 302/302/302
f 299/299/299 303/303/303 304/304/304
f 298/298/298 299/299/299 304/304/304
f 2011/2011/2011 2000/2000/2000 2004/2004/2004
f 2020/2020/2020 2001/2001/2001 2011/2011/2011
f 1243/1243/1243 1266/1266/1266 1267/1267/1267
f 1375/1375/1375 1346/1346/1346 1356/1356/1356
f 1399/1399/1399 1393/1393/1393 1421/1421/1421
f 2106/2106/2106 2092/2092/2092 2085/2085/2085
f 4747/4747/4747 4758/4758/4758 4750/4750/4750
f 4660/4660/4660 4514/4514/4514 4510/4510/4510
f 4511/4511/4511 4510/4510/4510 4514/4514/4514
f 1770/1770/1770 2269/2269/2269 1771/1771/1771
f 1771/1771/1771 1659/1659/1659 1770/1770/1770
f 2269/2269/2269 1770/1770/1770 2274/2274/2274
f 1650/1650/1650 1646/1646/1646 1659/1659/1659
f 753/753/753 1097/1097/1097 1024/1024/1024
f 1650/1650/1650 1647/1647/1647 1646/1646/1646
f 1649/1649/1649 1647/1647/1647 1662/1662/1662
f 1041/1041/1041 1196/1196/1196 1155/1155/1155
f 1645/1645/1645 1649/1649/1649 1651/1651/1651
f 1179/1179/1179 1155/1155/1155 1196/1196/1196
f 1652/1652/1652 1651/1651/1651 1649/1649/1649
f 1653/1653/1653 1779/1779/1779 1651/1651/1651
f 1653/1653/1653 1651/1651/1651 1652/1652/1652
f 2271/2271/2271 2277/2277/2277 1848/1848/1848
f 1132/1132/1132 1179/1179/1179 1127/1127/1127
f 1820/1820/1820 1848/1848/1848 1779/1779/1779
f 2271/2271/2271 1848/1848/1848 1820/1820/1820
f 1655/1655/1655 1779/1779/1779 1653/1653/1653
f 1655/1655/1655 1820/1820/1820 1779/1779/1779
f 1058/1058/1058 1102/1102/1102 1106/1106/1106
f 1656/1656/1656 1655/1655/1655 1654/1654/1654
f 1139/1139/1139 1092/1092/1092 1106/1106/1106
f 1773/1773/1773 1718/1718/1718 1695/1695/1695
f 388/388/388 389/389/389 354/354/354
f 388/388/388 161/161/161 389/389/389
f 1757/1757/1757 1756/1756/1756 1786/1786/1786
f 709/709/709 456/456/456 723/723/723
f 1960/1960/1960 1987/1987/1987 1942/1942/1942
f 1942/1942/1942 1987/1987/1987 1989/1989/1989
f 2004/2004/2004 2000/2000/2000 1985/1985/1985
f 319/319/319 311/311/311 312/312/312
f 321/321/321 311/311/311 319/319/319
f 2011/2011/2011 2001/2001/2001 2000/2000/2000
f 1240/1240/1240 1242/1242/1242 1252/1252/1252
f 1263/1263/1263 1330/1330/1330 1266/1266/1266
f 1263/1263/1263 1329/1329/1329 1330/1330/1330
f 1375/1375/1375 1356/1356/1356 1366/1366/1366
f 1366/1366/1366 1393/1393/1393 1399/1399/1399
f 4794/4794/4794 4747/4747/4747 4808/4808/4808
f 4510/4510/4510 4648/4648/4648 4660/4660/4660
f 4511/4511/4511 4509/4509/4509 4510/4510/4510
f 1646/1646/1646 1770/1770/1770 1659/1659/1659
f 1163/1163/1163 1024/1024/1024 1097/1097/1097
f 1645/1645/1645 1646/1646/1646 1647/1647/1647
f 1649/1649/1649 1645/1645/1645 1647/1647/1647
f 1196/1196/1196 1041/1041/1041 1164/1164/1164
f 1651/1651/1651 1780/1780/1780 1645/1645/1645
f 1849/1849/1849 2254/2254/2254 1780/1780/1780
f 2277/2277/2277 2254/2254/2254 1849/1849/1849
f 1779/1779/1779 1780/1780/1780 1651/1651/1651
f 2277/2277/2277 1849/1849/1849 1848/1848/1848
f 1849/1849/1849 1780/1780/1780 1779/1779/1779
f 1848/1848/1848 1849/1849/1849 1779/1779/1779
f 1820/1820/1820 2263/2263/2263 2271/2271/2271
f 1127/1127/1127 1167/1167/1167 1082/1082/1082
f 1821/1821/1821 2263/2263/2263 1820/1820/1820
f 1657/1657/1657 1820/1820/1820 1655/1655/1655
f 1821/1821/1821 1820/1820/1820 1657/1657/1657
f 1167/1167/1167 1102/1102/1102 1082/1082/1082
f 1656/1656/1656 1657/1657/1657 1655/1655/1655
f 1139/1139/1139 1106/1106/1106 1102/1102/1102
f 835/835/835 1064/1064/1064 833/833/833
f 1695/1695/1695 1696/1696/1696 1656/1656/1656
f 1756/1756/1756 1718/1718/1718 1773/1773/1773
f 346/346/346 354/354/354 155/155/155
f 456/456/456 377/377/377 378/378/378
f 720/720/720 423/423/423 663/663/663
f 1809/1809/1809 1962/1962/1962 1808/1808/1808
f 2026/2026/2026 1962/1962/1962 1809/1809/1809
f 493/493/493 720/720/720 664/664/664
f 466/466/466 430/430/430 467/467/467
f 328/328/328 319/319/319 312/312/312
f 321/321/321 319/319/319 385/385/385
f 385/385/385 1252/1252/1252 321/321/321
f 1240/1240/1240 1238/1238/1238 1242/1242/1242
f 2019/2019/2019 2002/2002/2002 2020/2020/2020
f 1323/1323/1323 1329/1329/1329 1263/1263/1263
f 1323/1323/1323 1356/1356/1356 1329/1329/1329
f 2085/2085/2085 2092/2092/2092 2025/2025/2025
f 4794/4794/4794 4758/4758/4758 4747/4747/4747
f 4750/4750/4750 4752/4752/4752 4751/4751/4751
f 2276/2276/2276 2274/2274/2274 1770/1770/1770
f 1658/1658/1658 1770/1770/1770 1646/1646/1646
f 1646/1646/1646 1648/1648/1648 1658/1658/1658
f 1648/1648/1648 1646/1646/1646 1645/1645/1645
f 1833/1833/1833 2276/2276/2276 1770/1770/1770
f 1833/1833/1833 1770/1770/1770 1658/1658/1658
f 1164/1164/1164 1041/1041/1041 1163/1163/1163
f 1163/1163/1163 1041/1041/1041 1024/1024/1024
f 1164/1164/1164 1163/1163/1163 1202/1202/1202
f 1164/1164/1164 1202/1202/1202 1203/1203/1203
f 1800/1800/1800 1648/1648/1648 1645/1645/1645
f 1800/1800/1800 1833/1833/1833 1648/1648/1648
f 1834/1834/1834 1833/1833/1833 1800/1800/1800
f 1164/1164/1164 1203/1203/1203 1196/1196/1196
f 1780/1780/1780 1800/1800/1800 1645/1645/1645
f 2254/2254/2254 1834/1834/1834 1800/1800/1800
f 1780/1780/1780 2254/2254/2254 1800/1800/1800
f 1821/1821/1821 1839/1839/1839 2263/2263/2263
f 1839/1839/1839 1821/1821/1821 1766/1766/1766
f 1657/1657/1657 1766/1766/1766 1821/1821/1821
f 1102/1102/1102 1167/1167/1167 1198/1198/1198
f 1139/1139/1139 1131/1131/1131 1092/1092/1092
f 1064/1064/1064 1092/1092/1092 1131/1131/1131
f 346/346/346 155/155/155 156/156/156
f 161/161/161 378/378/378 377/377/377
f 1758/1758/1758 1719/1719/1719 1757/1757/1757
f 1758/1758/1758 1759/1759/1759 1719/1719/1719
f 1808/1808/1808 1759/1759/1759 1758/1758/1758
f 720/720/720 663/663/663 664/664/664
f 1960/1960/1960 1961/1961/1961 2026/2026/2026
f 493/493/493 466/466/466 467/467/467
f 1985/1985/1985 1942/1942/1942 1989/1989/1989
f 1985/1985/1985 1943/1943/1943 1942/1942/1942
f 304/304/304 316/316/316 298/298/298
f 2001/2001/2001 1983/1983/1983 2000/2000/2000
f 2001/2001/2001 2002/2002/2002 1983/1983/1983
f 2020/2020/2020 2002/2002/2002 2001/2001/2001
f 1242/1242/1242 1238/1238/1238 1243/1243/1243
f 2092/2092/2092 2017/2017/2017 2025/2025/2025
f 1403/1403/1403 1421/1421/1421 1393/1393/1393
f 4508/4508/4508 4510/4510/4510 4509/4509/4509
f 4509/4509/4509 4506/4506/4506 4508/4508/4508
f 1833/1833/1833 1658/1658/1658 1648/1648/1648
f 1187/1187/1187 1102/1102/1102 1198/1198/1198
f 1139/1139/1139 1102/1102/1102 1187/1187/1187
f 1725/1725/1725 1657/1657/1657 1656/1656/1656
f 1656/1656/1656 1696/1696/1696 1725/1725/1725
f 1718/1718/1718 1697/1697/1697 1695/1695/1695
f 154/154/154 157/157/157 156/156/156
f 161/161/161 388/388/388 378/378/378
f 422/422/422 663/663/663 423/423/423
f 423/423/423 404/404/404 422/422/422
f 1961/1961/1961 1962/1962/1962 2026/2026/2026
f 1960/1960/1960 1920/1920/1920 1961/1961/1961
f 1920/1920/1920 1960/1960/1960 1942/1942/1942
f 303/303/303 313/313/313 315/315/315
f 385/385/385 1240/1240/1240 1252/1252/1252
f 2002/2002/2002 2019/2019/2019 2005/2005/2005
f 2019/2019/2019 2025/2025/2025 2017/2017/2017
f 4758/4758/4758 4752/4752/4752 4750/4750/4750
f 1766/1766/1766 1818/1818/1818 1839/1839/1839
f 1725/1725/1725 1766/1766/1766 1657/1657/1657
f 677/677/677 833/833/833 780/780/780
f 1696/1696/1696 1695/1695/1695 1697/1697/1697
f 157/157/157 154/154/154 446/446/446
f 424/424/424 354/354/354 346/346/346
f 481/481/481 456/456/456 378/378/378
f 1757/1757/1757 1714/1714/1714 1756/1756/1756
f 1757/1757/1757 1719/1719/1719 1714/1714/1714
f 406/406/406 404/404/404 405/405/405
f 1719/1719/1719 1759/1759/1759 1751/1751/1751
f 1971/1971/1971 1985/1985/1985 2000/2000/2000
f 1983/1983/1983 1971/1971/1971 2000/2000/2000
f 1266/1266/1266 1243/1243/1243 1237/1237/1237
f 1266/1266/1266 1237/1237/1237 1263/1263/1263
f 2019/2019/2019 2017/2017/2017 2006/2006/2006
f 1356/1356/1356 1323/1323/1323 1366/1366/1366
f 2092/2092/2092 2059/2059/2059 2017/2017/2017
f 4510/4510/4510 4644/4644/4644 4648/4648/4648
f 1766/1766/1766 1743/1743/1743 1818/1818/1818
f 1176/1176/1176 1131/1131/1131 1139/1139/1139
f 1743/1743/1743 1766/1766/1766 1725/1725/1725
f 833/833/833 1064/1064/1064 1047/1047/1047
f 780/780/780 722/722/722 677/677/677
f 515/515/515 157/157/157 446/446/446
f 156/156/156 157/157/157 348/348/348
f 1697/1697/1697 1718/1718/1718 1700/1700/1700
f 723/723/723 456/456/456 731/731/731
f 1717/1717/1717 1716/1716/1716 1714/1714/1714
f 1719/1719/1719 1717/1717/1717 1714/1714/1714
f 406/406/406 405/405/405 723/723/723
f 407/407/407 404/404/404 406/406/406
f 1808/1808/1808 1751/1751/1751 1759/1759/1759
f 404/404/404 407/407/407 422/422/422
f 1823/1823/1823 1808/1808/1808 1962/1962/1962
f 664/664/664 663/663/663 422/422/422
f 430/430/430 315/315/315 313/313/313
f 304/304/304 303/303/303 305/305/305
f 385/385/385 1239/1239/1239 1240/1240/1240
f 1238/1238/1238 1240/1240/1240 1239/1239/1239
f 2002/2002/2002 2005/2005/2005 1984/1984/1984
f 2019/2019/2019 2006/2006/2006 2005/2005/2005
f 1323/1323/1323 1263/1263/1263 1256/1256/1256
f 2189/2189/2189 2059/2059/2059 2092/2092/2092
f 4506/4506/4506 4507/4507/4507 4508/4508/4508
f 1839/1839/1839 1818/1818/1818 2249/2249/2249
f 1187/1187/1187 1176/1176/1176 1139/1139/1139
f 1116/1116/1116 1064/1064/1064 1131/1131/1131
f 1116/1116/1116 1047/1047/1047 1064/1064/1064
f 1696/1696/1696 1698/1698/1698 1725/1725/1725
f 833/833/833 1047/1047/1047 780/780/780
f 1756/1756/1756 1700/1700/1700 1718/1718/1718
f 349/349/349 424/424/424 346/346/346
f 424/424/424 388/388/388 354/354/354
f 764/764/764 723/723/723 731/731/731
f 1942/1942/1942 1941/1941/1941 1920/1920/1920
f 1943/1943/1943 1941/1941/1941 1942/1942/1942
f 1941/1941/1941 1943/1943/1943 1985/1985/1985
f 1941/1941/1941 1985/1985/1985 1971/1971/1971
f 1983/1983/1983 2002/2002/2002 1984/1984/1984
f 1256/1256/1256 1263/1263/1263 1237/1237/1237
f 1366/1366/1366 1361/1361/1361 1393/1393/1393
f 1361/1361/1361 1403/1403/1403 1393/1393/1393
f 1403/1403/1403 1458/1458/1458 1421/1421/1421
f 1698/1698/1698 1743/1743/1743 1725/1725/1725
f 515/515/515 722/722/722 780/780/780
f 722/722/722 515/515/515 446/446/446
f 1696/1696/1696 1697/1697/1697 1698/1698/1698
f 348/348/348 346/346/346 156/156/156
f 1756/1756/1756 1714/1714/1714 1700/1700/1700
f 1716/1716/1716 1701/1701/1701 1714/1714/1714
f 731/731/731 456/456/456 481/481/481
f 1719/1719/1719 1751/1751/1751 1717/1717/1717
f 1823/1823/1823 1751/1751/1751 1808/1808/1808
f 305/305/305 303/303/303 315/315/315
f 1983/1983/1983 1970/1970/1970 1971/1971/1971
f 328/328/328 385/385/385 319/319/319
f 1983/1983/1983 1981/1981/1981 1970/1970/1970
f 1260/1260/1260 1239/1239/1239 385/385/385
f 1258/1258/1258 1323/1323/1323 1256/1256/1256
f 4794/4794/4794 4752/4752/4752 4758/4758/4758
f 1743/1743/1743 1742/1742/1742 1818/1818/1818
f 1115/1115/1115 1047/1047/1047 1116/1116/1116
f 1697/1697/1697 1699/1699/1699 1698/1698/1698
f 1697/1697/1697 1700/1700/1700 1699/1699/1699
f 1714/1714/1714 1701/1701/1701 1700/1700/1700
f 1716/1716/1716 1705/1705/1705 1701/1701/1701
f 724/724/724 723/723/723 764/764/764
f 1717/1717/1717 1705/1705/1705 1716/1716/1716
f 1705/1705/1705 1717/1717/1717 1751/1751/1751
f 1823/1823/1823 1750/1750/1750 1751/1751/1751
f 1961/1961/1961 1853/1853/1853 1962/1962/1962
f 494/494/494 493/493/493 664/664/664
f 466/466/466 493/493/493 494/494/494
f 1971/1971/1971 1970/1970/1970 1941/1941/1941
f 1983/1983/1983 1984/1984/1984 1981/1981/1981
f 1238/1238/1238 1237/1237/1237 1243/1243/1243
f 2017/2017/2017 2059/2059/2059 2014/2014/2014
f 1434/1434/1434 1458/1458/1458 1403/1403/1403
f 4508/4508/4508 4548/4548/4548 4510/4510/4510
f 4644/4644/4644 4510/4510/4510 4548/4548/4548
f 1131/1131/1131 1171/1171/1171 1116/1116/1116
f 1176/1176/1176 1171/1171/1171 1131/1131/1131
f 1201/1201/1201 1176/1176/1176 1187/1187/1187
f 1829/1829/1829 2258/2258/2258 2249/2249/2249
f 1819/1819/1819 2249/2249/2249 1818/1818/1818
f 1818/1818/1818 1742/1742/1742 1819/1819/1819
f 769/769/769 515/515/515 780/780/780
f 1701/1701/1701 1699/1699/1699 1700/1700/1700
f 346/346/346 348/348/348 349/349/349
f 723/723/723 724/724/724 406/406/406
f 1823/1823/1823 1962/1962/1962 1853/1853/1853
f 1907/1907/1907 1961/1961/1961 1920/1920/1920
f 1941/1941/1941 1906/1906/1906 1920/1920/1920
f 335/335/335 305/305/305 315/315/315
f 316/316/316 328/328/328 312/312/312
f 1261/1261/1261 385/385/385 328/328/328
f 1261/1261/1261 1260/1260/1260 385/385/385
f 1981/1981/1981 1984/1984/1984 1982/1982/1982
f 1997/1997/1997 1984/1984/1984 2005/2005/2005
f 2005/2005/2005 2006/2006/2006 1997/1997/1997
f 1247/1247/1247 1256/1256/1256 1237/1237/1237
f 1247/1247/1247 1258/1258/1258 1256/1256/1256
f 2017/2017/2017 1996/1996/1996 2006/2006/2006
f 2017/2017/2017 2014/2014/2014 1996/1996/1996
f 1272/1272/1272 1323/1323/1323 1258/1258/1258
f 1366/1366/1366 1323/1323/1323 1272/1272/1272
f 1271/1271/1271 1361/1361/1361 1366/1366/1366
f 4645/4645/4645 4644/4644/4644 4548/4548/4548
f 1829/1829/1829 2249/2249/2249 1819/1819/1819
f 1698/1698/1698 1742/1742/1742 1743/1743/1743
f 465/465/465 424/424/424 349/349/349
f 465/465/465 388/388/388 424/424/424
f 1705/1705/1705 1704/1704/1704 1701/1701/1701
f 1711/1711/1711 1704/1704/1704 1705/1705/1705
f 1750/1750/1750 1705/1705/1705 1751/1751/1751
f 1853/1853/1853 1750/1750/1750 1823/1823/1823
f 422/422/422 407/407/407 664/664/664
f 1853/1853/1853 1961/1961/1961 1907/1907/1907
f 1920/1920/1920 1906/1906/1906 1907/1907/1907
f 335/335/335 430/430/430 466/466/466
f 315/315/315 430/430/430 335/335/335
f 1970/1970/1970 1981/1981/1981 1963/1963/1963
f 4507/4507/4507 4548/4548/4548 4508/4508/4508
f 1171/1171/1171 1115/1115/1115 1116/1116/1116
f 1047/1047/1047 769/769/769 780/780/780
f 157/157/157 515/515/515 348/348/348
f 1699/1699/1699 1701/1701/1701 1702/1702/1702
f 1705/1705/1705 1750/1750/1750 1711/1711/1711
f 407/407/407 634/634/634 664/664/664
f 664/664/664 719/719/719 494/494/494
f 304/304/304 305/305/305 306/306/306
f 1239/1239/1239 1260/1260/1260 1261/1261/1261
f 1236/1236/1236 1238/1238/1238 1239/1239/1239
f 1997/1997/1997 1982/1982/1982 1984/1984/1984
f 1236/1236/1236 1237/1237/1237 1238/1238/1238
f 1996/1996/1996 1997/1997/1997 2006/2006/2006
f 1366/1366/1366 1272/1272/1272 1271/1271/1271
f 2059/2059/2059 2091/2091/2091 2014/2014/2014
f 1434/1434/1434 1403/1403/1403 1402/1402/1402
f 2091/2091/2091 2059/2059/2059 2189/2189/2189
f 4502/4502/4502 4507/4507/4507 4506/4506/4506
f 1201/1201/1201 1171/1171/1171 1176/1176/1176
f 1742/1742/1742 1829/1829/1829 1819/1819/1819
f 1749/1749/1749 1829/1829/1829 1742/1742/1742
f 515/515/515 769/769/769 648/648/648
f 1699/1699/1699 1710/1710/1710 1698/1698/1698
f 1702/1702/1702 1710/1710/1710 1699/1699/1699
f 361/361/361 349/349/349 348/348/348
f 362/362/362 349/349/349 361/361/361
f 1703/1703/1703 1702/1702/1702 1701/1701/1701
f 349/349/349 362/362/362 465/465/465
f 1701/1701/1701 1704/1704/1704 1703/1703/1703
f 388/388/388 481/481/481 378/378/378
f 1711/1711/1711 1708/1708/1708 1704/1704/1704
f 1733/1733/1733 1711/1711/1711 1750/1750/1750
f 1853/1853/1853 1850/1850/1850 1750/1750/1750
f 634/634/634 719/719/719 664/664/664
f 306/306/306 305/305/305 308/308/308
f 306/306/306 317/317/317 304/304/304
f 1941/1941/1941 1927/1927/1927 1906/1906/1906
f 304/304/304 317/317/317 316/316/316
f 1970/1970/1970 1927/1927/1927 1941/1941/1941
f 1982/1982/1982 1964/1964/1964 1981/1981/1981
f 1403/1403/1403 1361/1361/1361 1402/1402/1402
f 4918/4918/4918 4916/4916/4916 4917/4917/4917
f 769/769/769 1047/1047/1047 1048/1048/1048
f 1710/1710/1710 1742/1742/1742 1698/1698/1698
f 361/361/361 348/348/348 515/515/515
f 1703/1703/1703 1704/1704/1704 1706/1706/1706
f 1704/1704/1704 1708/1708/1708 1706/1706/1706
f 414/414/414 407/407/407 406/406/406
f 1853/1853/1853 1907/1907/1907 1856/1856/1856
f 308/308/308 305/305/305 335/335/335
f 1940/1940/1940 1927/1927/1927 1970/1970/1970
f 1970/1970/1970 1963/1963/1963 1940/1940/1940
f 1261/1261/1261 328/328/328 316/316/316
f 1981/1981/1981 1964/1964/1964 1963/1963/1963
f 1236/1236/1236 1239/1239/1239 1241/1241/1241
f 1982/1982/1982 1997/1997/1997 1964/1964/1964
f 1272/1272/1272 1258/1258/1258 1247/1247/1247
f 1402/1402/1402 1361/1361/1361 1353/1353/1353
f 2014/2014/2014 2091/2091/2091 2013/2013/2013
f 4916/4916/4916 4918/4918/4918 4919/4919/4919
f 4916/4916/4916 4913/4913/4913 4917/4917/4917
f 4659/4659/4659 4507/4507/4507 4502/4502/4502
f 1047/1047/1047 1115/1115/1115 1048/1048/1048
f 770/770/770 769/769/769 1048/1048/1048
f 1742/1742/1742 1723/1723/1723 1749/1749/1749
f 1710/1710/1710 1723/1723/1723 1742/1742/1742
f 1702/1702/1702 1709/1709/1709 1710/1710/1710
f 1703/1703/1703 1709/1709/1709 1702/1702/1702
f 732/732/732 731/731/731 481/481/481
f 764/764/764 731/731/731 732/732/732
f 724/724/724 415/415/415 406/406/406
f 1733/1733/1733 1708/1708/1708 1711/1711/1711
f 1807/1807/1807 1733/1733/1733 1750/1750/1750
f 407/407/407 414/414/414 634/634/634
f 1856/1856/1856 1907/1907/1907 1906/1906/1906
f 1997/1997/1997 1988/1988/1988 1964/1964/1964
f 1235/1235/1235 1237/1237/1237 1236/1236/1236
f 1235/1235/1235 1247/1247/1247 1237/1237/1237
f 2014/2014/2014 2013/2013/2013 1996/1996/1996
f 1201/1201/1201 1200/1200/1200 1171/1171/1171
f 1048/1048/1048 1115/1115/1115 1165/1165/1165
f 2258/2258/2258 1829/1829/1829 1825/1825/1825
f 1825/1825/1825 1829/1829/1829 1749/1749/1749
f 648/648/648 769/769/769 770/770/770
f 1710/1710/1710 1709/1709/1709 1723/1723/1723
f 648/648/648 361/361/361 515/515/515
f 465/465/465 482/482/482 388/388/388
f 482/482/482 481/481/481 388/388/388
f 1708/1708/1708 1712/1712/1712 1706/1706/1706
f 1708/1708/1708 1733/1733/1733 1721/1721/1721
f 415/415/415 414/414/414 406/406/406
f 1850/1850/1850 1807/1807/1807 1750/1750/1750
f 336/336/336 335/335/335 466/466/466
f 336/336/336 308/308/308 335/335/335
f 1906/1906/1906 1927/1927/1927 1894/1894/1894
f 1261/1261/1261 1241/1241/1241 1239/1239/1239
f 1997/1997/1997 1996/1996/1996 1988/1988/1988
f 1979/1979/1979 1988/1988/1988 1996/1996/1996
f 1451/1451/1451 1402/1402/1402 1369/1369/1369
f 1451/1451/1451 1434/1434/1434 1402/1402/1402
f 4548/4548/4548 4646/4646/4646 4645/4645/4645
f 4548/4548/4548 4507/4507/4507 4659/4659/4659
f 1165/1165/1165 1115/1115/1115 1171/1171/1171
f 1200/1200/1200 1165/1165/1165 1171/1171/1171
f 2257/2257/2257 2258/2258/2258 1831/1831/1831
f 1723/1723/1723 1748/1748/1748 1749/1749/1749
f 1709/1709/1709 1720/1720/1720 1723/1723/1723
f 364/364/364 362/362/362 361/361/361
f 1709/1709/1709 1703/1703/1703 1707/1707/1707
f 1706/1706/1706 1707/1707/1707 1703/1703/1703
f 482/482/482 732/732/732 481/481/481
f 1708/1708/1708 1721/1721/1721 1712/1712/1712
f 1854/1854/1854 1850/1850/1850 1853/1853/1853
f 1856/1856/1856 1854/1854/1854 1853/1853/1853
f 719/719/719 492/492/492 494/494/494
f 494/494/494 492/492/492 466/466/466
f 1927/1927/1927 1940/1940/1940 1894/1894/1894
f 1945/1945/1945 1940/1940/1940 1963/1963/1963
f 1964/1964/1964 1949/1949/1949 1963/1963/1963
f 1233/1233/1233 1272/1272/1272 1247/1247/1247
f 1996/1996/1996 1995/1995/1995 1979/1979/1979
f 2049/2049/2049 2013/2013/2013 2091/2091/2091
f 4916/4916/4916 4914/4914/4914 4913/4913/4913
f 1831/1831/1831 2258/2258/2258 1825/1825/1825
f 1748/1748/1748 1825/1825/1825 1749/1749/1749
f 1723/1723/1723 1734/1734/1734 1748/1748/1748
f 361/361/361 648/648/648 364/364/364
f 1713/1713/1713 1720/1720/1720 1709/1709/1709
f 724/724/724 764/764/764 732/732/732
f 513/513/513 414/414/414 415/415/415
f 414/414/414 514/514/514 634/634/634
f 719/719/719 717/717/717 492/492/492
f 1906/1906/1906 1857/1857/1857 1856/1856/1856
f 1244/1244/1244 1261/1261/1261 316/316/316
f 1945/1945/1945 1963/1963/1963 1949/1949/1949
f 1959/1959/1959 1949/1949/1949 1964/1964/1964
f 1964/1964/1964 1988/1988/1988 1959/1959/1959
f 1988/1988/1988 1965/1965/1965 1959/1959/1959
f 1979/1979/1979 1965/1965/1965 1988/1988/1988
f 1233/1233/1233 1247/1247/1247 1235/1235/1235
f 1272/1272/1272 1233/1233/1233 1271/1271/1271
f 1271/1271/1271 1335/1335/1335 1361/1361/1361
f 1996/1996/1996 2013/2013/2013 1995/1995/1995
f 1353/1353/1353 1361/1361/1361 1335/1335/1335
f 4659/4659/4659 4647/4647/4647 4548/4548/4548
f 4920/4920/4920 4914/4914/4914 4916/4916/4916
f 1107/1107/1107 770/770/770 1048/1048/1048
f 1107/1107/1107 1048/1048/1048 1165/1165/1165
f 1720/1720/1720 1734/1734/1734 1723/1723/1723
f 1707/1707/1707 1713/1713/1713 1709/1709/1709
f 699/699/699 362/362/362 364/364/364
f 465/465/465 362/362/362 699/699/699
f 1713/1713/1713 1707/1707/1707 1706/1706/1706
f 1713/1713/1713 1706/1706/1706 1712/1712/1712
f 1807/1807/1807 1721/1721/1721 1733/1733/1733
f 514/514/514 414/414/414 513/513/513
f 317/317/317 432/432/432 316/316/316
f 432/432/432 1244/1244/1244 316/316/316
f 2013/2013/2013 1998/1998/1998 1995/1995/1995
f 1439/1439/1439 1451/1451/1451 1369/1369/1369
f 4548/4548/4548 4647/4647/4647 4646/4646/4646
f 4941/4941/4941 4942/4942/4942 4943/4943/4943
f 4504/4504/4504 4659/4659/4659 4502/4502/4502
f 1768/1768/1768 2257/2257/2257 1831/1831/1831
f 1831/1831/1831 1825/1825/1825 1748/1748/1748
f 662/662/662 364/364/364 648/648/648
f 699/699/699 482/482/482 465/465/465
f 1715/1715/1715 1713/1713/1713 1712/1712/1712
f 687/687/687 415/415/415 724/724/724
f 1721/1721/1721 1715/1715/1715 1712/1712/1712
f 1806/1806/1806 1807/1807/1807 1852/1852/1852
f 332/332/332 306/306/306 308/308/308
f 1940/1940/1940 1916/1916/1916 1894/1894/1894
f 1940/1940/1940 1945/1945/1945 1916/1916/1916
f 1244/1244/1244 1241/1241/1241 1261/1261/1261
f 1262/1262/1262 1271/1271/1271 1233/1233/1233
f 1995/1995/1995 1994/1994/1994 1979/1979/1979
f 1994/1994/1994 1995/1995/1995 1998/1998/1998
f 2013/2013/2013 2049/2049/2049 1998/1998/1998
f 1353/1353/1353 1369/1369/1369 1402/1402/1402
f 4502/4502/4502 4497/4497/4497 4504/4504/4504
f 2257/2257/2257 1768/1768/1768 2256/2256/2256
f 1107/1107/1107 1165/1165/1165 1166/1166/1166
f 364/364/364 662/662/662 699/699/699
f 1713/1713/1713 1724/1724/1724 1720/1720/1720
f 1713/1713/1713 1715/1715/1715 1724/1724/1724
f 1732/1732/1732 1715/1715/1715 1721/1721/1721
f 1806/1806/1806 1732/1732/1732 1721/1721/1721
f 1806/1806/1806 1721/1721/1721 1807/1807/1807
f 1850/1850/1850 1852/1852/1852 1807/1807/1807
f 492/492/492 336/336/336 466/466/466
f 1894/1894/1894 1857/1857/1857 1906/1906/1906
f 1244/1244/1244 1236/1236/1236 1241/1241/1241
f 1227/1227/1227 1236/1236/1236 1244/1244/1244
f 1959/1959/1959 1950/1950/1950 1949/1949/1949
f 1227/1227/1227 1235/1235/1235 1236/1236/1236
f 1965/1965/1965 1950/1950/1950 1959/1959/1959
f 1965/1965/1965 1957/1957/1957 1950/1950/1950
f 1979/1979/1979 1957/1957/1957 1965/1965/1965
f 1972/1972/1972 1957/1957/1957 1979/1979/1979
f 1994/1994/1994 1972/1972/1972 1979/1979/1979
f 1262/1262/1262 1335/1335/1335 1271/1271/1271
f 1846/1846/1846 2256/2256/2256 1804/1804/1804
f 1804/1804/1804 2256/2256/2256 1768/1768/1768
f 1768/1768/1768 1831/1831/1831 1748/1748/1748
f 1734/1734/1734 1768/1768/1768 1748/1748/1748
f 1734/1734/1734 1736/1736/1736 1768/1768/1768
f 648/648/648 770/770/770 772/772/772
f 1734/1734/1734 1720/1720/1720 1736/1736/1736
f 778/778/778 482/482/482 699/699/699
f 778/778/778 732/732/732 482/482/482
f 778/778/778 724/724/724 732/732/732
f 687/687/687 724/724/724 778/778/778
f 1715/1715/1715 1732/1732/1732 1737/1737/1737
f 742/742/742 719/719/719 634/634/634
f 717/717/717 409/409/409 492/492/492
f 1916/1916/1916 1890/1890/1890 1894/1894/1894
f 436/436/436 1244/1244/1244 432/432/432
f 1945/1945/1945 1924/1924/1924 1916/1916/1916
f 1949/1949/1949 1924/1924/1924 1945/1945/1945
f 1949/1949/1949 1950/1950/1950 1924/1924/1924
f 1227/1227/1227 1233/1233/1233 1235/1235/1235
f 1262/1262/1262 1233/1233/1233 1234/1234/1234
f 2049/2049/2049 1994/1994/1994 1998/1998/1998
f 2012/2012/2012 1994/1994/1994 2049/2049/2049
f 2192/2192/2192 2012/2012/2012 2049/2049/2049
f 4495/4495/4495 4497/4497/4497 4496/4496/4496
f 772/772/772 770/770/770 1107/1107/1107
f 648/648/648 771/771/771 662/662/662
f 648/648/648 772/772/772 771/771/771
f 1724/1724/1724 1736/1736/1736 1720/1720/1720
f 700/700/700 699/699/699 662/662/662
f 1715/1715/1715 1729/1729/1729 1724/1724/1724
f 1715/1715/1715 1737/1737/1737 1729/1729/1729
f 634/634/634 514/514/514 742/742/742
f 1851/1851/1851 1850/1850/1850 1854/1854/1854
f 742/742/742 717/717/717 719/719/719
f 1855/1855/1855 1851/1851/1851 1854/1854/1854
f 1856/1856/1856 1855/1855/1855 1854/1854/1854
f 1855/1855/1855 1856/1856/1856 1857/1857/1857
f 1890/1890/1890 1858/1858/1858 1857/1857/1857
f 1894/1894/1894 1890/1890/1890 1857/1857/1857
f 333/333/333 308/308/308 336/336/336
f 333/333/333 332/332/332 308/308/308
f 318/318/318 306/306/306 332/332/332
f 318/318/318 317/317/317 306/306/306
f 318/318/318 436/436/436 317/317/317
f 436/436/436 432/432/432 317/317/317
f 1916/1916/1916 1924/1924/1924 1890/1890/1890
f 1245/1245/1245 1244/1244/1244 436/436/436
f 1950/1950/1950 1925/1925/1925 1924/1924/1924
f 1932/1932/1932 1950/1950/1950 1957/1957/1957
f 1972/1972/1972 1994/1994/1994 1977/1977/1977
f 4677/4677/4677 4482/4482/4482 4667/4667/4667
f 4482/4482/4482 4480/4480/4480 4667/4667/4667
f 1768/1768/1768 1746/1746/1746 1804/1804/1804
f 1736/1736/1736 1746/1746/1746 1768/1768/1768
f 1735/1735/1735 1736/1736/1736 1724/1724/1724
f 817/817/817 778/778/778 699/699/699
f 1729/1729/1729 1735/1735/1735 1724/1724/1724
f 1774/1774/1774 1737/1737/1737 1732/1732/1732
f 2083/2083/2083 1806/1806/1806 1852/1852/1852
f 1851/1851/1851 1852/1852/1852 1850/1850/1850
f 1855/1855/1855 1857/1857/1857 1858/1858/1858
f 492/492/492 409/409/409 336/336/336
f 1228/1228/1228 1244/1244/1244 1245/1245/1245
f 1227/1227/1227 1244/1244/1244 1228/1228/1228
f 1972/1972/1972 1956/1956/1956 1957/1957/1957
f 1977/1977/1977 1956/1956/1956 1972/1972/1972
f 1253/1253/1253 1262/1262/1262 1234/1234/1234
f 1335/1335/1335 1262/1262/1262 1353/1353/1353
f 1994/1994/1994 2012/2012/2012 1990/1990/1990
f 2192/2192/2192 2021/2021/2021 2012/2012/2012
f 1368/1368/1368 1439/1439/1439 1369/1369/1369
f 1816/1816/1816 1846/1846/1846 1804/1804/1804
f 817/817/817 699/699/699 700/700/700
f 1737/1737/1737 1738/1738/1738 1729/1729/1729
f 1738/1738/1738 1737/1737/1737 1774/1774/1774
f 1806/1806/1806 1774/1774/1774 1732/1732/1732
f 1851/1851/1851 2083/2083/2083 1852/1852/1852
f 717/717/717 742/742/742 718/718/718
f 1925/1925/1925 1912/1912/1912 1924/1924/1924
f 1950/1950/1950 1932/1932/1932 1925/1925/1925
f 1353/1353/1353 1262/1262/1262 1322/1322/1322
f 1369/1369/1369 1353/1353/1353 1322/1322/1322
f 1374/1374/1374 1439/1439/1439 1368/1368/1368
f 4672/4672/4672 4482/4482/4482 4677/4677/4677
f 4504/4504/4504 4497/4497/4497 4495/4495/4495
f 772/772/772 779/779/779 771/771/771
f 1735/1735/1735 1746/1746/1746 1736/1736/1736
f 662/662/662 771/771/771 700/700/700
f 1729/1729/1729 1739/1739/1739 1735/1735/1735
f 817/817/817 687/687/687 778/778/778
f 1740/1740/1740 1729/1729/1729 1738/1738/1738
f 513/513/513 415/415/415 687/687/687
f 681/681/681 514/514/514 513/513/513
f 2083/2083/2083 2084/2084/2084 1806/1806/1806
f 717/717/717 398/398/398 409/409/409
f 336/336/336 409/409/409 333/333/333
f 1924/1924/1924 1897/1897/1897 1890/1890/1890
f 1924/1924/1924 1912/1912/1912 1897/1897/1897
f 444/444/444 1245/1245/1245 436/436/436
f 1226/1226/1226 1233/1233/1233 1227/1227/1227
f 1234/1234/1234 1233/1233/1233 1226/1226/1226
f 1368/1368/1368 1369/1369/1369 1322/1322/1322
f 1166/1166/1166 1190/1190/1190 1107/1107/1107
f 1107/1107/1107 1138/1138/1138 772/772/772
f 1138/1138/1138 1107/1107/1107 1190/1190/1190
f 1746/1746/1746 1816/1816/1816 1804/1804/1804
f 772/772/772 1138/1138/1138 779/779/779
f 1741/1741/1741 1746/1746/1746 1735/1735/1735
f 1739/1739/1739 1741/1741/1741 1735/1735/1735
f 700/700/700 771/771/771 817/817/817
f 818/818/818 687/687/687 817/817/817
f 687/687/687 818/818/818 688/688/688
f 1729/1729/1729 1740/1740/1740 1739/1739/1739
f 687/687/687 688/688/688 513/513/513
f 688/688/688 681/681/681 513/513/513
f 2084/2084/2084 1774/1774/1774 1806/1806/1806
f 681/681/681 742/742/742 514/514/514
f 1890/1890/1890 1861/1861/1861 1858/1858/1858
f 1890/1890/1890 1897/1897/1897 1861/1861/1861
f 1932/1932/1932 1912/1912/1912 1925/1925/1925
f 1932/1932/1932 1911/1911/1911 1912/1912/1912
f 1951/1951/1951 1932/1932/1932 1957/1957/1957
f 1951/1951/1951 1957/1957/1957 1956/1956/1956
f 1977/1977/1977 1953/1953/1953 1956/1956/1956
f 2037/2037/2037 2021/2021/2021 2192/2192/2192
f 4941/4941/4941 4943/4943/4943 4944/4944/4944
f 1746/1746/1746 1769/1769/1769 1816/1816/1816
f 1130/1130/1130 779/779/779 1138/1138/1138
f 1741/1741/1741 1769/1769/1769 1746/1746/1746
f 779/779/779 1002/1002/1002 771/771/771
f 1752/1752/1752 1741/1741/1741 1739/1739/1739
f 1740/1740/1740 1752/1752/1752 1739/1739/1739
f 1738/1738/1738 1755/1755/1755 1740/1740/1740
f 1738/1738/1738 1774/1774/1774 1805/1805/1805
f 718/718/718 398/398/398 717/717/717
f 1226/1226/1226 1227/1227/1227 1228/1228/1228
f 1953/1953/1953 1951/1951/1951 1956/1956/1956
f 1230/1230/1230 1253/1253/1253 1234/1234/1234
f 1994/1994/1994 1990/1990/1990 1977/1977/1977
f 1253/1253/1253 1322/1322/1322 1262/1262/1262
f 2012/2012/2012 2021/2021/2021 1990/1990/1990
f 4504/4504/4504 4576/4576/4576 4671/4671/4671
f 4664/4664/4664 4482/4482/4482 4672/4672/4672
f 4495/4495/4495 4576/4576/4576 4504/4504/4504
f 4480/4480/4480 4482/4482/4482 4478/4478/4478
f 4493/4493/4493 4495/4495/4495 4496/4496/4496
f 4493/4493/4493 4494/4494/4494 4495/4495/4495
f 1822/1822/1822 1842/1842/1842 1816/1816/1816
f 1130/1130/1130 1002/1002/1002 779/779/779
f 1002/1002/1002 817/817/817 771/771/771
f 1752/1752/1752 1769/1769/1769 1741/1741/1741
f 817/817/817 1002/1002/1002 1003/1003/1003
f 1003/1003/1003 818/818/818 817/817/817
f 1802/1802/1802 1801/1801/1801 1752/1752/1752
f 1740/1740/1740 1802/1802/1802 1752/1752/1752
f 818/818/818 1152/1152/1152 1096/1096/1096
f 688/688/688 818/818/818 1096/1096/1096
f 1810/1810/1810 1740/1740/1740 1755/1755/1755
f 1805/1805/1805 1755/1755/1755 1738/1738/1738
f 2107/2107/2107 1805/1805/1805 1774/1774/1774
f 1774/1774/1774 2084/2084/2084 2107/2107/2107
f 681/681/681 794/794/794 742/742/742
f 794/794/794 718/718/718 742/742/742
f 1851/1851/1851 2084/2084/2084 2083/2083/2083
f 1855/1855/1855 1858/1858/1858 1859/1859/1859
f 1859/1859/1859 1858/1858/1858 1861/1861/1861
f 333/333/333 409/409/409 398/398/398
f 436/436/436 318/318/318 332/332/332
f 443/443/443 1245/1245/1245 444/444/444
f 1231/1231/1231 1245/1245/1245 443/443/443
f 1977/1977/1977 1990/1990/1990 1953/1953/1953
f 1254/1254/1254 1322/1322/1322 1253/1253/1253
f 2021/2021/2021 2037/2037/2037 1990/1990/1990
f 4565/4565/4565 4576/4576/4576 4495/4495/4495
f 4565/4565/4565 4495/4495/4495 4494/4494/4494
f 1842/1842/1842 1822/1822/1822 1843/1843/1843
f 1816/1816/1816 1769/1769/1769 1822/1822/1822
f 1801/1801/1801 1822/1822/1822 1769/1769/1769
f 1002/1002/1002 1170/1170/1170 1003/1003/1003
f 1844/1844/1844 1822/1822/1822 1845/1845/1845
f 1845/1845/1845 1822/1822/1822 1801/1801/1801
f 1801/1801/1801 1769/1769/1769 1752/1752/1752
f 1152/1152/1152 1003/1003/1003 1170/1170/1170
f 1152/1152/1152 818/818/818 1003/1003/1003
f 1802/1802/1802 1845/1845/1845 1801/1801/1801
f 1802/1802/1802 2255/2255/2255 1845/1845/1845
f 2255/2255/2255 1802/1802/1802 1826/1826/1826
f 1826/1826/1826 1802/1802/1802 1810/1810/1810
f 1810/1810/1810 1802/1802/1802 1740/1740/1740
f 1093/1093/1093 688/688/688 1096/1096/1096
f 1862/1862/1862 1859/1859/1859 1861/1861/1861
f 334/334/334 332/332/332 333/333/333
f 443/443/443 444/444/444 436/436/436
f 1897/1897/1897 1862/1862/1862 1861/1861/1861
f 1912/1912/1912 1862/1862/1862 1897/1897/1897
f 1912/1912/1912 1911/1911/1911 1862/1862/1862
f 1231/1231/1231 1228/1228/1228 1245/1245/1245
f 1932/1932/1932 1931/1931/1931 1911/1911/1911
f 1932/1932/1932 1951/1951/1951 1931/1931/1931
f 1230/1230/1230 1234/1234/1234 1226/1226/1226
f 1254/1254/1254 1273/1273/1273 1322/1322/1322
f 4482/4482/4482 4664/4664/4664 4478/4478/4478
f 1130/1130/1130 1170/1170/1170 1002/1002/1002
f 1844/1844/1844 1843/1843/1843 1822/1822/1822
f 1096/1096/1096 1150/1150/1150 1093/1093/1093
f 1832/1832/1832 1826/1826/1826 1810/1810/1810
f 1832/1832/1832 1810/1810/1810 1755/1755/1755
f 681/681/681 688/688/688 1093/1093/1093
f 1915/1915/1915 2084/2084/2084 1851/1851/1851
f 1915/1915/1915 1851/1851/1851 1860/1860/1860
f 1860/1860/1860 1851/1851/1851 1855/1855/1855
f 443/443/443 436/436/436 332/332/332
f 1862/1862/1862 1863/1863/1863 1859/1859/1859
f 1225/1225/1225 1228/1228/1228 1231/1231/1231
f 1911/1911/1911 1931/1931/1931 1913/1913/1913
f 1226/1226/1226 1228/1228/1228 1225/1225/1225
f 1930/1930/1930 1931/1931/1931 1951/1951/1951
f 1953/1953/1953 1952/1952/1952 1951/1951/1951
f 1990/1990/1990 1952/1952/1952 1953/1953/1953
f 1273/1273/1273 1368/1368/1368 1322/1322/1322
f 4478/4478/4478 4664/4664/4664 4481/4481/4481
f 4493/4493/4493 4492/4492/4492 4494/4494/4494
f 718/718/718 516/516/516 398/398/398
f 1859/1859/1859 1860/1860/1860 1855/1855/1855
f 1860/1860/1860 1859/1859/1859 1864/1864/1864
f 1859/1859/1859 1865/1865/1865 1864/1864/1864
f 398/398/398 334/334/334 333/333/333
f 1859/1859/1859 1863/1863/1863 1865/1865/1865
f 1911/1911/1911 1893/1893/1893 1862/1862/1862
f 1913/1913/1913 1893/1893/1893 1911/1911/1911
f 1930/1930/1930 1913/1913/1913 1931/1931/1931
f 1952/1952/1952 1930/1930/1930 1951/1951/1951
f 1990/1990/1990 1986/1986/1986 1952/1952/1952
f 2037/2037/2037 1986/1986/1986 1990/1990/1990
f 2194/2194/2194 2009/2009/2009 2037/2037/2037
f 1094/1094/1094 1093/1093/1093 1150/1150/1150
f 681/681/681 1093/1093/1093 1094/1094/1094
f 1094/1094/1094 1095/1095/1095 681/681/681
f 2243/2243/2243 1832/1832/1832 1755/1755/1755
f 2242/2242/2242 1755/1755/1755 1805/1805/1805
f 2242/2242/2242 2243/2243/2243 1755/1755/1755
f 2242/2242/2242 1805/1805/1805 2107/2107/2107
f 1954/1954/1954 2107/2107/2107 2084/2084/2084
f 1915/1915/1915 1954/1954/1954 2084/2084/2084
f 332/332/332 417/417/417 443/443/443
f 1862/1862/1862 1893/1893/1893 1863/1863/1863
f 1224/1224/1224 1226/1226/1226 1225/1225/1225
f 1230/1230/1230 1226/1226/1226 1224/1224/1224
f 1230/1230/1230 1229/1229/1229 1253/1253/1253
f 2009/2009/2009 1986/1986/1986 2037/2037/2037
f 4565/4565/4565 4566/4566/4566 4576/4576/4576
f 1094/1094/1094 1150/1150/1150 1151/1151/1151
f 2259/2259/2259 1826/1826/1826 1832/1832/1832
f 794/794/794 681/681/681 1095/1095/1095
f 2107/2107/2107 1958/1958/1958 2242/2242/2242
f 1958/1958/1958 2107/2107/2107 1954/1954/1954
f 398/398/398 516/516/516 400/400/400
f 334/334/334 417/417/417 332/332/332
f 1863/1863/1863 1866/1866/1866 1865/1865/1865
f 1232/1232/1232 1231/1231/1231 443/443/443
f 1893/1893/1893 1885/1885/1885 1863/1863/1863
f 1913/1913/1913 1891/1891/1891 1893/1893/1893
f 1254/1254/1254 1253/1253/1253 1248/1248/1248
f 1976/1976/1976 1952/1952/1952 1986/1986/1986
f 2009/2009/2009 1976/1976/1976 1986/1986/1986
f 1374/1374/1374 1368/1368/1368 1273/1273/1273
f 2194/2194/2194 2193/2193/2193 2009/2009/2009
f 4664/4664/4664 4672/4672/4672 4673/4673/4673
f 4674/4674/4674 4664/4664/4664 4673/4673/4673
f 4565/4565/4565 4494/4494/4494 4566/4566/4566
f 4492/4492/4492 4573/4573/4573 4494/4494/4494
f 1954/1954/1954 1915/1915/1915 1871/1871/1871
f 1871/1871/1871 1915/1915/1915 1860/1860/1860
f 1871/1871/1871 1860/1860/1860 1864/1864/1864
f 398/398/398 399/399/399 334/334/334
f 1863/1863/1863 1868/1868/1868 1866/1866/1866
f 443/443/443 417/417/417 1232/1232/1232
f 1885/1885/1885 1868/1868/1868 1863/1863/1863
f 1232/1232/1232 1225/1225/1225 1231/1231/1231
f 1891/1891/1891 1885/1885/1885 1893/1893/1893
f 1930/1930/1930 1891/1891/1891 1913/1913/1913
f 1229/1229/1229 1230/1230/1230 1224/1224/1224
f 1930/1930/1930 1952/1952/1952 1944/1944/1944
f 1248/1248/1248 1253/1253/1253 1229/1229/1229
f 1976/1976/1976 1944/1944/1944 1952/1952/1952
f 1246/1246/1246 1254/1254/1254 1248/1248/1248
f 4573/4573/4573 4566/4566/4566 4494/4494/4494
f 1094/1094/1094 1151/1151/1151 1095/1095/1095
f 1871/1871/1871 1958/1958/1958 1954/1954/1954
f 1864/1864/1864 1866/1866/1866 1867/1867/1867
f 1865/1865/1865 1866/1866/1866 1864/1864/1864
f 1219/1219/1219 1224/1224/1224 1225/1225/1225
f 1221/1221/1221 1229/1229/1229 1224/1224/1224
f 2008/2008/2008 1976/1976/1976 2009/2009/2009
f 1265/1265/1265 1374/1374/1374 1273/1273/1273
f 1354/1354/1354 1374/1374/1374 1265/1265/1265
f 2009/2009/2009 2193/2193/2193 2008/2008/2008
f 1354/1354/1354 1388/1388/1388 1374/1374/1374
f 4487/4487/4487 4668/4668/4668 4650/4650/4650
f 4668/4668/4668 4492/4492/4492 4650/4650/4650
f 1832/1832/1832 2250/2250/2250 2259/2259/2259
f 2250/2250/2250 1832/1832/1832 2243/2243/2243
f 516/516/516 718/718/718 752/752/752
f 1864/1864/1864 1867/1867/1867 1871/1871/1871
f 400/400/400 399/399/399 398/398/398
f 1866/1866/1866 1868/1868/1868 1867/1867/1867
f 417/417/417 334/334/334 399/399/399
f 1257/1257/1257 1232/1232/1232 417/417/417
f 1891/1891/1891 1892/1892/1892 1885/1885/1885
f 1944/1944/1944 1918/1918/1918 1930/1930/1930
f 1976/1976/1976 1929/1929/1929 1944/1944/1944
f 1246/1246/1246 1273/1273/1273 1254/1254/1254
f 4573/4573/4573 4658/4658/4658 4566/4566/4566
f 4664/4664/4664 4809/4809/4809 4481/4481/4481
f 1151/1151/1151 1169/1169/1169 1095/1095/1095
f 794/794/794 752/752/752 718/718/718
f 1871/1871/1871 1872/1872/1872 1958/1958/1958
f 516/516/516 752/752/752 400/400/400
f 1868/1868/1868 1869/1869/1869 1867/1867/1867
f 1868/1868/1868 1877/1877/1877 1869/1869/1869
f 1868/1868/1868 1885/1885/1885 1877/1877/1877
f 1223/1223/1223 1225/1225/1225 1232/1232/1232
f 1218/1218/1218 1224/1224/1224 1219/1219/1219
f 1918/1918/1918 1892/1892/1892 1891/1891/1891
f 1930/1930/1930 1918/1918/1918 1891/1891/1891
f 1993/1993/1993 1929/1929/1929 1976/1976/1976
f 2008/2008/2008 1993/1993/1993 1976/1976/1976
f 2193/2193/2193 2191/2191/2191 2008/2008/2008
f 4668/4668/4668 4573/4573/4573 4492/4492/4492
f 4809/4809/4809 4663/4663/4663 4481/4481/4481
f 1978/1978/1978 2250/2250/2250 2243/2243/2243
f 1978/1978/1978 2243/2243/2243 2242/2242/2242
f 1958/1958/1958 1978/1978/1978 2242/2242/2242
f 1872/1872/1872 1871/1871/1871 1870/1870/1870
f 1867/1867/1867 1870/1870/1870 1871/1871/1871
f 1869/1869/1869 1870/1870/1870 1867/1867/1867
f 463/463/463 417/417/417 399/399/399
f 1877/1877/1877 1885/1885/1885 1879/1879/1879
f 1223/1223/1223 1232/1232/1232 1257/1257/1257
f 1886/1886/1886 1879/1879/1879 1885/1885/1885
f 1216/1216/1216 1225/1225/1225 1223/1223/1223
f 1885/1885/1885 1892/1892/1892 1886/1886/1886
f 1219/1219/1219 1225/1225/1225 1216/1216/1216
f 1221/1221/1221 1224/1224/1224 1218/1218/1218
f 1248/1248/1248 1229/1229/1229 1221/1221/1221
f 1919/1919/1919 1944/1944/1944 1929/1929/1929
f 1265/1265/1265 1273/1273/1273 1246/1246/1246
f 4573/4573/4573 4668/4668/4668 4658/4658/4658
f 2250/2250/2250 2268/2268/2268 2259/2259/2259
f 1978/1978/1978 1958/1958/1958 1872/1872/1872
f 1877/1877/1877 1870/1870/1870 1869/1869/1869
f 1875/1875/1875 1870/1870/1870 1877/1877/1877
f 1879/1879/1879 1875/1875/1875 1877/1877/1877
f 463/463/463 1257/1257/1257 417/417/417
f 1918/1918/1918 1905/1905/1905 1892/1892/1892
f 1892/1892/1892 1905/1905/1905 1886/1886/1886
f 1918/1918/1918 1919/1919/1919 1905/1905/1905
f 1919/1919/1919 1918/1918/1918 1944/1944/1944
f 1095/1095/1095 1084/1084/1084 794/794/794
f 1978/1978/1978 2022/2022/2022 2250/2250/2250
f 1084/1084/1084 752/752/752 794/794/794
f 1873/1873/1873 1978/1978/1978 1872/1872/1872
f 1870/1870/1870 1873/1873/1873 1872/1872/1872
f 1875/1875/1875 1874/1874/1874 1870/1870/1870
f 1888/1888/1888 1875/1875/1875 1879/1879/1879
f 463/463/463 1220/1220/1220 1257/1257/1257
f 1223/1223/1223 1257/1257/1257 1220/1220/1220
f 1886/1886/1886 1888/1888/1888 1879/1879/1879
f 1905/1905/1905 1895/1895/1895 1886/1886/1886
f 1929/1929/1929 1993/1993/1993 1928/1928/1928
f 2191/2191/2191 1993/1993/1993 2008/2008/2008
f 4809/4809/4809 4664/4664/4664 4674/4674/4674
f 1870/1870/1870 1874/1874/1874 1873/1873/1873
f 462/462/462 399/399/399 400/400/400
f 1875/1875/1875 1876/1876/1876 1874/1874/1874
f 1895/1895/1895 1888/1888/1888 1886/1886/1886
f 1220/1220/1220 1216/1216/1216 1223/1223/1223
f 1905/1905/1905 1910/1910/1910 1895/1895/1895
f 1217/1217/1217 1221/1221/1221 1218/1218/1218
f 1905/1905/1905 1919/1919/1919 1910/1910/1910
f 1929/1929/1929 1910/1910/1910 1919/1919/1919
f 1217/1217/1217 1248/1248/1248 1221/1221/1221
f 1246/1246/1246 1248/1248/1248 1217/1217/1217
f 1929/1929/1929 1928/1928/1928 1910/1910/1910
f 1222/1222/1222 1265/1265/1265 1246/1246/1246
f 1265/1265/1265 1222/1222/1222 1209/1209/1209
f 1209/1209/1209 1354/1354/1354 1265/1265/1265
f 2191/2191/2191 2190/2190/2190 1993/1993/1993
f 4668/4668/4668 4810/4810/4810 4658/4658/4658
f 4678/4678/4678 4487/4487/4487 4663/4663/4663
f 1169/1169/1169 1084/1084/1084 1095/1095/1095
f 1887/1887/1887 2022/2022/2022 1978/1978/1978
f 1873/1873/1873 1887/1887/1887 1978/1978/1978
f 1880/1880/1880 1876/1876/1876 1875/1875/1875
f 1888/1888/1888 1880/1880/1880 1875/1875/1875
f 1895/1895/1895 1898/1898/1898 1888/1888/1888
f 1910/1910/1910 1898/1898/1898 1895/1895/1895
f 1909/1909/1909 1898/1898/1898 1910/1910/1910
f 4925/4925/4925 4926/4926/4926 4927/4927/4927
f 4487/4487/4487 4678/4678/4678 4668/4668/4668
f 4799/4799/4799 4663/4663/4663 4809/4809/4809
f 2022/2022/2022 2268/2268/2268 2250/2250/2250
f 1874/1874/1874 1878/1878/1878 1873/1873/1873
f 752/752/752 462/462/462 400/400/400
f 1876/1876/1876 1878/1878/1878 1874/1874/1874
f 463/463/463 399/399/399 462/462/462
f 1880/1880/1880 1878/1878/1878 1876/1876/1876
f 1214/1214/1214 1220/1220/1220 463/463/463
f 1888/1888/1888 1889/1889/1889 1880/1880/1880
f 1910/1910/1910 1922/1922/1922 1909/1909/1909
f 1928/1928/1928 1922/1922/1922 1910/1910/1910
f 1948/1948/1948 1922/1922/1922 1928/1928/1928
f 1222/1222/1222 1246/1246/1246 1217/1217/1217
f 1993/1993/1993 1948/1948/1948 1928/1928/1928
f 1980/1980/1980 1948/1948/1948 1993/1993/1993
f 4678/4678/4678 4810/4810/4810 4668/4668/4668
f 1199/1199/1199 1084/1084/1084 1169/1169/1169
f 2022/2022/2022 2251/2251/2251 2268/2268/2268
f 1084/1084/1084 807/807/807 752/752/752
f 1873/1873/1873 1878/1878/1878 1887/1887/1887
f 752/752/752 751/751/751 462/462/462
f 1881/1881/1881 1878/1878/1878 1880/1880/1880
f 1888/1888/1888 1899/1899/1899 1889/1889/1889
f 1888/1888/1888 1898/1898/1898 1899/1899/1899
f 1219/1219/1219 1216/1216/1216 1213/1213/1213
f 2190/2190/2190 1980/1980/1980 1993/1993/1993
f 2190/2190/2190 2112/2112/2112 1980/1980/1980
f 4663/4663/4663 4798/4798/4798 4678/4678/4678
f 1146/1146/1146 1084/1084/1084 1199/1199/1199
f 2022/2022/2022 1887/1887/1887 1936/1936/1936
f 1887/1887/1887 1883/1883/1883 1936/1936/1936
f 1887/1887/1887 1878/1878/1878 1883/1883/1883
f 752/752/752 807/807/807 751/751/751
f 464/464/464 463/463/463 462/462/462
f 1882/1882/1882 1883/1883/1883 1878/1878/1878
f 1881/1881/1881 1882/1882/1882 1878/1878/1878
f 463/463/463 464/464/464 1214/1214/1214
f 1889/1889/1889 1881/1881/1881 1880/1880/1880
f 1889/1889/1889 1899/1899/1899 1881/1881/1881
f 1214/1214/1214 1216/1216/1216 1220/1220/1220
f 1213/1213/1213 1218/1218/1218 1219/1219/1219
f 1909/1909/1909 1900/1900/1900 1898/1898/1898
f 1921/1921/1921 1900/1900/1900 1909/1909/1909
f 1922/1922/1922 1921/1921/1921 1909/1909/1909
f 1980/1980/1980 1921/1921/1921 1922/1922/1922
f 1208/1208/1208 1222/1222/1222 1217/1217/1217
f 1948/1948/1948 1980/1980/1980 1922/1922/1922
f 1209/1209/1209 1222/1222/1222 1208/1208/1208
f 1354/1354/1354 1209/1209/1209 1207/1207/1207
f 4805/4805/4805 4678/4678/4678 4798/4798/4798
f 4678/4678/4678 4805/4805/4805 4810/4810/4810
f 4809/4809/4809 4800/4800/4800 4799/4799/4799
f 4799/4799/4799 4798/4798/4798 4663/4663/4663
f 1146/1146/1146 807/807/807 1084/1084/1084
f 1936/1936/1936 2251/2251/2251 2022/2022/2022
f 1884/1884/1884 1936/1936/1936 1883/1883/1883
f 751/751/751 735/735/735 462/462/462
f 735/735/735 464/464/464 462/462/462
f 1882/1882/1882 1884/1884/1884 1883/1883/1883
f 1896/1896/1896 1882/1882/1882 1881/1881/1881
f 1899/1899/1899 1896/1896/1896 1881/1881/1881
f 1902/1902/1902 1896/1896/1896 1899/1899/1899
f 1216/1216/1216 1214/1214/1214 1213/1213/1213
f 1213/1213/1213 1217/1217/1217 1218/1218/1218
f 1980/1980/1980 1974/1974/1974 1921/1921/1921
f 1980/1980/1980 2112/2112/2112 1974/1974/1974
f 2018/2018/2018 2112/2112/2112 2096/2096/2096
f 1908/1908/1908 1884/1884/1884 1882/1882/1882
f 1896/1896/1896 1908/1908/1908 1882/1882/1882
f 1007/1007/1007 1214/1214/1214 464/464/464
f 1899/1899/1899 1901/1901/1901 1902/1902/1902
f 1898/1898/1898 1901/1901/1901 1899/1899/1899
f 1211/1211/1211 1217/1217/1217 1213/1213/1213
f 1207/1207/1207 1209/1209/1209 1208/1208/1208
f 1974/1974/1974 2112/2112/2112 2018/2018/2018
f 1459/1459/1459 1388/1388/1388 1354/1354/1354
f 1388/1388/1388 1459/1459/1459 1460/1460/1460
f 4928/4928/4928 4926/4926/4926 4925/4925/4925
f 4800/4800/4800 4798/4798/4798 4799/4799/4799
f 1937/1937/1937 2251/2251/2251 1936/1936/1936
f 1923/1923/1923 1937/1937/1937 1936/1936/1936
f 1936/1936/1936 1884/1884/1884 1923/1923/1923
f 1908/1908/1908 1923/1923/1923 1884/1884/1884
f 1914/1914/1914 1908/1908/1908 1896/1896/1896
f 1902/1902/1902 1914/1914/1914 1896/1896/1896
f 1903/1903/1903 1902/1902/1902 1901/1901/1901
f 1213/1213/1213 1214/1214/1214 1215/1215/1215
f 1900/1900/1900 1903/1903/1903 1901/1901/1901
f 1898/1898/1898 1900/1900/1900 1901/1901/1901
f 1211/1211/1211 1208/1208/1208 1217/1217/1217
f 1974/1974/1974 1955/1955/1955 1921/1921/1921
f 2018/2018/2018 1955/1955/1955 1974/1974/1974
f 1142/1142/1142 807/807/807 1146/1146/1146
f 2252/2252/2252 2253/2253/2253 2251/2251/2251
f 2252/2252/2252 2251/2251/2251 1937/1937/1937
f 751/751/751 807/807/807 1142/1142/1142
f 1908/1908/1908 1937/1937/1937 1923/1923/1923
f 1902/1902/1902 1933/1933/1933 1914/1914/1914
f 1007/1007/1007 1215/1215/1215 1214/1214/1214
f 1903/1903/1903 1933/1933/1933 1902/1902/1902
f 1900/1900/1900 1904/1904/1904 1903/1903/1903
f 1917/1917/1917 1904/1904/1904 1900/1900/1900
f 1921/1921/1921 1917/1917/1917 1900/1900/1900
f 1921/1921/1921 1955/1955/1955 1917/1917/1917
f 1205/1205/1205 1207/1207/1207 1208/1208/1208
f 1459/1459/1459 1354/1354/1354 1207/1207/1207
f 4802/4802/4802 4801/4801/4801 4800/4800/4800
f 4800/4800/4800 4801/4801/4801 4798/4798/4798
f 1939/1939/1939 2252/2252/2252 1937/1937/1937
f 1142/1142/1142 735/735/735 751/751/751
f 1938/1938/1938 1939/1939/1939 1937/1937/1937
f 464/464/464 735/735/735 1006/1006/1006
f 1926/1926/1926 1938/1938/1938 1937/1937/1937
f 1926/1926/1926 1937/1937/1937 1908/1908/1908
f 1935/1935/1935 1938/1938/1938 1926/1926/1926
f 1914/1914/1914 1926/1926/1926 1908/1908/1908
f 1006/1006/1006 1007/1007/1007 464/464/464
f 1934/1934/1934 1926/1926/1926 1914/1914/1914
f 1934/1934/1934 1935/1935/1935 1926/1926/1926
f 1933/1933/1933 1934/1934/1934 1914/1914/1914
f 1946/1946/1946 1934/1934/1934 1933/1933/1933
f 1904/1904/1904 1933/1933/1933 1903/1903/1903
f 1212/1212/1212 1213/1213/1213 1215/1215/1215
f 1212/1212/1212 1211/1211/1211 1213/1213/1213
f 1966/1966/1966 1933/1933/1933 1904/1904/1904
f 1955/1955/1955 1904/1904/1904 1917/1917/1917
f 1955/1955/1955 1966/1966/1966 1904/1904/1904
f 2018/2018/2018 1966/1966/1966 1955/1955/1955
f 1968/1968/1968 1966/1966/1966 2018/2018/2018
f 2096/2096/2096 2095/2095/2095 1968/1968/1968
f 2096/2096/2096 1968/1968/1968 2018/2018/2018
f 4469/4469/4469 4470/4470/4470 4471/4471/4471
f 735/735/735 1142/1142/1142 1103/1103/1103
f 2252/2252/2252 1992/1992/1992 2273/2273/2273
f 1938/1938/1938 1992/1992/1992 1939/1939/1939
f 1935/1935/1935 1992/1992/1992 1938/1938/1938
f 735/735/735 1103/1103/1103 1006/1006/1006
f 1975/1975/1975 1992/1992/1992 1935/1935/1935
f 1007/1007/1007 1006/1006/1006 1215/1215/1215
f 1947/1947/1947 1975/1975/1975 1935/1935/1935
f 1934/1934/1934 1947/1947/1947 1935/1935/1935
f 1947/1947/1947 1934/1934/1934 1946/1946/1946
f 1967/1967/1967 1947/1947/1947 1946/1946/1946
f 1967/1967/1967 1946/1946/1946 1968/1968/1968
f 1211/1211/1211 1212/1212/1212 1210/1210/1210
f 1933/1933/1933 1968/1968/1968 1946/1946/1946
f 1208/1208/1208 1211/1211/1211 1210/1210/1210
f 1973/1973/1973 1947/1947/1947 1967/1967/1967
f 1966/1966/1966 1968/1968/1968 1933/1933/1933
f 1208/1208/1208 1210/1210/1210 1205/1205/1205
f 1205/1205/1205 1206/1206/1206 1207/1207/1207
f 1969/1969/1969 1967/1967/1967 1968/1968/1968
f 1459/1459/1459 1207/1207/1207 1206/1206/1206
f 4804/4804/4804 4803/4803/4803 4802/4802/4802
f 2094/2094/2094 1969/1969/1969 1968/1968/1968
f 2095/2095/2095 2094/2094/2094 1968/1968/1968
f 4802/4802/4802 4803/4803/4803 4801/4801/4801
f 2264/2264/2264 2273/2273/2273 1992/1992/1992
f 1191/1191/1191 1006/1006/1006 1103/1103/1103
f 1975/1975/1975 2264/2264/2264 1992/1992/1992
f 1191/1191/1191 1215/1215/1215 1006/1006/1006
f 1991/1991/1991 2264/2264/2264 1975/1975/1975
f 1947/1947/1947 1991/1991/1991 1975/1975/1975
f 1461/1461/1461 1215/1215/1215 1191/1191/1191
f 2278/2278/2278 2264/2264/2264 1991/1991/1991
f 2261/2261/2261 2278/2278/2278 1991/1991/1991
f 1212/1212/1212 1215/1215/1215 1461/1461/1461
f 2260/2260/2260 2261/2261/2261 1991/1991/1991
f 1973/1973/1973 1991/1991/1991 1947/1947/1947
f 1212/1212/1212 1463/1463/1463 1210/1210/1210
f 1973/1973/1973 2260/2260/2260 1991/1991/1991
f 2244/2244/2244 2260/2260/2260 1973/1973/1973
f 1967/1967/1967 2244/2244/2244 1973/1973/1973
f 1969/1969/1969 2244/2244/2244 1967/1967/1967
f 2094/2094/2094 2270/2270/2270 2244/2244/2244
f 2094/2094/2094 2244/2244/2244 1969/1969/1969
f 1463/1463/1463 1212/1212/1212 1461/1461/1461
f 1463/1463/1463 1461/1461/1461 1464/1464/1464
f 1465/1465/1465 1210/1210/1210 1463/1463/1463
f 1205/1205/1205 1210/1210/1210 1465/1465/1465
f 1465/1465/1465 1206/1206/1206 1205/1205/1205
f 4622/4622/4622 4629/4629/4629 4628/4628/4628
f 4619/4619/4619 4622/4622/4622 4621/4621/4621
f 4629/4629/4629 4632/4632/4632 4631/4631/4631
f 4632/4632/4632 4636/4636/4636 4640/4640/4640
f 4615/4615/4615 4619/4619/4619 4618/4618/4618
f 4636/4636/4636 4637/4637/4637 4642/4642/4642
f 4903/4903/4903 4904/4904/4904 4901/4901/4901
f 4612/4612/4612 4615/4615/4615 4616/4616/4616
f 4609/4609/4609 4612/4612/4612 4613/4613/4613
f 4625/4625/4625 4609/4609/4609 4651/4651/4651
f 4602/4602/4602 4625/4625/4625 4607/4607/4607
f 4787/4787/4787 4684/4684/4684 4786/4786/4786
f 4684/4684/4684 4782/4782/4782 4785/4785/4785
f 4600/4600/4600 4602/4602/4602 4605/4605/4605
f 4782/4782/4782 4689/4689/4689 4696/4696/4696
f 4689/4689/4689 4691/4691/4691 4693/4693/4693
f 4599/4599/4599 4600/4600/4600 4626/4626/4626
f 4691/4691/4691 4797/4797/4797 4695/4695/4695
f 4627/4627/4627 4599/4599/4599 4665/4665/4665
f 4585/4585/4585 4627/4627/4627 4588/4588/4588
f 4797/4797/4797 4771/4771/4771 4777/4777/4777
f 4771/4771/4771 4708/4708/4708 4775/4775/4775
f 4583/4583/4583 4585/4585/4585 4584/4584/4584
f 4708/4708/4708 4709/4709/4709 4710/4710/4710
f 4709/4709/4709 4713/4713/4713 4712/4712/4712
f 4577/4577/4577 4583/4583/4583 4582/4582/4582
f 4713/4713/4713 4780/4780/4780 4718/4718/4718
f 4850/4850/4850 4847/4847/4847 4848/4848/4848
f 4558/4558/4558 4577/4577/4577 4578/4578/4578
f 4726/4726/4726 4728/4728/4728 4779/4779/4779
f 4567/4567/4567 4558/4558/4558 4649/4649/4649
f 4728/4728/4728 4730/4730/4730 4731/4731/4731
f 4730/4730/4730 4735/4735/4735 4734/4734/4734
f 4735/4735/4735 4737/4737/4737 4736/4736/4736
f 4865/4865/4865 4864/4864/4864 4861/4861/4861
f 4533/4533/4533 4538/4538/4538 4536/4536/4536
f 4532/4532/4532 4533/4533/4533 4534/4534/4534
f 4737/4737/4737 4739/4739/4739 4765/4765/4765
f 4539/4539/4539 4532/4532/4532 4537/4537/4537
f 4528/4528/4528 4539/4539/4539 4655/4655/4655
f 4739/4739/4739 4762/4762/4762 4792/4792/4792
f 4762/4762/4762 4743/4743/4743 4749/4749/4749
f 4521/4521/4521 4528/4528/4528 4540/4540/4540
f 4743/4743/4743 4746/4746/4746 4748/4748/4748
f 4513/4513/4513 4521/4521/4521 4520/4520/4520
f 4512/4512/4512 4513/4513/4513 4519/4519/4519
f 4746/4746/4746 4751/4751/4751 4759/4759/4759
f 4509/4509/4509 4512/4512/4512 4516/4516/4516
f 4506/4506/4506 4509/4509/4509 4515/4515/4515
f 4751/4751/4751 4752/4752/4752 4753/4753/4753
f 4752/4752/4752 4757/4757/4757 4756/4756/4756
f 4913/4913/4913 4914/4914/4914 4915/4915/4915
f 4502/4502/4502 4506/4506/4506 4505/4505/4505
f 4667/4667/4667 4480/4480/4480 4474/4474/4474
f 4496/4496/4496 4497/4497/4497 4498/4498/4498
f 4497/4497/4497 4502/4502/4502 4501/4501/4501
f 4480/4480/4480 4478/4478/4478 4476/4476/4476
f 4493/4493/4493 4496/4496/4496 4572/4572/4572
f 4650/4650/4650 4492/4492/4492 4490/4490/4490
f 4492/4492/4492 4493/4493/4493 4491/4491/4491
f 4478/4478/4478 4481/4481/4481 4477/4477/4477
f 4487/4487/4487 4650/4650/4650 4486/4486/4486
f 4481/4481/4481 4663/4663/4663 4483/4483/4483
f 4663/4663/4663 4487/4487/4487 4484/4484/4484
f 4628/4628/4628 4623/4623/4623 4622/4622/4622
f 4621/4621/4621 4620/4620/4620 4619/4619/4619
f 4631/4631/4631 4630/4630/4630 4629/4629/4629
f 4640/4640/4640 4669/4669/4669 4632/4632/4632
f 4618/4618/4618 4617/4617/4617 4615/4615/4615
f 4642/4642/4642 4641/4641/4641 4636/4636/4636
f 4901/4901/4901 4902/4902/4902 4903/4903/4903
f 4616/4616/4616 4643/4643/4643 4612/4612/4612
f 4613/4613/4613 4651/4651/4651 4609/4609/4609
f 4651/4651/4651 4675/4675/4675 4625/4625/4625
f 4607/4607/4607 4605/4605/4605 4602/4602/4602
f 4786/4786/4786 4788/4788/4788 4787/4787/4787
f 4785/4785/4785 4786/4786/4786 4684/4684/4684
f 4605/4605/4605 4606/4606/4606 4600/4600/4600
f 4696/4696/4696 4783/4783/4783 4782/4782/4782
f 4693/4693/4693 4696/4696/4696 4689/4689/4689
f 4626/4626/4626 4656/4656/4656 4599/4599/4599
f 4695/4695/4695 4694/4694/4694 4691/4691/4691
f 4665/4665/4665 4670/4670/4670 4627/4627/4627
f 4588/4588/4588 4584/4584/4584 4585/4585/4585
f 4777/4777/4777 4814/4814/4814 4797/4797/4797
f 4775/4775/4775 4776/4776/4776 4771/4771/4771
f 4584/4584/4584 4582/4582/4582 4583/4583/4583
f 4710/4710/4710 4711/4711/4711 4708/4708/4708
f 4712/4712/4712 4710/4710/4710 4709/4709/4709
f 4582/4582/4582 4581/4581/4581 4577/4577/4577
f 4718/4718/4718 4717/4717/4717 4713/4713/4713
f 4774/4774/4774 4773/4773/4773 4780/4780/4780
f 4578/4578/4578 4649/4649/4649 4558/4558/4558
f 4779/4779/4779 4791/4791/4791 4726/4726/4726
f 4649/4649/4649 4652/4652/4652 4567/4567/4567
f 4731/4731/4731 4732/4732/4732 4728/4728/4728
f 4734/4734/4734 4733/4733/4733 4730/4730/4730
f 4736/4736/4736 4734/4734/4734 4735/4735/4735
f 4575/4575/4575 4536/4536/4536 4538/4538/4538
f 4536/4536/4536 4535/4535/4535 4533/4533/4533
f 4534/4534/4534 4537/4537/4537 4532/4532/4532
f 4765/4765/4765 4807/4807/4807 4737/4737/4737
f 4537/4537/4537 4655/4655/4655 4539/4539/4539
f 4655/4655/4655 4662/4662/4662 4528/4528/4528
f 4792/4792/4792 4813/4813/4813 4739/4739/4739
f 4749/4749/4749 4763/4763/4763 4762/4762/4762
f 4540/4540/4540 4520/4520/4520 4521/4521/4521
f 4748/4748/4748 4749/4749/4749 4743/4743/4743
f 4520/4520/4520 4519/4519/4519 4513/4513/4513
f 4519/4519/4519 4569/4569/4569 4512/4512/4512
f 4907/4907/4907 4906/4906/4906 4909/4909/4909
f 4516/4516/4516 4517/4517/4517 4509/4509/4509
f 4515/4515/4515 4547/4547/4547 4506/4506/4506
f 4753/4753/4753 4761/4761/4761 4751/4751/4751
f 4756/4756/4756 4754/4754/4754 4752/4752/4752
f 4796/4796/4796 4756/4756/4756 4757/4757/4757
f 4505/4505/4505 4503/4503/4503 4502/4502/4502
f 4474/4474/4474 4473/4473/4473 4667/4667/4667
f 4498/4498/4498 4499/4499/4499 4496/4496/4496
f 4501/4501/4501 4498/4498/4498 4497/4497/4497
f 4476/4476/4476 4475/4475/4475 4480/4480/4480
f 4572/4572/4572 4491/4491/4491 4493/4493/4493
f 4490/4490/4490 4489/4489/4489 4650/4650/4650
f 4491/4491/4491 4490/4490/4490 4492/4492/4492
f 4477/4477/4477 4476/4476/4476 4478/4478/4478
f 4486/4486/4486 4485/4485/4485 4487/4487/4487
f 4483/4483/4483 4479/4479/4479 4481/4481/4481
f 4484/4484/4484 4483/4483/4483 4663/4663/4663
f 4629/4629/4629 4630/4630/4630 4628/4628/4628
f 4622/4622/4622 4623/4623/4623 4621/4621/4621
f 4632/4632/4632 4669/4669/4669 4631/4631/4631
f 4636/4636/4636 4641/4641/4641 4640/4640/4640
f 4619/4619/4619 4620/4620/4620 4618/4618/4618
f 4637/4637/4637 4812/4812/4812 4642/4642/4642
f 4615/4615/4615 4617/4617/4617 4616/4616/4616
f 4787/4787/4787 4788/4788/4788 4789/4789/4789
f 4612/4612/4612 4643/4643/4643 4614/4614/4614
f 4612/4612/4612 4614/4614/4614 4613/4613/4613
f 4625/4625/4625 4675/4675/4675 4607/4607/4607
f 4782/4782/4782 4784/4784/4784 4785/4785/4785
f 4600/4600/4600 4606/4606/4606 4610/4610/4610
f 4782/4782/4782 4783/4783/4783 4784/4784/4784
f 4600/4600/4600 4610/4610/4610 4626/4626/4626
f 4599/4599/4599 4656/4656/4656 4665/4665/4665
f 4691/4691/4691 4694/4694/4694 4693/4693/4693
f 4797/4797/4797 4814/4814/4814 4695/4695/4695
f 4627/4627/4627 4670/4670/4670 4588/4588/4588
f 4771/4771/4771 4776/4776/4776 4777/4777/4777
f 4708/4708/4708 4711/4711/4711 4775/4775/4775
f 4713/4713/4713 4716/4716/4716 4712/4712/4712
f 4577/4577/4577 4581/4581/4581 4580/4580/4580
f 4713/4713/4713 4717/4717/4717 4716/4716/4716
f 4577/4577/4577 4580/4580/4580 4579/4579/4579
f 4780/4780/4780 4773/4773/4773 4718/4718/4718
f 4847/4847/4847 4844/4844/4844 4848/4848/4848
f 4577/4577/4577 4579/4579/4579 4578/4578/4578
f 4847/4847/4847 4846/4846/4846 4844/4844/4844
f 4567/4567/4567 4652/4652/4652 4653/4653/4653
f 4728/4728/4728 4732/4732/4732 4779/4779/4779
f 4567/4567/4567 4653/4653/4653 4654/4654/4654
f 4730/4730/4730 4733/4733/4733 4731/4731/4731
f 4864/4864/4864 4860/4860/4860 4861/4861/4861
f 4737/4737/4737 4766/4766/4766 4736/4736/4736
f 4533/4533/4533 4535/4535/4535 4534/4534/4534
f 4737/4737/4737 4807/4807/4807 4766/4766/4766
f 4739/4739/4739 4813/4813/4813 4765/4765/4765
f 4528/4528/4528 4662/4662/4662 4661/4661/4661
f 4528/4528/4528 4661/4661/4661 4540/4540/4540
f 4762/4762/4762 4763/4763/4763 4792/4792/4792
f 4512/4512/4512 4569/4569/4569 4516/4516/4516
f 4746/4746/4746 4760/4760/4760 4748/4748/4748
f 4909/4909/4909 4906/4906/4906 4910/4910/4910
f 4509/4509/4509 4517/4517/4517 4518/4518/4518
f 4751/4751/4751 4761/4761/4761 4759/4759/4759
f 4509/4509/4509 4518/4518/4518 4515/4515/4515
f 4506/4506/4506 4547/4547/4547 4568/4568/4568
f 4752/4752/4752 4754/4754/4754 4753/4753/4753
f 4506/4506/4506 4568/4568/4568 4505/4505/4505
f 4667/4667/4667 4472/4472/4472 4796/4796/4796
f 4502/4502/4502 4503/4503/4503 4501/4501/4501
f 4667/4667/4667 4473/4473/4473 4472/4472/4472
f 4480/4480/4480 4475/4475/4475 4474/4474/4474
f 4496/4496/4496 4499/4499/4499 4500/4500/4500
f 4496/4496/4496 4500/4500/4500 4572/4572/4572
f 4650/4650/4650 4489/4489/4489 4488/4488/4488
f 4650/4650/4650 4488/4488/4488 4486/4486/4486
f 4481/4481/4481 4479/4479/4479 4477/4477/4477
f 4487/4487/4487 4485/4485/4485 4484/4484/4484
f 4669/4669/4669 4640/4640/4640 4641/4641/4641
f 4669/4669/4669 4641/4641/4641 4642/4642/4642
f 4669/4669/4669 4642/4642/4642 4812/4812/4812
f 4818/4818/4818 4902/4902/4902 4901/4901/4901
f 4818/4818/4818 4901/4901/4901 4900/4900/4900
f 4818/4818/4818 4900/4900/4900 4899/4899/4899
f 4818/4818/4818 4899/4899/4899 4898/4898/4898
f 4818/4818/4818 4898/4898/4898 4897/4897/4897
f 4818/4818/4818 4897/4897/4897 4896/4896/4896
f 4818/4818/4818 4896/4896/4896 4895/4895/4895
f 4818/4818/4818 4895/4895/4895 4894/4894/4894
f 4818/4818/4818 4894/4894/4894 4893/4893/4893
f 4818/4818/4818 4893/4893/4893 4892/4892/4892
f 4818/4818/4818 4892/4892/4892 4891/4891/4891
f 4818/4818/4818 4891/4891/4891 4890/4890/4890
f 4818/4818/4818 4890/4890/4890 4833/4833/4833
f 4818/4818/4818 4833/4833/4833 4819/4819/4819
f 4775/4775/4775 4711/4711/4711 4710/4710/4710
f 4775/4775/4775 4710/4710/4710 4712/4712/4712
f 4775/4775/4775 4712/4712/4712 4716/4716/4716
f 4716/4716/4716 4717/4717/4717 4718/4718/4718
f 4716/4716/4716 4718/4718/4718 4773/4773/4773
f 4716/4716/4716 4773/4773/4773 4774/4774/4774
f 4716/4716/4716 4774/4774/4774 4778/4778/4778
f 4844/4844/4844 4846/4846/4846 4845/4845/4845
f 4779/4779/4779 4732/4732/4732 4731/4731/4731
f 4779/4779/4779 4731/4731/4731 4733/4733/4733
f 4779/4779/4779 4733/4733/4733 4734/4734/4734
f 4779/4779/4779 4734/4734/4734 4736/4736/4736
f 4779/4779/4779 4736/4736/4736 4766/4766/4766
f 4779/4779/4779 4766/4766/4766 4807/4807/4807
f 4779/4779/4779 4807/4807/4807 4765/4765/4765
f 4765/4765/4765 4813/4813/4813 4792/4792/4792
f 4765/4765/4765 4792/4792/4792 4763/4763/4763
f 4765/4765/4765 4763/4763/4763 4749/4749/4749
f 4749/4749/4749 4748/4748/4748 4760/4760/4760
f 4911/4911/4911 4910/4910/4910 4906/4906/4906
f 4906/4906/4906 4907/4907/4907 4908/4908/4908
f 4755/4755/4755 4761/4761/4761 4753/4753/4753
f 4755/4755/4755 4753/4753/4753 4754/4754/4754
f 4754/4754/4754 4756/4756/4756 4796/4796/4796
f 4849/4849/4849 4851/4851/4851 4815/4815/4815
f 4472/4472/4472 4473/4473/4473 4474/4474/4474
f 4472/4472/4472 4474/4474/4474 4475/4475/4475
f 4472/4472/4472 4475/4475/4475 4476/4476/4476
f 4472/4472/4472 4476/4476/4476 4477/4477/4477
f 4472/4472/4472 4477/4477/4477 4479/4479/4479
f 4472/4472/4472 4479/4479/4479 4483/4483/4483
f 4472/4472/4472 4483/4483/4483 4484/4484/4484
f 4472/4472/4472 4484/4484/4484 4485/4485/4485
f 4472/4472/4472 4485/4485/4485 4486/4486/4486
f 4472/4472/4472 4486/4486/4486 4488/4488/4488
f 4472/4472/4472 4488/4488/4488 4489/4489/4489
f 4472/4472/4472 4489/4489/4489 4490/4490/4490
f 4472/4472/4472 4490/4490/4490 4491/4491/4491
f 4472/4472/4472 4491/4491/4491 4572/4572/4572
f 4815/4815/4815 4889/4889/4889 4888/4888/4888
f 4815/4815/4815 4888/4888/4888 4887/4887/4887
f 4815/4815/4815 4887/4887/4887 4886/4886/4886
f 4815/4815/4815 4886/4886/4886 4885/4885/4885
f 4815/4815/4815 4885/4885/4885 4884/4884/4884
f 4815/4815/4815 4884/4884/4884 4883/4883/4883
f 4815/4815/4815 4883/4883/4883 4882/4882/4882
f 4815/4815/4815 4882/4882/4882 4881/4881/4881
f 4815/4815/4815 4881/4881/4881 4880/4880/4880
f 4815/4815/4815 4880/4880/4880 4879/4879/4879
f 4815/4815/4815 4879/4879/4879 4878/4878/4878
f 4815/4815/4815 4878/4878/4878 4877/4877/4877
f 4815/4815/4815 4877/4877/4877 4876/4876/4876
f 4815/4815/4815 4876/4876/4876 4875/4875/4875
f 4815/4815/4815 4875/4875/4875 4874/4874/4874
f 4815/4815/4815 4874/4874/4874 4873/4873/4873
f 4815/4815/4815 4873/4873/4873 4872/4872/4872
f 4815/4815/4815 4872/4872/4872 4871/4871/4871
f 4815/4815/4815 4871/4871/4871 4870/4870/4870
f 4815/4815/4815 4870/4870/4870 4867/4867/4867
f 4815/4815/4815 4867/4867/4867 4866/4866/4866
f 4815/4815/4815 4866/4866/4866 4863/4863/4863
f 4815/4815/4815 4863/4863/4863 4862/4862/4862
f 4815/4815/4815 4862/4862/4862 4861/4861/4861
f 4815/4815/4815 4861/4861/4861 4860/4860/4860
f 4815/4815/4815 4860/4860/4860 4859/4859/4859
f 4815/4815/4815 4859/4859/4859 4858/4858/4858
f 4815/4815/4815 4858/4858/4858 4857/4857/4857
f 4815/4815/4815 4857/4857/4857 4856/4856/4856
f 4815/4815/4815 4856/4856/4856 4855/4855/4855
f 4815/4815/4815 4855/4855/4855 4854/4854/4854
f 4815/4815/4815 4854/4854/4854 4853/4853/4853
f 4815/4815/4815 4853/4853/4853 4852/4852/4852
f 4815/4815/4815 4852/4852/4852 4842/4842/4842
f 4815/4815/4815 4842/4842/4842 4841/4841/4841
f 4815/4815/4815 4841/4841/4841 4840/4840/4840
f 4815/4815/4815 4840/4840/4840 4839/4839/4839
f 4815/4815/4815 4839/4839/4839 4838/4838/4838
f 4815/4815/4815 4838/4838/4838 4837/4837/4837
f 4815/4815/4815 4837/4837/4837 4836/4836/4836
f 4815/4815/4815 4836/4836/4836 4835/4835/4835
f 4815/4815/4815 4835/4835/4835 4834/4834/4834
f 4815/4815/4815 4834/4834/4834 4832/4832/4832
f 4815/4815/4815 4832/4832/4832 4831/4831/4831
f 4815/4815/4815 4831/4831/4831 4830/4830/4830
f 4815/4815/4815 4830/4830/4830 4829/4829/4829
f 4815/4815/4815 4829/4829/4829 4828/4828/4828
f 4815/4815/4815 4828/4828/4828 4827/4827/4827
f 4815/4815/4815 4827/4827/4827 4826/4826/4826
f 4815/4815/4815 4826/4826/4826 4825/4825/4825
f 4815/4815/4815 4825/4825/4825 4824/4824/4824
f 4815/4815/4815 4824/4824/4824 4823/4823/4823
f 4815/4815/4815 4823/4823/4823 4822/4822/4822
f 4815/4815/4815 4822/4822/4822 4821/4821/4821
f 4815/4815/4815 4821/4821/4821 4820/4820/4820
f 4815/4815/4815 4820/4820/4820 4816/4816/4816
f 4815/4815/4815 4816/4816/4816 4817/4817/4817
f 4815/4815/4815 4817/4817/4817 4818/4818/4818
f 4815/4815/4815 4818/4818/4818 4819/4819/4819
f 4815/4815/4815 4819/4819/4819 4843/4843/4843
f 4815/4815/4815 4843/4843/4843 4844/4844/4844
f 4815/4815/4815 4844/4844/4844 4845/4845/4845
f 4779/4779/4779 4765/4765/4765 4749/4749/4749
f 4912/4912/4912 4911/4911/4911 4906/4906/4906
f 4779/4779/4779 4755/4755/4755 4754/4754/4754
f 4845/4845/4845 4849/4849/4849 4815/4815/4815
